index,path_length,expanded_nodes_num
0,2035.5251788310356,6481
1,1087.6681810065393,3529
2,1324.2611101191037,5142
3,1980.5424227737383,5823
4,1331.219479558761,4083
5,1508.3271272970867,3638
6,1025.5971131946737,5073
7,1417.5748186180886,5271
8,2068.152595829004,8122
9,1507.1433611130128,5831
10,1393.7169542418196,4244
11,1426.1311678041927,4897
12,1222.5382386916283,3183
13,1546.1261171703102,5548
14,1009.8153672641529,3534
15,2232.19422638933,6562
16,1979.7606768432174,6912
17,2417.1597385039095,6185
18,1517.9251070435337,4655
19,2361.5617587574698,6880
20,1238.8225099390904,4182
21,1557.971788237759,3554
22,916.631601080079,3047
23,867.1757569573631,2164
24,1026.1707063234805,3534
25,1813.5769106591436,6704
26,2332.248050258482,7919
27,1404.9890321804617,5060
28,1041.969696196704,3405
29,2164.3363620130676,8069
30,1688.9911242215167,6361
31,1266.165655689598,4628
32,1916.3292193381415,7794
33,2192.0937213259494,6603
34,2017.116015902545,6133
35,2283.3069247615344,5840
36,1230.8225099390904,4953
37,1616.9545442950564,6369
38,1276.7930726875677,5579
39,2012.3708498984843,7451
40,1856.2043276571133,6729
41,1451.1727983645355,5517
42,1674.9373003523538,4832
43,2252.7922061357763,5977
44,1469.2854967367439,5605
45,1437.6286424872515,6058
46,1525.0134187981016,7259
47,1218.0529573173897,5642
48,1971.8561312727231,5914
49,2458.1891757554286,7613
50,1337.4621202458802,5613
51,1291.6631303726567,5909
52,1509.9839815465791,4940
53,2379.9881656286607,7653
54,2271.8338366961198,7011
55,1096.981889505524,3767
56,2021.027704147977,6859
57,1448.9007204258935,4575
58,2361.1891757554326,6818
59,1862.5474734076208,7129
60,2091.625683894421,7458
61,2282.176982446624,6722
62,2198.4784976367946,7473
63,2031.986073587634,6685
64,2062.8855685242443,6683
65,1910.2165209659333,7859
66,936.5727265770334,4071
67,1746.724096916757,5843
68,2131.5373721398473,7685
69,2281.8632739476393,7934
70,2577.0541828066257,6552
71,1233.7930726875677,5510
72,1187.994082814344,4575
73,1353.0062761231643,6423
74,1678.439825669295,4393
75,1909.961686969994,6783
76,1005.0285706997494,3631
77,1531.557574675386,5112
78,1643.6824663564144,6790
79,1774.4225817265924,4411
80,1144.3250352560317,5588
81,2149.6795077635775,6793
82,1520.9129137347136,6341
83,2375.6622638208555,6414
84,2311.0642840744154,6757
85,1462.8590898655507,4728
86,2108.0815280171337,6988
87,1577.1261171703102,3709
88,1863.518036156098,6411
89,1405.7463914933423,5881
90,1971.0155108391568,6926
91,1932.42972440153,7297
92,1425.231672867581,5754
93,1540.8712831743708,6728
94,1312.8052659963878,6148
95,2322.218613006964,7097
96,2009.2287142747534,6530
97,2287.0764773832357,6302
98,1604.0966799187875,7290
99,2580.024745555102,8045
100,654.0538238691628,7680
101,483.5979797464469,3157
102,859.0832611206855,5601
103,1156.296464556282,7780
104,737.2253967444167,6956
105,627.5979797464469,4475
106,566.2842712474621,2183
107,590.2842712474621,5464
108,733.4558441227159,3996
109,714.9827560572974,7190
110,785.8406204335663,6377
111,650.4264068711931,4552
112,1477.740115370178,6555
113,1064.9116882454318,7229
114,1110.882250993909,4902
115,688.870057685089,4573
116,858.0832611206856,6609
117,679.7695526217008,4812
118,627.0121933088201,3732
119,1068.3969696196702,7696
120,370.3847763108504,2868
121,1277.9116882454318,6553
122,1143.8406204335663,6449
123,826.7106781186551,5121
124,564.597979746447,3516
125,1175.3259018078047,6412
126,1033.0832611206856,6319
127,560.0416305603428,4717
128,884.5685424949243,4384
129,524.7695526217007,4327
130,991.6690475583124,5495
131,751.2132034355966,3914
132,596.1126983722083,5655
133,1448.5391052434013,7701
134,580.6274169979697,3989
135,1227.4264068711932,4530
136,839.4974746830587,5764
137,1453.1543289325512,6493
138,540.0416305603428,3205
139,1002.0538238691627,6950
140,1316.1543289325512,6613
141,1220.6396103067896,7775
142,918.3259018078048,4981
143,1275.4264068711932,7016
144,483.6984848098352,4384
145,646.2132034355966,2637
146,1122.9827560572974,7164
147,983.6396103067898,7589
148,1672.4974746830587,5826
149,1028.9827560572971,5471
150,1045.8406204335663,5733
151,509.2842712474621,2412
152,1083.4974746830587,5903
153,1013.4264068711932,5687
154,883.2842712474621,4702
155,1485.5391052434015,7505
156,726.9116882454318,3858
157,554.0416305603427,3147
158,425.982756057297,4252
159,1271.8822509939089,6500
160,844.568542494924,5929
161,878.6396103067898,6814
162,673.2548339959394,4706
163,890.3259018078047,5484
164,1366.3675323681477,7791
165,1318.568542494924,7443
166,527.2132034355966,3828
167,1216.8528137423862,4907
168,727.8406204335663,4872
169,872.3259018078049,5470
170,1270.8528137423862,6289
171,702.6274169979697,5031
172,1276.8111831820436,6573
173,637.7695526217008,5935
174,651.4974746830587,5030
175,788.5685424949243,7435
176,812.0832611206855,3102
177,1523.5685424949243,7464
178,757.9827560572973,7127
179,520.6984848098352,3792
180,592.5269119345814,4652
181,509.6274169979697,4858
182,777.3969696196702,4908
183,859.7401153701779,6555
184,874.7989898732235,2329
185,395.0832611206854,4683
186,413.18376618407376,4354
187,1605.752308678998,7797
188,500.7989898732235,4317
189,446.01219330882003,2644
190,603.1126983722083,6075
191,1694.2964645562822,8012
192,798.9411254969546,4756
193,867.0243866176402,8184
194,523.5563491861042,4353
195,593.3553390593277,3257
196,578.7695526217008,6529
197,609.2132034355966,1922
198,462.74011537017793,5969
199,856.8406204335663,6041
200,146.95331880577402,1516
201,67.38477631085021,418
202,159.5807358037436,1979
203,195.65180361560928,3930
204,48.21320343559641,194
205,35.899494936611674,131
206,138.22539674441617,2512
207,56.52691193458116,427
208,161.1248916810279,1220
209,131.2964645562816,1147
210,46.21320343559642,240
211,179.7523086789975,2643
212,84.49747468305827,489
213,131.88225099390849,888
214,246.90663761154843,4778
215,40.213203435596434,114
216,107.74011537017755,1196
217,170.02438661763966,2999
218,50.79898987322331,259
219,40.38477631085023,187
220,27.656854249492383,54
221,152.36753236814718,1416
222,85.56854249492372,682
223,119.56854249492373,1620
224,181.58073580374366,2080
225,133.9238815542511,2082
226,85.52691193458115,610
227,79.59797974644663,740
228,153.12489168102786,2862
229,111.39696961966992,719
230,115.88225099390847,1169
231,216.50966799187833,3035
232,310.0487732352797,3580
233,138.7106781186547,1776
234,123.81118318204302,1904
235,137.98275605729685,1263
236,115.56854249492373,1005
237,80.01219330881973,552
238,140.50966799187805,1595
239,108.18376618407355,431
240,156.0538238691624,1274
241,215.7228714274748,4835
242,112.78174593052013,575
243,136.5391052434009,2157
244,119.2253967444161,1309
245,161.65180361560914,2841
246,136.0538238691623,1170
247,173.61017305526656,1964
248,80.32590180780446,403
249,186.33809511662437,2612
250,75.76955262170044,495
251,84.39696961966995,866
252,235.99494936611694,3521
253,30.384776310850242,99
254,78.76955262170044,665
255,35.55634918610405,153
256,110.29646455628156,569
257,30.313708498984763,102
258,134.15432893255064,1551
259,236.3797256769672,1862
260,258.39191898578713,3053
261,60.28427124746189,421
262,131.78174593052012,1461
263,92.49747468305826,540
264,259.42135623730996,4602
265,30.213203435596434,145
266,123.36753236814702,1591
267,80.35533905932733,836
268,128.6396103067892,1356
269,48.21320343559641,255
270,28.142135623730955,65
271,71.87005768508878,709
272,106.32590180780446,1248
273,153.2964645562817,2796
274,176.79393923934012,2215
275,104.0538238691623,641
276,119.81118318204302,819
277,36.45584412271572,92
278,123.811183182043,1879
279,213.3797256769672,3495
280,54.870057685088774,248
281,81.59797974644661,912
282,200.33809511662457,3141
283,207.33809511662452,3930
284,164.36753236814724,3113
285,146.71067811865476,1183
286,67.35533905932733,390
287,99.91168824543138,840
288,129.46803743153538,994
289,27.798989873223338,55
290,166.19595949289342,2456
291,73.35533905932735,654
292,143.02438661763952,1353
293,75.59797974644663,696
294,141.71067811865476,1788
295,32.627416997969526,208
296,174.20815280171323,2049
297,19.313708498984763,44
298,187.40916292848985,2022
299,135.19595949289322,920
300,127.84062043356589,1814
301,132.74011537017756,2036
302,172.23759005323603,5560
303,141.0954544295049,3441
304,101.59797974644661,1363
305,157.92388155425124,3495
306,136.7817459305202,1952
307,116.52691193458115,1772
308,120.56854249492373,2014
309,121.6396103067892,1572
310,106.56854249492373,1679
311,96.1837661840735,949
312,126.74011537017755,1303
313,149.09545442950497,1178
314,77.28427124746186,329
315,150.09545442950497,3472
316,105.08326112068517,2074
317,102.2253967444161,2070
318,146.0243866176395,2876
319,132.15432893255067,1977
320,163.19595949289337,2278
321,120.56854249492375,1450
322,135.12489168102778,1676
323,104.81118318204301,938
324,178.37972567696704,2942
325,94.08326112068518,1240
326,134.39696961966996,2005
327,133.0538238691623,1832
328,124.12489168102776,1561
329,110.49747468305826,1417
330,134.95331880577396,2308
331,100.81118318204302,1034
332,96.66904755831209,1078
333,120.35533905932732,988
334,123.19595949289321,2220
335,128.22539674441612,1240
336,125.71067811865466,2347
337,144.53910524340094,2248
338,107.35533905932732,546
339,135.6396103067892,1838
340,137.08326112068517,2389
341,115.32590180780444,1605
342,83.59797974644663,429
343,122.12489168102775,2930
344,120.53910524340085,2303
345,123.18376618407349,1974
346,128.78174593052012,2062
347,152.7817459305203,4301
348,126.95331880577395,1550
349,98.98275605729683,1893
350,78.4264068711928,454
351,160.68124086713186,2363
352,94.4264068711928,713
353,117.15432893255063,1535
354,192.82337649086296,5488
355,137.1959594928933,2110
356,97.66904755831207,1676
357,131.05382386916233,1937
358,132.74011537017756,2052
359,103.18376618407352,621
360,155.6101730552664,2686
361,138.56854249492375,1627
362,129.71067811865464,1937
363,80.254833995939,527
364,187.7228714274747,3103
365,111.81118318204301,1907
366,140.4974746830583,2039
367,157.71067811865484,4244
368,115.81118318204301,2264
369,123.39696961966992,1746
370,119.0121933088197,1154
371,142.88225099390854,2028
372,161.61017305526644,2593
373,160.09545442950497,3201
374,85.56854249492373,1234
375,118.4264068711928,1388
376,118.25483399593897,1552
377,141.35533905932738,2530
378,114.63961030678921,1057
379,111.0538238691623,1442
380,126.66904755831207,2299
381,126.98275605729683,2087
382,181.6518036156092,5065
383,135.59797974644664,971
384,155.36753236814712,3695
385,105.74011537017755,1067
386,101.84062043356589,1036
387,121.32590180780446,563
388,79.91168824543136,1073
389,86.94112549695423,781
390,140.15432893255073,2891
391,115.49747468305827,1356
392,96.42640687119282,861
393,131.74011537017756,1958
394,147.36753236814707,1894
395,125.32590180780444,2295
396,119.29646455628156,1531
397,126.49747468305827,1411
398,125.05382386916229,1253
399,86.66904755831209,702
400,144.82337649086278,1376
401,87.74011537017755,474
402,134.26702730475873,1508
403,150.40916292848976,1777
404,138.50966799187805,1750
405,140.68124086713183,2087
406,130.05382386916227,1346
407,127.78174593052013,1991
408,127.02438661763941,1331
409,144.09545442950497,2022
410,108.3969696196699,1061
411,112.78174593052013,1582
412,99.98275605729683,1256
413,173.89444430272843,2670
414,141.2670273047587,1323
415,93.63961030678921,1053
416,130.36753236814704,1855
417,122.71067811865466,1321
418,136.61017305526633,1138
419,123.88225099390847,1984
420,144.50966799187808,1868
421,122.46803743153538,799
422,98.56854249492373,908
423,144.92388155425115,1897
424,122.61017305526632,1308
425,140.50966799187802,1680
426,126.29646455628156,1536
427,150.8233764908628,2031
428,119.71067811865466,1415
429,103.05382386916229,1043
430,131.53910524340085,1829
431,138.68124086713183,2481
432,119.36753236814704,2041
433,158.50966799187816,2517
434,158.7523086789974,2033
435,123.88225099390849,1104
436,82.08326112068518,360
437,101.2253967444161,1120
438,131.36753236814704,1267
439,81.49747468305827,781
440,142.4091629284897,2334
441,87.74011537017756,614
442,133.6812408671318,1733
443,96.98275605729684,1569
444,124.6396103067892,1001
445,132.26702730475867,2239
446,146.92388155425118,2102
447,104.0538238691623,1062
448,101.88225099390849,935
449,106.56854249492373,431
450,141.8528137423857,1677
451,122.95331880577395,1806
452,119.88225099390847,1279
453,136.99494936611657,1602
454,129.75230867899725,1692
455,88.74011537017756,913
456,127.78174593052013,1744
457,90.39696961966993,935
458,156.43860018001266,3848
459,175.9949493661168,2247
460,123.68124086713178,1662
461,137.50966799187802,1532
462,160.96551211459388,1701
463,134.78174593052017,1671
464,175.82337649086298,2188
465,132.53910524340085,1869
466,107.74011537017755,814
467,105.36753236814704,646
468,156.40916292848982,2888
469,133.12489168102778,1263
470,143.75230867899734,1739
471,154.92388155425118,1940
472,108.29646455628158,977
473,130.95331880577396,1388
474,119.36753236814704,1451
475,141.50966799187805,2023
476,140.53910524340094,2228
477,129.95331880577393,1747
478,115.88225099390847,1149
479,192.1787155501904,3853
480,131.36753236814704,1266
481,135.95331880577396,2469
482,138.85281374238568,2220
483,119.78174593052012,1295
484,131.4680374315354,1283
485,98.29646455628158,964
486,123.29646455628158,1340
487,161.50966799187813,2134
488,178.62236636408633,2745
489,107.12489168102776,862
490,95.74011537017755,584
491,97.2253967444161,925
492,118.36753236814704,1121
493,146.2670273047587,1520
494,133.68124086713183,2590
495,94.49747468305827,1234
496,143.16652224137044,2215
497,146.99494936611666,1761
498,138.26702730475873,1586
499,118.29646455628156,1038
500,72.28427124746187,437
501,128.75230867899722,536
502,130.6101730552663,1400
503,140.4680374315354,1957
504,110.25483399593901,364
505,83.84062043356592,254
506,102.22539674441612,651
507,130.7401153701776,2859
508,126.0243866176394,1256
509,154.18376618407362,3359
510,119.36753236814705,788
511,163.61017305526647,2246
512,104.6690475583121,1780
513,74.0121933088197,787
514,93.91168824543138,1945
515,157.78174593052023,4893
516,135.12489168102783,2489
517,103.35533905932733,725
518,143.65180361560894,997
519,149.22539674441612,1137
520,148.43860018001251,3219
521,70.98275605729684,137
522,121.18376618407352,972
523,122.8822509939085,3376
524,86.81118318204304,645
525,107.0832611206852,969
526,91.49747468305829,1129
527,113.4386001800125,1143
528,126.8233764908627,609
529,113.49747468305829,2414
530,114.4386001800125,440
531,123.26702730475868,1362
532,130.9827560572968,1463
533,128.11269837220806,1137
534,110.42640687119277,1358
535,130.95331880577396,1362
536,97.04163056034258,1161
537,80.81118318204304,440
538,109.05382386916227,785
539,97.46803743153538,1400
540,97.18376618407353,1076
541,121.19595949289322,1575
542,132.6812408671318,1079
543,138.53910524340085,4104
544,149.98275605729688,2593
545,92.38477631085021,692
546,118.7989898732233,957
547,120.50966799187796,1336
548,103.22539674441613,1779
549,106.76955262170043,621
550,119.49747468305827,1464
551,126.05382386916227,1986
552,107.08326112068517,2148
553,106.12489168102772,379
554,110.52691193458116,667
555,112.2253967444161,1466
556,94.91168824543134,466
557,158.96551211459374,2012
558,115.59797974644661,707
559,124.19595949289322,1090
560,129.18376618407353,3239
561,116.18376618407352,1138
562,138.61017305526633,1678
563,122.811183182043,1131
564,91.88225099390849,208
565,112.11269837220806,500
566,115.15432893255064,1996
567,87.25483399593902,991
568,131.61017305526627,2674
569,74.14213562373094,224
570,120.87005768508878,2960
571,115.91168824543136,2361
572,104.69848480983495,1001
573,125.95331880577392,1097
574,96.22539674441613,938
575,102.22539674441613,969
576,122.59797974644664,618
577,97.29646455628159,933
578,87.74011537017755,992
579,109.8528137423856,830
580,110.87005768508877,1193
581,100.0538238691623,749
582,93.04163056034257,966
583,108.66904755831207,1957
584,104.79898987322332,459
585,86.35533905932736,1106
586,87.01219330881972,700
587,85.32590180780446,499
588,76.76955262170046,677
589,96.6396103067892,383
590,104.78174593052013,660
591,113.28427124746185,960
592,113.78174593052013,868
593,87.7989898732233,391
594,89.98275605729683,316
595,115.25483399593897,907
596,97.76955262170041,1037
597,131.22539674441614,1879
598,98.811183182043,1617
599,90.91168824543136,728
600,134.25483399593895,1830
601,71.18376618407356,214
602,83.59797974644664,710
603,119.53910524340084,2432
604,110.62741699796948,3040
605,79.5979797464466,749
606,105.1837661840735,1088
607,72.11269837220809,529
608,140.39696961967,1618
609,65.07106781186546,148
610,90.25483399593898,1406
611,75.82842712474618,518
612,165.0243866176396,2494
613,182.23759005323592,4254
614,56.62741699796953,492
615,107.56854249492376,1704
616,121.15432893255065,535
617,140.94112549695427,1694
618,159.30865786510148,4434
619,104.35533905932735,763
620,125.85281374238556,1964
621,67.5269119345812,1008
622,84.59797974644665,1708
623,98.97056274847714,2438
624,89.76955262170047,726
625,137.4802307403551,2469
626,153.12489168102772,4161
627,99.0832611206852,1251
628,105.32590180780446,1824
629,95.56854249492375,2648
630,113.05382386916231,1174
631,158.5563491861041,3567
632,110.81118318204305,1919
633,88.52691193458114,573
634,181.9238815542512,6275
635,83.69848480983497,1182
636,78.45584412271572,154
637,78.2132034355964,1419
638,116.66904755831212,1305
639,144.53910524340085,1754
640,99.6274169979695,601
641,88.69848480983501,703
642,78.52691193458116,909
643,59.97056274847712,386
644,88.56854249492376,1046
645,77.38477631085021,535
646,130.6274169979695,843
647,128.66904755831206,674
648,120.81118318204302,2413
649,92.48528137423855,2313
650,238.07821048680222,5626
651,106.74011537017752,1884
652,111.12489168102779,1321
653,90.14213562373095,1536
654,119.33809511662415,3314
655,86.8406204335659,1387
656,84.66904755831212,1582
657,135.29646455628153,1710
658,93.11269837220803,736
659,135.9116882454314,1616
660,195.23759005323626,4026
661,100.49747468305827,478
662,82.28427124746187,1608
663,121.71067811865467,1970
664,110.71067811865468,1219
665,154.11269837220803,4067
666,176.11269837220826,3309
667,98.69848480983497,578
668,98.85281374238559,1511
669,64.55634918610406,1110
670,81.01219330881973,506
671,71.45584412271567,224
672,108.79898987322332,2205
673,62.52691193458116,510
674,141.9949493661166,2908
675,121.7401153701775,1358
676,55.52691193458115,973
677,74.42640687119282,161
678,99.63961030678921,1263
679,75.18376618407355,184
680,98.39696961966995,1172
681,97.21320343559641,336
682,109.25483399593897,3118
683,134.9705627484771,4632
684,117.42640687119281,1781
685,110.59797974644663,1792
686,109.21320343559638,2591
687,112.84062043356589,3219
688,86.59797974644661,935
689,109.69848480983497,537
690,98.15432893255065,1656
691,104.25483399593895,1148
692,92.87005768508878,276
693,105.91168824543139,1966
694,61.14213562373095,423
695,139.85281374238568,2578
696,138.0538238691623,2098
697,73.38477631085024,133
698,130.28427124746185,2845
699,151.33809511662415,4644
700,105.76955262170043,1333
701,135.61017305526633,2234
702,168.66904755831226,2903
703,136.56854249492375,1117
704,142.63961030678934,3062
705,158.02438661763966,2394
706,111.63961030678918,907
707,93.05382386916229,356
708,99.11269837220806,390
709,164.92388155425135,1740
710,95.29646455628158,314
711,90.49747468305826,548
712,144.33809511662426,3661
713,107.19595949289321,1480
714,132.59797974644664,161
715,119.2253967444161,629
716,187.68124086713232,3766
717,104.3553390593273,1674
718,165.63961030678934,2423
719,134.50966799187796,1219
720,109.42640687119282,207
721,116.28427124746186,1470
722,123.89444430272817,1358
723,163.13708498984772,1475
724,155.56854249492375,1013
725,94.94112549695421,1274
726,82.7106781186547,1613
727,109.29646455628156,702
728,129.61017305526633,4824
729,99.11269837220809,2407
730,118.15432893255064,284
731,115.39696961966992,706
732,92.32590180780447,1232
733,96.15432893255065,892
734,69.2842712474619,124
735,195.92388155425132,2332
736,127.68124086713178,711
737,78.22539674441614,546
738,97.25483399593901,1420
739,180.59292911256344,2674
740,78.22539674441613,972
741,73.91168824543138,322
742,158.0660171779821,2013
743,91.15432893255067,1580
744,184.62236636408642,2629
745,151.88225099390863,2556
746,114.49747468305823,1486
747,110.28427124746186,1984
748,167.9655121145939,2664
749,90.38477631085023,196
750,104.26702730475868,1207
751,105.49747468305829,2288
752,127.19595949289322,2225
753,143.09545442950494,1596
754,80.8822509939085,1896
755,134.75230867899722,2121
756,139.95331880577393,2216
757,115.63961030678922,1050
758,93.35533905932735,1466
759,98.39696961966995,1084
760,151.2375900532359,4320
761,131.56854249492375,1951
762,157.5685424949238,1715
763,134.91168824543138,1395
764,134.74011537017756,1318
765,187.10764773832489,9401
766,116.22539674441613,3453
767,134.11269837220806,1269
768,72.1837661840735,380
769,140.923881554251,1212
770,134.6812408671318,2356
771,156.56854249492378,2426
772,147.58073580374355,1613
773,123.95331880577395,2005
774,153.7989898732233,773
775,121.18376618407353,1566
776,105.8406204335659,1021
777,141.05382386916227,538
778,91.0538238691623,598
779,112.19595949289325,1751
780,146.8233764908627,762
781,81.62741699796948,1388
782,105.8700576850888,232
783,106.01219330881973,866
784,94.98275605729684,1055
785,179.40916292848982,4079
786,99.08326112068518,1041
787,157.3259018078046,6400
788,100.8406204335659,1678
789,139.18376618407353,1289
790,92.59797974644663,607
791,149.0954544295049,2940
792,103.91168824543136,1096
793,80.35533905932732,1215
794,117.98275605729678,1043
795,107.32590180780443,475
796,140.5979797464466,2040
797,109.98275605729681,546
798,73.15432893255067,329
799,123.99494936611654,597
800,78.56854249492373,1091
801,91.53910524340087,824
802,87.98275605729683,378
803,222.00714267493666,2176
804,136.89444430272817,1503
805,98.68124086713178,988
806,128.05382386916227,640
807,97.01219330881972,700
808,165.86500705120565,969
809,201.06601717798236,4706
810,108.4680374315354,452
811,122.85281374238556,986
812,102.0538238691623,1404
813,89.52691193458116,446
814,80.69848480983495,1150
815,90.53910524340085,256
816,127.68124086713176,926
817,74.52691193458115,728
818,147.37972567696684,1869
819,124.84062043356587,652
820,54.45584412271569,334
821,80.53910524340087,1560
822,72.18376618407352,135
823,108.88225099390847,1489
824,77.8406204335659,719
825,92.76955262170044,1191
826,69.18376618407356,546
827,152.48023074035527,5116
828,66.01219330881972,293
829,166.43860018001268,2916
830,56.284271247461895,389
831,78.05382386916231,168
832,89.98275605729683,517
833,84.35533905932733,1056
834,69.28427124746185,679
835,56.04163056034262,155
836,55.35533905932735,343
837,91.56854249492373,629
838,99.88225099390849,1407
839,67.21320343559643,71
840,218.83556979968293,5747
841,112.74011537017752,697
842,77.25483399593902,304
843,90.42640687119281,492
844,73.35533905932735,602
845,135.02438661763944,1925
846,127.06601717798199,2245
847,203.76450198781737,1323
848,146.23759005323592,2916
849,171.99494936611669,1335
850,80.32590180780446,350
851,121.59797974644661,885
852,156.20815280171308,933
853,132.74011537017756,710
854,100.22539674441612,319
855,83.811183182043,489
856,87.62741699796948,546
857,72.8700576850888,502
858,116.12489168102775,2817
859,117.88225099390849,1212
860,75.04163056034261,1026
861,128.3969696196699,1015
862,75.21320343559643,306
863,210.93607486307133,2275
864,94.71067811865464,985
865,91.29646455628156,898
866,123.50966799187796,1446
867,102.39696961966989,1004
868,149.72287142747447,2313
869,125.8233764908627,1813
870,176.20815280171325,1615
871,96.01219330881972,1334
872,144.2670273047588,2978
873,65.66904755831212,327
874,90.18376618407352,824
875,81.08326112068517,817
876,125.49747468305826,1187
877,159.0365799264593,2532
878,75.97056274847712,594
879,161.8944443027283,2114
880,105.254833995939,627
881,65.45584412271569,498
882,84.2253967444161,896
883,111.5685424949237,1146
884,84.0121933088197,341
885,129.12489168102775,2396
886,158.50966799187808,1838
887,53.2132034355964,290
888,96.98275605729683,307
889,118.85281374238559,797
890,83.63961030678921,1667
891,91.08326112068517,1148
892,92.88225099390847,659
893,186.49242404917507,2782
894,102.63961030678922,1166
895,247.6345596729064,1839
896,133.58073580374344,1010
897,63.76955262170043,402
898,93.0538238691623,678
899,149.82337649086284,1357
900,97.32590180780446,947
901,107.2842712474619,135
902,155.1665222413704,3569
903,135.2375900532358,4192
904,94.79898987322332,826
905,128.88225099390843,3069
906,113.84062043356592,2093
907,151.12489168102786,4308
908,155.65180361560888,2072
909,78.18376618407356,973
910,148.13708498984758,2409
911,103.66904755831206,546
912,79.87005768508877,1075
913,117.49747468305824,1365
914,135.12489168102775,2635
915,145.55129855222063,1064
916,146.1248916810278,2325
917,138.81118318204307,2672
918,86.21320343559643,489
919,85.94112549695427,692
920,116.16652224137036,4033
921,110.46803743153541,1123
922,136.74011537017753,2663
923,154.32590180780446,2257
924,158.61017305526656,1841
925,137.94112549695427,634
926,133.94112549695427,3672
927,97.55634918610401,600
928,112.38477631085021,454
929,155.0243866176396,5401
930,119.4386001800125,1018
931,130.367532368147,1719
932,119.66904755831209,1367
933,154.81118318204304,5253
934,131.97056274847714,603
935,129.71067811865464,5076
936,96.14213562373094,1902
937,165.3675323681473,2520
938,139.1543289325507,4598
939,147.50966799187796,4053
940,87.5979797464466,421
941,145.61017305526633,3899
942,159.63961030678928,1461
943,129.87005768508877,3870
944,134.25483399593898,697
945,121.28427124746187,738
946,117.25483399593901,1546
947,159.12489168102783,5033
948,146.82337649086273,2569
949,90.63961030678921,205
950,145.46803743153538,2051
951,84.11269837220809,817
952,157.18376618407353,5843
953,147.4264068711928,4028
954,131.367532368147,3222
955,168.9655121145937,8669
956,93.29646455628158,2543
957,106.6690475583121,739
958,139.91168824543138,2971
959,179.43860018001266,4898
960,130.98275605729685,202
961,132.71067811865467,1586
962,82.42640687119284,1757
963,149.26702730475876,2497
964,120.18376618407352,1581
965,88.91168824543139,944
966,191.99494936611669,4946
967,105.59797974644664,1195
968,124.78174593052009,1338
969,130.18376618407353,1706
970,141.15432893255067,3430
971,130.40916292848962,3150
972,107.42640687119278,2740
973,121.66904755831207,679
974,117.59797974644663,1466
975,129.36753236814707,6360
976,150.4680374315355,3283
977,138.2670273047587,2584
978,233.85281374238613,10242
979,119.69848480983497,1318
980,143.69848480983495,3966
981,139.55129855222066,3498
982,130.4558441227157,2653
983,147.65180361560888,1931
984,102.24264068711928,1558
985,140.46803743153538,1342
986,126.2132034355964,2351
987,150.58073580374355,5049
988,172.539105243401,4951
989,131.2842712474619,763
990,128.94112549695424,2758
991,144.43860018001254,1603
992,100.63961030678918,2605
993,89.76955262170044,813
994,84.94112549695427,563
995,141.49747468305827,4555
996,148.49747468305833,4827
997,121.61017305526632,914
998,126.95331880577395,384
999,126.33809511662413,1091
1000,2098.1820330805235,6240
1001,1535.7707781109825,6794
1002,1682.9789309126966,4531
1003,2595.196318430351,7850
1004,1581.9545442950564,6210
1005,2295.76276888425,6782
1006,1052.697618258062,2447
1007,1220.0651506262097,4521
1008,1332.047906683507,6559
1009,1376.6631303726565,5303
1010,1017.6143571373764,2999
1011,1652.8124086713256,7670
1012,2934.1151493506977,7881
1013,1997.755626209335,4838
1014,1628.1383104791303,6841
1015,1138.9108216936586,4372
1016,1448.8712831743708,3980
1017,1696.7240969167572,5627
1018,1993.3880938411871,5891
1019,1559.6408357960715,6623
1020,1601.4692629208178,6404
1021,2225.064284074423,5560
1022,974.2712113868688,2458
1023,2478.242999624589,7992
1024,1693.623591853369,4956
1025,1014.957502887884,3128
1026,1897.103822593725,6928
1027,1438.687516990297,5021
1028,1613.025612106922,5535
1029,1401.503750806223,4840
1030,1360.491557497403,4707
1031,1922.8023074035602,6714
1032,1395.3443712397893,5474
1033,2196.880517890353,5932
1034,1634.3515139147269,7258
1035,1405.1727983645355,4755
1036,1294.5504320004482,4254
1037,1717.2093782909958,6441
1038,2161.1404025201764,6379
1039,1555.7707781109825,5707
1040,2402.4023791910276,7129
1041,1500.971788237759,6048
1042,2012.299782086619,7778
1043,1900.0033175303367,5731
1044,1417.1311678041927,5512
1045,899.4894654563481,2941
1046,1133.6681810065393,4938
1047,1668.3393206059068,4543
1048,1677.439825669295,3819
1049,1129.1828996323006,2713
1050,2150.0520907656078,7390
1051,1747.505842847278,6659
1052,1737.8124086713253,7062
1053,2231.265294201196,7411
1054,2279.7627688842495,6773
1055,1379.8763338082533,5991
1056,1443.6580797387742,5612
1057,1606.5403307326833,4628
1058,1390.0184694319844,5490
1059,1395.7463914933423,5975
1060,1604.0966799187872,4485
1061,1718.4225817265924,6657
1062,2382.348555321867,7921
1063,1349.763635436045,5122
1064,1143.0945878777325,3727
1065,1376.9179643685964,5996
1066,1424.0306627408045,7353
1067,1580.9129137347136,6736
1068,1596.9667376038763,5993
1069,1059.6559876977192,4328
1070,867.5899705197361,2339
1071,1829.961686969994,6138
1072,1926.0449480906796,6343
1073,1923.8145007123803,6757
1074,2113.110965268657,6883
1075,2305.0642840744135,6871
1076,1199.4082963767173,5178
1077,1033.1707063234805,4264
1078,1371.7047609329995,5061
1079,2151.8632739476507,7391
1080,1926.7606768432174,6139
1081,1472.699710299117,4533
1082,1358.0184694319844,4213
1083,1326.1484117468954,3889
1084,1108.9524522540014,4768
1085,2115.5546160825515,6416
1086,1470.427632360475,6365
1087,1609.854039231668,7078
1088,1925.0571413994996,7019
1089,2188.1231585774694,6513
1090,1560.569767984206,6144
1091,2231.5079348883173,7106
1092,2498.8165927533973,7831
1093,1550.540330732683,6036
1094,1612.6824663564144,5303
1095,1665.4225817265922,6237
1096,2311.2480502584876,7634
1097,1212.5798692519713,2555
1098,2047.4835482706926,6321
1099,1821.6185412194864,6045
1100,654.0538238691628,7680
1101,483.5979797464469,3157
1102,859.0832611206855,5601
1103,1156.296464556282,7780
1104,737.2253967444167,6956
1105,627.5979797464469,4475
1106,566.2842712474621,2183
1107,590.2842712474621,5464
1108,733.4558441227159,3996
1109,714.9827560572974,7190
1110,785.8406204335663,6377
1111,650.4264068711931,4552
1112,1477.740115370178,6555
1113,1064.9116882454318,7229
1114,1110.882250993909,4902
1115,688.870057685089,4573
1116,858.0832611206856,6609
1117,679.7695526217008,4812
1118,627.0121933088201,3732
1119,1068.3969696196702,7696
1120,370.3847763108504,2868
1121,1277.9116882454318,6553
1122,1143.8406204335663,6449
1123,826.7106781186551,5121
1124,564.597979746447,3516
1125,1175.3259018078047,6412
1126,1033.0832611206856,6319
1127,560.0416305603428,4717
1128,884.5685424949243,4384
1129,524.7695526217007,4327
1130,991.6690475583124,5495
1131,751.2132034355966,3914
1132,596.1126983722083,5655
1133,1448.5391052434013,7701
1134,580.6274169979697,3989
1135,1227.4264068711932,4530
1136,839.4974746830587,5764
1137,1453.1543289325512,6493
1138,540.0416305603428,3205
1139,1002.0538238691627,6950
1140,1316.1543289325512,6613
1141,1220.6396103067896,7775
1142,918.3259018078048,4981
1143,1275.4264068711932,7016
1144,483.6984848098352,4384
1145,646.2132034355966,2637
1146,1122.9827560572974,7164
1147,983.6396103067898,7589
1148,1672.4974746830587,5826
1149,1028.9827560572971,5471
1150,1045.8406204335663,5733
1151,509.2842712474621,2412
1152,1083.4974746830587,5903
1153,1013.4264068711932,5687
1154,883.2842712474621,4702
1155,1485.5391052434015,7505
1156,726.9116882454318,3858
1157,554.0416305603427,3147
1158,425.982756057297,4252
1159,1271.8822509939089,6500
1160,844.568542494924,5929
1161,878.6396103067898,6814
1162,673.2548339959394,4706
1163,890.3259018078047,5484
1164,1366.3675323681477,7791
1165,1318.568542494924,7443
1166,527.2132034355966,3828
1167,1216.8528137423862,4907
1168,727.8406204335663,4872
1169,872.3259018078049,5470
1170,1270.8528137423862,6289
1171,702.6274169979697,5031
1172,1276.8111831820436,6573
1173,637.7695526217008,5935
1174,651.4974746830587,5030
1175,788.5685424949243,7435
1176,812.0832611206855,3102
1177,1523.5685424949243,7464
1178,757.9827560572973,7127
1179,520.6984848098352,3792
1180,592.5269119345814,4652
1181,509.6274169979697,4858
1182,777.3969696196702,4908
1183,859.7401153701779,6555
1184,874.7989898732235,2329
1185,395.0832611206854,4683
1186,413.18376618407376,4354
1187,1605.752308678998,7797
1188,500.7989898732235,4317
1189,446.01219330882003,2644
1190,603.1126983722083,6075
1191,1694.2964645562822,8012
1192,798.9411254969546,4756
1193,867.0243866176402,8184
1194,523.5563491861042,4353
1195,593.3553390593277,3257
1196,578.7695526217008,6529
1197,609.2132034355966,1922
1198,462.74011537017793,5969
1199,856.8406204335663,6041
1200,146.95331880577402,1516
1201,67.38477631085021,418
1202,159.5807358037436,1979
1203,195.65180361560928,3930
1204,48.21320343559641,194
1205,35.899494936611674,131
1206,138.22539674441617,2512
1207,56.52691193458116,427
1208,161.1248916810279,1220
1209,131.2964645562816,1147
1210,46.21320343559642,240
1211,179.7523086789975,2643
1212,84.49747468305827,489
1213,131.88225099390849,888
1214,246.90663761154843,4778
1215,40.213203435596434,114
1216,107.74011537017755,1196
1217,170.02438661763966,2999
1218,50.79898987322331,259
1219,40.38477631085023,187
1220,27.656854249492383,54
1221,152.36753236814718,1416
1222,85.56854249492372,682
1223,119.56854249492373,1620
1224,181.58073580374366,2080
1225,133.9238815542511,2082
1226,85.52691193458115,610
1227,79.59797974644663,740
1228,153.12489168102786,2862
1229,111.39696961966992,719
1230,115.88225099390847,1169
1231,216.50966799187833,3035
1232,310.0487732352797,3580
1233,138.7106781186547,1776
1234,123.81118318204302,1904
1235,137.98275605729685,1263
1236,115.56854249492373,1005
1237,80.01219330881973,552
1238,140.50966799187805,1595
1239,108.18376618407355,431
1240,156.0538238691624,1274
1241,215.7228714274748,4835
1242,112.78174593052013,575
1243,136.5391052434009,2157
1244,119.2253967444161,1309
1245,161.65180361560914,2841
1246,136.0538238691623,1170
1247,173.61017305526656,1964
1248,80.32590180780446,403
1249,186.33809511662437,2612
1250,75.76955262170044,495
1251,84.39696961966995,866
1252,235.99494936611694,3521
1253,30.384776310850242,99
1254,78.76955262170044,665
1255,35.55634918610405,153
1256,110.29646455628156,569
1257,30.313708498984763,102
1258,134.15432893255064,1551
1259,236.3797256769672,1862
1260,258.39191898578713,3053
1261,60.28427124746189,421
1262,131.78174593052012,1461
1263,92.49747468305826,540
1264,259.42135623730996,4602
1265,30.213203435596434,145
1266,123.36753236814702,1591
1267,80.35533905932733,836
1268,128.6396103067892,1356
1269,48.21320343559641,255
1270,28.142135623730955,65
1271,71.87005768508878,709
1272,106.32590180780446,1248
1273,153.2964645562817,2796
1274,176.79393923934012,2215
1275,104.0538238691623,641
1276,119.81118318204302,819
1277,36.45584412271572,92
1278,123.811183182043,1879
1279,213.3797256769672,3495
1280,54.870057685088774,248
1281,81.59797974644661,912
1282,200.33809511662457,3141
1283,207.33809511662452,3930
1284,164.36753236814724,3113
1285,146.71067811865476,1183
1286,67.35533905932733,390
1287,99.91168824543138,840
1288,129.46803743153538,994
1289,27.798989873223338,55
1290,166.19595949289342,2456
1291,73.35533905932735,654
1292,143.02438661763952,1353
1293,75.59797974644663,696
1294,141.71067811865476,1788
1295,32.627416997969526,208
1296,174.20815280171323,2049
1297,19.313708498984763,44
1298,187.40916292848985,2022
1299,135.19595949289322,920
1300,150.91168824543138,1628
1301,112.32590180780446,975
1302,127.19595949289322,2783
1303,133.32590180780443,2767
1304,136.1543289325507,1042
1305,116.52691193458112,1506
1306,136.05382386916233,3618
1307,141.19595949289328,2085
1308,138.98275605729685,2485
1309,119.81118318204301,800
1310,139.43860018001254,1042
1311,148.88225099390849,2259
1312,156.68124086713198,3664
1313,102.59797974644663,872
1314,186.33809511662446,5346
1315,107.98275605729683,2164
1316,95.32590180780446,576
1317,140.98275605729685,1329
1318,132.71067811865467,2920
1319,106.2253967444161,2123
1320,92.74011537017756,938
1321,119.19595949289322,1241
1322,130.74011537017756,2611
1323,152.0243866176395,3232
1324,112.18376618407352,1470
1325,147.02438661763946,5066
1326,102.811183182043,1302
1327,114.74011537017755,935
1328,136.63961030678922,3358
1329,156.6690475583122,1648
1330,148.53910524340094,3264
1331,110.08326112068517,2097
1332,128.32590180780448,1726
1333,126.71067811865466,1471
1334,116.18376618407353,1057
1335,131.95331880577396,2875
1336,82.59797974644663,1000
1337,118.98275605729681,1053
1338,146.81118318204307,2061
1339,144.39696961966993,2518
1340,120.63961030678921,1633
1341,141.8528137423857,2567
1342,98.81118318204302,702
1343,92.66904755831206,584
1344,100.94112549695424,670
1345,95.25483399593898,1302
1346,131.811183182043,2197
1347,116.12489168102775,2245
1348,90.52691193458115,586
1349,103.66904755831207,1993
1350,144.88225099390854,1913
1351,142.4386001800126,759
1352,160.43860018001266,3113
1353,143.6101730552664,4343
1354,136.43860018001254,1848
1355,134.09545442950488,2740
1356,134.12489168102775,2178
1357,138.19595949289322,1743
1358,102.59797974644663,1177
1359,144.2964645562816,4591
1360,115.15432893255064,1911
1361,127.63961030678918,1817
1362,119.84062043356592,1368
1363,117.15432893255064,1644
1364,114.56854249492373,1553
1365,135.02438661763944,3039
1366,95.254833995939,814
1367,134.53910524340085,1326
1368,102.49747468305827,1228
1369,160.61017305526647,2792
1370,112.84062043356589,863
1371,96.74011537017755,1750
1372,126.4264068711928,2304
1373,110.63961030678921,2104
1374,147.8822509939086,2610
1375,127.95331880577395,1594
1376,124.4680374315354,3120
1377,111.42640687119281,898
1378,125.53910524340085,1560
1379,116.63961030678918,1105
1380,133.6812408671318,2511
1381,87.11269837220807,924
1382,111.98275605729684,2120
1383,110.4680374315354,1790
1384,167.58073580374366,3487
1385,123.71067811865467,2038
1386,104.98275605729681,739
1387,92.32590180780447,834
1388,94.25483399593898,1542
1389,117.88225099390846,1583
1390,96.42640687119281,846
1391,130.3969696196699,3373
1392,121.39696961966992,1474
1393,186.19595949289342,4795
1394,139.95331880577396,1586
1395,161.19595949289342,4444
1396,105.98275605729684,1207
1397,131.0538238691623,2735
1398,78.0832611206852,601
1399,152.98275605729697,3036
1400,141.2375900532359,2214
1401,117.19595949289321,1595
1402,128.19595949289322,1939
1403,138.0243866176395,1522
1404,112.4680374315354,1197
1405,136.36753236814707,1739
1406,119.95331880577393,806
1407,150.33809511662423,1953
1408,157.68124086713198,2270
1409,199.69343417595192,3865
1410,158.40916292848985,3285
1411,178.72287142747467,2361
1412,118.29646455628158,891
1413,174.30865786510157,2858
1414,127.09545442950487,1145
1415,129.6101730552663,1508
1416,128.0243866176394,2199
1417,165.13708498984772,1525
1418,162.16652224137053,2013
1419,111.95331880577395,958
1420,151.75230867899737,2287
1421,124.95331880577395,1822
1422,123.19595949289322,1389
1423,148.09545442950497,1524
1424,123.88225099390849,826
1425,145.8528137423857,2411
1426,148.4091629284897,2553
1427,124.95331880577393,1380
1428,105.88225099390847,752
1429,166.06601717798216,2274
1430,101.39696961966992,1316
1431,136.5391052434009,1666
1432,161.237590053236,3490
1433,131.02438661763944,1553
1434,112.88225099390847,890
1435,132.2670273047587,1458
1436,140.02438661763946,3051
1437,104.71067811865467,573
1438,118.68124086713178,2013
1439,179.9949493661168,2750
1440,131.12489168102778,1672
1441,147.75230867899737,1978
1442,133.02438661763944,1613
1443,154.23759005323598,2086
1444,103.56854249492375,1522
1445,128.19595949289322,1238
1446,80.91168824543136,575
1447,97.22539674441612,995
1448,133.85281374238562,1097
1449,119.36753236814702,1774
1450,125.88225099390847,1485
1451,133.53910524340088,1284
1452,96.88225099390849,663
1453,152.99494936611666,1477
1454,127.95331880577393,1812
1455,97.32590180780447,559
1456,134.19595949289325,2147
1457,146.4386001800126,2627
1458,139.0954544295049,1726
1459,87.98275605729684,646
1460,147.58073580374352,2945
1461,160.1665222413705,1419
1462,111.0538238691623,1395
1463,163.40916292848982,2881
1464,165.13708498984772,2398
1465,170.65180361560914,3100
1466,152.85281374238573,3417
1467,82.49747468305827,645
1468,106.46803743153536,768
1469,123.78174593052012,933
1470,102.56854249492373,1123
1471,113.29646455628158,770
1472,111.0538238691623,1187
1473,166.75230867899745,2678
1474,151.2670273047588,2785
1475,99.63961030678921,1036
1476,186.2792206135788,2600
1477,77.32590180780447,657
1478,154.33809511662432,2380
1479,134.6101730552664,1784
1480,118.12489168102776,1973
1481,145.09545442950494,1603
1482,155.89444430272835,1642
1483,138.78174593052017,1521
1484,123.12489168102775,1379
1485,136.2670273047587,1758
1486,136.02438661763944,1553
1487,119.4386001800125,1466
1488,121.71067811865466,966
1489,114.2253967444161,926
1490,119.29646455628158,1748
1491,139.6101730552664,1233
1492,117.12489168102776,1262
1493,141.75230867899734,2283
1494,169.0660171779822,1903
1495,172.82337649086298,3925
1496,135.53910524340088,2130
1497,132.61017305526633,1345
1498,106.63961030678921,705
1499,153.92388155425118,2249
1500,100.87005768508877,662
1501,126.88225099390844,1888
1502,106.11269837220806,1336
1503,85.81118318204304,670
1504,91.28427124746187,554
1505,103.1837661840735,1324
1506,117.74011537017753,1489
1507,128.0121933088197,2063
1508,146.6812408671319,1816
1509,138.02438661763938,1031
1510,126.15432893255064,1044
1511,135.94112549695427,1523
1512,97.63961030678921,1051
1513,132.53910524340085,459
1514,148.23759005323592,1331
1515,118.02438661763938,743
1516,93.38477631085023,421
1517,126.26702730475868,1146
1518,84.0538238691623,297
1519,159.50966799187808,6443
1520,154.20815280171303,2169
1521,84.81118318204302,332
1522,95.4264068711928,1265
1523,95.04163056034257,795
1524,110.94112549695423,1000
1525,86.08326112068518,802
1526,102.39696961966992,1903
1527,77.39696961966993,243
1528,145.75230867899734,1695
1529,151.05382386916236,1963
1530,113.66904755831207,1172
1531,85.42640687119282,547
1532,120.6690475583121,1416
1533,95.42640687119281,1382
1534,138.09545442950488,1511
1535,141.61017305526644,2143
1536,146.1248916810278,2127
1537,149.9238815542512,2027
1538,69.66904755831209,110
1539,140.28427124746185,843
1540,105.74011537017753,347
1541,124.84062043356589,1440
1542,92.05382386916227,288
1543,102.04163056034258,571
1544,126.3969696196699,1481
1545,69.76955262170044,413
1546,133.3969696196699,2983
1547,98.12489168102778,721
1548,102.05382386916227,435
1549,105.18376618407352,852
1550,80.56854249492375,476
1551,95.46803743153541,364
1552,169.5096679918782,3127
1553,169.96551211459396,1395
1554,95.53910524340088,722
1555,135.08326112068514,5106
1556,126.61017305526629,948
1557,99.46803743153541,1754
1558,126.32590180780444,2383
1559,109.09545442950488,2124
1560,72.15432893255065,282
1561,142.02438661763938,1280
1562,90.74011537017753,741
1563,142.4680374315355,3160
1564,102.69848480983495,1411
1565,83.97056274847711,1110
1566,139.39696961967,2788
1567,78.56854249492373,162
1568,118.46803743153538,2043
1569,130.32590180780443,1793
1570,144.8528137423857,2011
1571,90.01219330881973,1200
1572,110.42640687119278,1150
1573,115.87005768508875,2339
1574,113.95331880577395,1092
1575,103.254833995939,1070
1576,87.87005768508878,1004
1577,163.74011537017762,3306
1578,114.84062043356589,1609
1579,97.94112549695424,667
1580,112.4680374315354,828
1581,104.98275605729685,2160
1582,103.18376618407353,334
1583,157.5096679918782,1234
1584,88.14213562373094,766
1585,86.98275605729685,598
1586,118.26702730475868,1093
1587,125.56854249492373,654
1588,140.42640687119285,1267
1589,101.01219330881972,766
1590,90.35533905932736,163
1591,96.39696961966993,174
1592,122.0416305603426,882
1593,150.98275605729685,589
1594,95.98275605729687,1351
1595,85.66904755831209,1025
1596,104.98275605729681,1108
1597,71.25483399593901,549
1598,91.91168824543136,986
1599,121.28427124746185,916
1600,85.28427124746187,1315
1601,78.14213562373095,274
1602,105.55634918610406,240
1603,91.95331880577396,1249
1604,112.12489168102779,990
1605,110.74011537017752,551
1606,102.98275605729681,2739
1607,115.5685424949237,1705
1608,116.02438661763944,4189
1609,84.69848480983497,1284
1610,90.62741699796948,1565
1611,98.11269837220804,1055
1612,102.66904755831206,2012
1613,86.4264068711928,921
1614,54.72792206135786,130
1615,92.04163056034263,446
1616,119.29646455628155,2998
1617,93.76955262170046,1615
1618,108.08326112068518,1778
1619,113.45584412271566,1258
1620,99.22539674441609,1774
1621,52.284271247461874,696
1622,127.50966799187799,4788
1623,78.98275605729684,1198
1624,162.15432893255064,3726
1625,99.42640687119282,1942
1626,57.31370849898477,107
1627,93.94112549695421,1885
1628,58.21320343559643,519
1629,87.7989898732233,1584
1630,118.85281374238559,1773
1631,134.11269837220806,3171
1632,121.22539674441612,1505
1633,92.04163056034257,1595
1634,87.79898987322329,1466
1635,137.32590180780443,2148
1636,90.32590180780448,2526
1637,155.69848480983507,2087
1638,57.72792206135785,645
1639,116.28427124746189,912
1640,111.28427124746186,1499
1641,108.12489168102779,4192
1642,85.84062043356593,1133
1643,80.0121933088197,1442
1644,68.87005768508875,493
1645,80.84062043356589,747
1646,119.2132034355964,1578
1647,107.39696961966989,3503
1648,116.98275605729683,980
1649,181.32590180780448,6265
1650,84.81118318204305,748
1651,102.18376618407352,2410
1652,103.78174593052012,442
1653,116.32590180780447,2262
1654,163.982756057297,2831
1655,130.53910524340088,2963
1656,131.11269837220806,1326
1657,119.4264068711928,512
1658,81.49747468305827,804
1659,68.14213562373092,912
1660,100.6690475583121,3511
1661,148.29646455628156,1622
1662,100.71067811865468,1406
1663,145.05382386916244,5339
1664,97.74011537017759,1794
1665,83.62741699796952,931
1666,71.97056274847711,1653
1667,87.0832611206852,2157
1668,126.6690475583121,2525
1669,96.62741699796948,1115
1670,140.42640687119277,4591
1671,112.76955262170041,4616
1672,112.32590180780444,2359
1673,99.08326112068521,1280
1674,87.94112549695424,185
1675,77.08326112068517,351
1676,94.66904755831212,2647
1677,76.59797974644663,650
1678,129.254833995939,3392
1679,93.69848480983498,1512
1680,151.58073580374364,2545
1681,86.8700576850888,434
1682,112.11269837220806,2760
1683,147.6396103067892,4253
1684,131.9827560572968,1033
1685,96.71067811865467,2336
1686,100.04163056034257,1449
1687,109.56854249492373,2481
1688,130.92388155425107,3241
1689,82.79898987322332,1621
1690,64.8406204335659,202
1691,102.74011537017756,820
1692,102.25483399593902,919
1693,159.55634918610403,941
1694,99.18376618407352,669
1695,117.28427124746187,525
1696,118.7106781186547,840
1697,179.69343417595186,3193
1698,104.45584412271566,1606
1699,87.71067811865468,3259
1700,135.95331880577402,1234
1701,154.15432893255064,3501
1702,145.4386001800125,3030
1703,94.98275605729685,909
1704,188.58073580374355,5156
1705,138.06601717798202,268
1706,192.5391052434011,7072
1707,117.66904755831207,840
1708,115.12489168102778,983
1709,149.58073580374352,3116
1710,106.74011537017752,1197
1711,130.8528137423856,2369
1712,107.22539674441612,1701
1713,109.0538238691623,1806
1714,129.8406204335659,853
1715,134.61017305526633,1947
1716,109.01219330881969,647
1717,118.36753236814704,2007
1718,117.15432893255064,2539
1719,100.74011537017756,2281
1720,146.40916292848968,4347
1721,132.22539674441614,1014
1722,112.84062043356589,1369
1723,120.71067811865467,1657
1724,138.32590180780443,2460
1725,77.56854249492378,1596
1726,72.59797974644664,377
1727,148.0954544295049,1477
1728,136.46803743153538,914
1729,153.48023074035515,3146
1730,97.35533905932732,895
1731,140.2964645562816,2948
1732,109.811183182043,1500
1733,90.91168824543136,430
1734,109.49747468305824,1564
1735,140.811183182043,1068
1736,119.75230867899724,485
1737,168.5979797464467,1883
1738,173.16652224137044,2130
1739,113.49747468305827,1268
1740,184.76450198781737,4525
1741,105.02438661763941,842
1742,78.35533905932733,1120
1743,144.5979797464467,5506
1744,139.27922061357842,406
1745,76.91168824543136,911
1746,126.50966799187798,276
1747,103.62741699796949,402
1748,128.78174593052012,1347
1749,115.76955262170043,2051
1750,136.09545442950485,2354
1751,132.7106781186546,1756
1752,86.59797974644664,144
1753,173.22034611053297,3959
1754,112.36753236814705,1101
1755,102.08326112068521,1158
1756,128.74011537017753,420
1757,147.23759005323592,3158
1758,142.2375900532358,340
1759,142.27922061357847,1671
1760,123.78174593052015,1377
1761,98.4264068711928,1629
1762,112.05382386916231,772
1763,121.92388155425107,2275
1764,97.63961030678922,1862
1765,134.22539674441612,4658
1766,144.12489168102775,1388
1767,123.56854249492376,1167
1768,117.29646455628155,1513
1769,176.0660171779821,2801
1770,106.22539674441612,527
1771,159.681240867132,4160
1772,104.99494936611653,112
1773,88.25483399593904,1021
1774,105.91168824543136,445
1775,148.94112549695424,1512
1776,140.9949493661165,1364
1777,97.39696961966993,1164
1778,166.95331880577405,5229
1779,180.72287142747456,1390
1780,120.66904755831207,1510
1781,127.78174593052013,2342
1782,69.91168824543138,210
1783,95.7106781186547,2638
1784,93.15432893255067,824
1785,128.32590180780443,1588
1786,102.81118318204301,788
1787,107.66904755831212,2514
1788,126.91168824543136,2080
1789,136.19595949289322,361
1790,144.2253967444162,3999
1791,124.63961030678921,3247
1792,110.35533905932733,1391
1793,110.91168824543136,825
1794,105.04163056034261,143
1795,131.9827560572968,2737
1796,132.61017305526633,2767
1797,153.16652224137044,3839
1798,136.68124086713178,4099
1799,84.15432893255065,1149
1800,106.81118318204302,980
1801,128.2670273047587,2630
1802,89.08326112068515,767
1803,78.35533905932738,1108
1804,137.4974746830583,3326
1805,61.4558441227157,291
1806,95.32590180780447,1158
1807,49.112698372208094,68
1808,77.84062043356589,246
1809,63.941125496954236,459
1810,49.941125496954264,137
1811,163.48023074035532,1651
1812,137.48023074035507,1577
1813,163.79393923934012,852
1814,90.42640687119278,1532
1815,95.15432893255064,554
1816,104.25483399593898,1909
1817,77.49747468305827,536
1818,76.254833995939,395
1819,79.45584412271567,381
1820,59.0416305603426,411
1821,98.08326112068518,337
1822,109.18376618407349,974
1823,63.87005768508879,293
1824,215.1370849898478,1857
1825,57.97056274847713,298
1826,83.76955262170044,685
1827,139.89444430272823,2484
1828,71.08326112068521,669
1829,72.56854249492375,569
1830,71.42640687119284,361
1831,110.15432893255063,1201
1832,90.18376618407353,1182
1833,188.40916292848988,1692
1834,129.09545442950488,1126
1835,73.01219330881972,1251
1836,58.14213562373096,124
1837,119.33809511662416,1334
1838,57.041630560342625,95
1839,83.59797974644661,501
1840,147.95331880577402,1648
1841,58.041630560342625,358
1842,149.95331880577407,2229
1843,136.36753236814704,1703
1844,85.69848480983497,350
1845,147.92388155425115,3105
1846,46.941125496954264,145
1847,134.8233764908627,1269
1848,193.24978336205598,5650
1849,58.42640687119281,287
1850,120.66904755831207,1081
1851,79.91168824543138,762
1852,213.48023074035544,2408
1853,130.19595949289322,1094
1854,76.76955262170041,310
1855,84.28427124746187,450
1856,92.66904755831207,962
1857,123.88225099390849,1526
1858,86.25483399593898,896
1859,143.4091629284897,791
1860,66.69848480983498,293
1861,72.79898987322333,112
1862,148.4802307403552,1792
1863,82.15432893255067,909
1864,115.02438661763941,1473
1865,115.53910524340087,1025
1866,141.27922061357845,2338
1867,65.04163056034261,217
1868,107.15432893255061,1132
1869,98.63961030678922,1508
1870,89.4680374315354,1161
1871,81.254833995939,277
1872,117.50966799187796,1679
1873,98.61017305526632,772
1874,148.3675323681471,793
1875,135.39696961966993,1391
1876,68.59797974644665,378
1877,96.32590180780444,812
1878,113.75230867899725,890
1879,141.23759005323583,1388
1880,66.11269837220806,983
1881,103.46803743153538,2342
1882,77.56854249492375,305
1883,91.12489168102778,701
1884,178.30865786510142,1663
1885,89.84062043356593,451
1886,116.61017305526632,1110
1887,105.85281374238559,1990
1888,45.04163056034261,97
1889,89.15432893255065,757
1890,73.87005768508878,1417
1891,175.10764773832486,3687
1892,123.46803743153536,419
1893,147.30865786510137,1645
1894,63.87005768508879,331
1895,71.76955262170044,194
1896,167.62236636408625,3741
1897,53.526911934581186,69
1898,93.18376618407356,609
1899,107.18376618407355,452
1900,83.38477631085023,422
1901,95.49747468305831,1508
1902,160.56854249492383,1777
1903,175.9411254969543,827
1904,84.08326112068517,555
1905,140.96551211459368,3171
1906,81.84062043356589,798
1907,202.6101730552666,4274
1908,163.39696961967007,2340
1909,92.91168824543138,1510
1910,225.75230867899774,3574
1911,153.1248916810278,4814
1912,161.40916292848976,2302
1913,116.4386001800125,318
1914,114.46803743153542,1289
1915,101.32590180780441,877
1916,119.74011537017752,269
1917,153.61017305526644,4499
1918,186.30865786510148,5911
1919,137.76955262170043,1196
1920,119.33809511662413,991
1921,111.91168824543134,493
1922,115.7989898732233,547
1923,177.81118318204312,9704
1924,153.68124086713192,5444
1925,97.15432893255064,704
1926,152.48023074035515,1422
1927,118.18376618407353,3813
1928,118.07106781186546,2640
1929,110.15432893255064,1521
1930,116.98275605729684,1380
1931,114.39696961966993,1374
1932,191.05382386916256,3045
1933,77.97056274847711,1187
1934,164.09545442950503,2673
1935,108.52691193458114,558
1936,96.76955262170043,1366
1937,188.7106781186548,2282
1938,157.40916292848982,6016
1939,119.63961030678921,1756
1940,166.12489168102783,5669
1941,79.97056274847715,451
1942,155.53910524340094,3438
1943,153.8406204335659,5514
1944,111.55634918610404,2622
1945,140.6101730552663,2280
1946,154.50966799187796,2277
1947,76.28427124746189,482
1948,141.09545442950494,3421
1949,129.11269837220803,4769
1950,144.05382386916227,790
1951,136.65180361560894,459
1952,105.69848480983495,3047
1953,148.11269837220806,2948
1954,117.32590180780446,2892
1955,100.14213562373092,1886
1956,156.22539674441623,5359
1957,112.25483399593897,1882
1958,110.26702730475867,592
1959,108.63961030678921,372
1960,70.62741699796952,1000
1961,108.52691193458115,2236
1962,161.8822509939086,5733
1963,135.7523086789973,3126
1964,155.5807358037436,4684
1965,101.8406204335659,1886
1966,143.12489168102775,3447
1967,110.84062043356587,1863
1968,112.8822509939085,2286
1969,124.49747468305827,1753
1970,117.69848480983495,270
1971,181.02438661763952,4778
1972,120.15432893255064,3640
1973,202.7817459305203,3489
1974,127.58073580374344,4718
1975,141.88225099390849,905
1976,162.01219330881975,3117
1977,165.63961030678928,5980
1978,150.71067811865464,3005
1979,114.69848480983495,1191
1980,111.14213562373094,358
1981,107.3969696196699,469
1982,193.98275605729697,10142
1983,152.84062043356585,3496
1984,126.59797974644661,1010
1985,108.98275605729681,1354
1986,135.12489168102775,3723
1987,149.15432893255064,2179
1988,158.48023074035527,2410
1989,100.74011537017755,802
1990,132.49747468305821,2309
1991,120.12489168102778,1438
1992,106.48528137423857,1380
1993,115.39696961966992,1497
1994,122.50966799187796,1164
1995,173.1665222413704,3904
1996,130.556349186104,1441
1997,72.6690475583121,286
1998,141.2842712474619,3315
1999,121.49747468305827,3893
2000,1097.81031663027,4887
2001,2035.0571413994996,6366
2002,1182.6509370638366,5408
2003,1746.1921343482932,6931
2004,1893.5718600252608,6476
2005,2448.1424945612052,6224
2006,1328.5209947489257,4861
2007,1247.893577750956,4914
2008,2411.189175755433,8109
2009,1635.280446102861,4524
2010,1853.5891039679636,4606
2011,1804.6774157225316,7785
2012,2041.8094500784978,7399
2013,1931.128209211365,5654
2014,1132.3250352560317,4129
2015,2333.8754672564564,7580
2016,2089.182033080524,7389
2017,2675.652162553061,8092
2018,1954.0449480906796,5931
2019,1546.1433611130128,5158
2020,3738.75180106459,7961
2021,1264.0651506262097,2791
2022,1644.439825669295,6733
2023,2159.0642840744276,6206
2024,1757.2632021601587,5250
2025,1461.829652614028,5349
2026,2802.4217151747544,7732
2027,1854.7779207859198,5454
2028,2114.5251788310297,7955
2029,976.2001435750032,3730
2030,2444.3729419395045,7768
2031,2385.9881656286548,6951
2032,1283.3788591251948,5515
2033,2558.071426749325,8103
2034,2236.750575575435,6604
2035,1881.961686969994,6127
2036,1202.023520065867,4662
2037,881.1757569573631,3283
2038,1828.363707223547,7531
2039,2058.098771959842,5447
2040,1494.0844866099674,5327
2041,975.2001435750033,3328
2042,1051.5432893255106,4323
2043,1488.9129137347134,6054
2044,1706.7951647286227,7159
2045,1456.0722933011473,4200
2046,1355.2489168102836,6376
2047,1213.0651506262097,4671
2048,1675.9373003523538,6254
2049,1545.0966799187875,6379
2050,1634.6235918533687,7122
2051,1735.4347750354125,3978
2052,2608.711037056117,7641
2053,1688.179941039473,6220
2054,1403.6164491784314,4382
2055,1253.2367235014635,5867
2056,1443.361615182492,4056
2057,1923.7190462828746,7662
2058,1867.5596667164407,5560
2059,1777.79011409474,5732
2060,1544.5992052357287,4809
2061,1287.7930726875677,4170
2062,2184.721138323919,7503
2063,1319.1484117468954,5243
2064,1967.6134905856038,5590
2065,1725.037805415742,5567
2066,1491.0428560496246,5381
2067,2039.2875887777989,6245
2068,1370.1311678041927,5717
2069,1993.701802340172,7066
2070,1938.400287150007,6551
2071,1873.1748904055905,7247
2072,1614.4692629208178,7735
2073,1568.854039231668,6426
2074,2318.3191180703516,6759
2075,2533.7577182503437,7463
2076,1369.4621202458802,5686
2077,1086.1118318204349,3659
2078,1706.1088732276075,5927
2079,2039.584053334081,6542
2080,919.2590180780489,2566
2081,2088.429724401528,7196
2082,2370.804399444589,7170
2083,1465.829652614028,3432
2084,2004.4835482706926,5588
2085,2056.1109652686623,8059
2086,1907.7312395916947,7309
2087,1187.851947190613,4794
2088,1646.0672426672647,6224
2089,2405.218613006956,6849
2090,2461.2013690642484,7369
2091,1411.1311678041925,5222
2092,2168.625683894411,5260
2093,1603.724096916757,6042
2094,1290.3494218736719,2654
2095,1927.9322497184712,5889
2096,990.229580826526,3885
2097,2007.9028124669485,6162
2098,1629.1971849821757,6172
2099,1686.5525240415031,6274
2100,654.0538238691628,7680
2101,483.5979797464469,3157
2102,859.0832611206855,5601
2103,1156.296464556282,7780
2104,737.2253967444167,6956
2105,627.5979797464469,4475
2106,566.2842712474621,2183
2107,590.2842712474621,5464
2108,733.4558441227159,3996
2109,714.9827560572974,7190
2110,785.8406204335663,6377
2111,650.4264068711931,4552
2112,1477.740115370178,6555
2113,1064.9116882454318,7229
2114,1110.882250993909,4902
2115,688.870057685089,4573
2116,858.0832611206856,6609
2117,679.7695526217008,4812
2118,627.0121933088201,3732
2119,1068.3969696196702,7696
2120,370.3847763108504,2868
2121,1277.9116882454318,6553
2122,1143.8406204335663,6449
2123,826.7106781186551,5121
2124,564.597979746447,3516
2125,1175.3259018078047,6412
2126,1033.0832611206856,6319
2127,560.0416305603428,4717
2128,884.5685424949243,4384
2129,524.7695526217007,4327
2130,991.6690475583124,5495
2131,751.2132034355966,3914
2132,596.1126983722083,5655
2133,1448.5391052434013,7701
2134,580.6274169979697,3989
2135,1227.4264068711932,4530
2136,839.4974746830587,5764
2137,1453.1543289325512,6493
2138,540.0416305603428,3205
2139,1002.0538238691627,6950
2140,1316.1543289325512,6613
2141,1220.6396103067896,7775
2142,918.3259018078048,4981
2143,1275.4264068711932,7016
2144,483.6984848098352,4384
2145,646.2132034355966,2637
2146,1122.9827560572974,7164
2147,983.6396103067898,7589
2148,1672.4974746830587,5826
2149,1028.9827560572971,5471
2150,1045.8406204335663,5733
2151,509.2842712474621,2412
2152,1083.4974746830587,5903
2153,1013.4264068711932,5687
2154,883.2842712474621,4702
2155,1485.5391052434015,7505
2156,726.9116882454318,3858
2157,554.0416305603427,3147
2158,425.982756057297,4252
2159,1271.8822509939089,6500
2160,844.568542494924,5929
2161,878.6396103067898,6814
2162,673.2548339959394,4706
2163,890.3259018078047,5484
2164,1366.3675323681477,7791
2165,1318.568542494924,7443
2166,527.2132034355966,3828
2167,1216.8528137423862,4907
2168,727.8406204335663,4872
2169,872.3259018078049,5470
2170,1270.8528137423862,6289
2171,702.6274169979697,5031
2172,1276.8111831820436,6573
2173,637.7695526217008,5935
2174,651.4974746830587,5030
2175,788.5685424949243,7435
2176,812.0832611206855,3102
2177,1523.5685424949243,7464
2178,757.9827560572973,7127
2179,520.6984848098352,3792
2180,592.5269119345814,4652
2181,509.6274169979697,4858
2182,777.3969696196702,4908
2183,859.7401153701779,6555
2184,874.7989898732235,2329
2185,395.0832611206854,4683
2186,413.18376618407376,4354
2187,1605.752308678998,7797
2188,500.7989898732235,4317
2189,446.01219330882003,2644
2190,603.1126983722083,6075
2191,1694.2964645562822,8012
2192,798.9411254969546,4756
2193,867.0243866176402,8184
2194,523.5563491861042,4353
2195,593.3553390593277,3257
2196,578.7695526217008,6529
2197,609.2132034355966,1922
2198,462.74011537017793,5969
2199,856.8406204335663,6041
2200,146.95331880577402,1516
2201,67.38477631085021,418
2202,159.5807358037436,1979
2203,195.65180361560928,3930
2204,48.21320343559641,194
2205,35.899494936611674,131
2206,138.22539674441617,2512
2207,56.52691193458116,427
2208,161.1248916810279,1220
2209,131.2964645562816,1147
2210,46.21320343559642,240
2211,179.7523086789975,2643
2212,84.49747468305827,489
2213,131.88225099390849,888
2214,246.90663761154843,4778
2215,40.213203435596434,114
2216,107.74011537017755,1196
2217,170.02438661763966,2999
2218,50.79898987322331,259
2219,40.38477631085023,187
2220,27.656854249492383,54
2221,152.36753236814718,1416
2222,85.56854249492372,682
2223,119.56854249492373,1620
2224,181.58073580374366,2080
2225,133.9238815542511,2082
2226,85.52691193458115,610
2227,79.59797974644663,740
2228,153.12489168102786,2862
2229,111.39696961966992,719
2230,115.88225099390847,1169
2231,216.50966799187833,3035
2232,310.0487732352797,3580
2233,138.7106781186547,1776
2234,123.81118318204302,1904
2235,137.98275605729685,1263
2236,115.56854249492373,1005
2237,80.01219330881973,552
2238,140.50966799187805,1595
2239,108.18376618407355,431
2240,156.0538238691624,1274
2241,215.7228714274748,4835
2242,112.78174593052013,575
2243,136.5391052434009,2157
2244,119.2253967444161,1309
2245,161.65180361560914,2841
2246,136.0538238691623,1170
2247,173.61017305526656,1964
2248,80.32590180780446,403
2249,186.33809511662437,2612
2250,75.76955262170044,495
2251,84.39696961966995,866
2252,235.99494936611694,3521
2253,30.384776310850242,99
2254,78.76955262170044,665
2255,35.55634918610405,153
2256,110.29646455628156,569
2257,30.313708498984763,102
2258,134.15432893255064,1551
2259,236.3797256769672,1862
2260,258.39191898578713,3053
2261,60.28427124746189,421
2262,131.78174593052012,1461
2263,92.49747468305826,540
2264,259.42135623730996,4602
2265,30.213203435596434,145
2266,123.36753236814702,1591
2267,80.35533905932733,836
2268,128.6396103067892,1356
2269,48.21320343559641,255
2270,28.142135623730955,65
2271,71.87005768508878,709
2272,106.32590180780446,1248
2273,153.2964645562817,2796
2274,176.79393923934012,2215
2275,104.0538238691623,641
2276,119.81118318204302,819
2277,36.45584412271572,92
2278,123.811183182043,1879
2279,213.3797256769672,3495
2280,54.870057685088774,248
2281,81.59797974644661,912
2282,200.33809511662457,3141
2283,207.33809511662452,3930
2284,164.36753236814724,3113
2285,146.71067811865476,1183
2286,67.35533905932733,390
2287,99.91168824543138,840
2288,129.46803743153538,994
2289,27.798989873223338,55
2290,166.19595949289342,2456
2291,73.35533905932735,654
2292,143.02438661763952,1353
2293,75.59797974644663,696
2294,141.71067811865476,1788
2295,32.627416997969526,208
2296,174.20815280171323,2049
2297,19.313708498984763,44
2298,187.40916292848985,2022
2299,135.19595949289322,920
2300,126.98275605729684,857
2301,86.42640687119278,1303
2302,125.81118318204301,1869
2303,149.95331880577402,2155
2304,103.49747468305826,1654
2305,126.43860018001249,938
2306,125.4264068711928,2037
2307,126.81118318204301,1698
2308,153.68124086713192,1593
2309,135.63961030678922,2514
2310,125.39696961966992,2182
2311,121.63961030678918,1832
2312,113.76955262170041,1167
2313,136.29646455628162,1821
2314,134.1248916810278,2395
2315,152.99494936611666,2791
2316,105.49747468305827,1672
2317,123.11269837220806,1498
2318,113.74011537017753,1601
2319,90.01219330881972,1303
2320,85.28427124746187,1111
2321,107.08326112068515,1721
2322,164.7106781186548,2899
2323,119.95331880577396,2560
2324,138.7106781186547,2652
2325,97.254833995939,1637
2326,156.6101730552665,2810
2327,133.71067811865467,1682
2328,146.7817459305202,3470
2329,161.78174593052023,3271
2330,94.84062043356589,1981
2331,150.09545442950503,2221
2332,92.42640687119281,715
2333,98.21320343559641,972
2334,153.68124086713192,1814
2335,111.08326112068515,3159
2336,160.95331880577402,4850
2337,144.0954544295049,2482
2338,103.63961030678921,1205
2339,139.71067811865473,2989
2340,81.01219330881972,1055
2341,162.16652224137044,1608
2342,147.91168824543146,1402
2343,140.9827560572969,1662
2344,84.01219330881973,851
2345,123.6396103067892,1241
2346,157.85281374238573,3472
2347,118.56854249492375,1450
2348,140.81118318204304,3637
2349,111.08326112068518,1194
2350,134.43860018001254,2823
2351,130.95331880577396,1564
2352,131.39696961966993,1279
2353,141.39696961966996,2181
2354,138.95331880577402,2137
2355,150.68124086713186,2896
2356,86.59797974644663,1287
2357,106.8406204335659,1276
2358,151.95331880577402,2890
2359,101.35533905932732,885
2360,129.12489168102775,1224
2361,130.6396103067892,1420
2362,134.52691193458114,2436
2363,146.9411254969543,3030
2364,97.59797974644663,941
2365,95.52691193458114,1028
2366,140.53910524340088,3711
2367,139.36753236814707,2197
2368,128.05382386916227,3238
2369,149.95331880577405,2510
2370,146.33809511662426,2397
2371,142.25483399593907,2976
2372,125.32590180780444,2858
2373,154.68124086713192,2124
2374,140.98275605729688,2829
2375,92.49747468305827,1802
2376,129.29646455628156,2199
2377,98.49747468305826,1037
2378,117.56854249492372,1699
2379,164.09545442950503,4028
2380,113.08326112068518,1702
2381,136.25483399593898,2984
2382,116.98275605729681,1345
2383,94.32590180780444,709
2384,132.2670273047587,2484
2385,137.15432893255067,1473
2386,121.42640687119282,1032
2387,112.81118318204304,1112
2388,99.08326112068518,1647
2389,89.2253967444161,551
2390,110.3969696196699,2228
2391,119.12489168102775,1933
2392,92.21320343559641,1066
2393,139.29646455628162,2035
2394,122.12489168102775,2527
2395,126.98275605729681,1905
2396,134.56854249492375,1949
2397,151.50966799187805,2535
2398,165.8528137423858,3949
2399,91.11269837220809,975
2400,126.36753236814704,1514
2401,149.2670273047588,1743
2402,131.92388155425107,1660
2403,158.50966799187813,2929
2404,141.92388155425115,1563
2405,158.58073580374364,1613
2406,118.05382386916229,1634
2407,133.36753236814707,2801
2408,151.48023074035524,1414
2409,107.71067811865467,1107
2410,173.72287142747467,3452
2411,99.22539674441612,1454
2412,92.32590180780447,700
2413,110.19595949289322,1438
2414,151.16652224137047,1502
2415,109.56854249492373,1044
2416,97.39696961966995,727
2417,98.39696961966992,861
2418,135.78174593052015,2119
2419,112.29646455628156,1297
2420,150.3380951166243,3305
2421,115.78174593052013,1542
2422,153.40916292848976,2461
2423,81.91168824543136,633
2424,156.95331880577405,2950
2425,120.29646455628155,1249
2426,130.29646455628156,1804
2427,94.63961030678921,1052
2428,174.72287142747467,4224
2429,159.50966799187813,2900
2430,138.85281374238565,1021
2431,119.12489168102775,1640
2432,136.6812408671318,2210
2433,123.88225099390847,1250
2434,152.85281374238573,2438
2435,147.26702730475876,2511
2436,121.02438661763941,1249
2437,122.6396103067892,1179
2438,170.27922061357867,2148
2439,109.22539674441612,2304
2440,137.50966799187802,1576
2441,120.6396103067892,1877
2442,108.12489168102775,1075
2443,126.36753236814704,1060
2444,141.36753236814707,1372
2445,127.02438661763941,1290
2446,164.8944443027284,2978
2447,114.88225099390847,1793
2448,189.37972567696707,2539
2449,157.237590053236,2769
2450,91.91168824543136,710
2451,126.4680374315354,1329
2452,117.88225099390847,1530
2453,109.81118318204301,929
2454,167.37972567696698,2893
2455,97.6396103067892,1120
2456,108.61017305526632,1157
2457,141.33809511662423,3138
2458,101.6396103067892,1082
2459,91.8406204335659,1025
2460,104.29646455628158,1288
2461,178.379725676967,3070
2462,95.15432893255065,579
2463,101.4680374315354,1052
2464,164.30865786510145,3297
2465,114.98275605729684,1038
2466,175.62236636408633,2773
2467,115.53910524340085,865
2468,126.85281374238559,1682
2469,169.237590053236,2887
2470,155.1370849898476,2615
2471,124.88225099390849,1275
2472,123.4680374315354,1312
2473,142.92388155425118,2613
2474,110.25483399593898,940
2475,128.0243866176394,1749
2476,137.1959594928933,1358
2477,152.4091629284898,2171
2478,164.99494936611669,1886
2479,137.43860018001254,1455
2480,180.20815280171325,2136
2481,98.39696961966993,1065
2482,136.50966799187802,1945
2483,139.85281374238565,1769
2484,121.02438661763941,1256
2485,169.89444430272846,2297
2486,135.50966799187802,1988
2487,177.13708498984772,4500
2488,123.95331880577393,1069
2489,136.85281374238565,2392
2490,144.92388155425115,1721
2491,154.8822509939086,2441
2492,94.74011537017755,887
2493,123.68124086713178,1383
2494,141.0954544295049,2138
2495,110.53910524340085,1364
2496,108.6396103067892,1036
2497,145.6101730552664,2048
2498,161.9238815542512,2905
2499,150.82337649086284,2969
2500,93.71067811865467,260
2501,164.3380951166243,2152
2502,130.91168824543138,1769
2503,116.09545442950487,520
2504,128.19595949289322,3810
2505,126.32590180780444,2330
2506,130.50966799187796,1700
2507,99.2253967444161,433
2508,91.42640687119281,1207
2509,82.18376618407353,756
2510,126.49747468305826,857
2511,120.52691193458115,468
2512,166.4386001800127,5204
2513,155.40916292848974,2244
2514,97.11269837220804,802
2515,160.89444430272837,1505
2516,127.26702730475868,977
2517,102.36753236814707,662
2518,155.02438661763946,3523
2519,111.49747468305826,494
2520,177.99494936611677,3091
2521,142.15432893255067,1010
2522,122.92388155425107,1818
2523,74.4264068711928,280
2524,95.69848480983495,634
2525,129.40916292848962,1170
2526,140.12489168102775,2366
2527,156.99494936611666,1917
2528,116.81118318204302,1101
2529,119.12489168102775,1647
2530,135.53910524340085,2465
2531,102.88225099390849,313
2532,112.35533905932733,708
2533,135.88225099390854,1509
2534,137.52691193458116,1255
2535,123.33809511662416,1912
2536,99.63961030678922,1154
2537,105.11269837220806,743
2538,109.39696961966993,1794
2539,96.56854249492375,837
2540,142.2132034355964,2698
2541,114.98275605729683,2297
2542,106.98275605729684,1592
2543,108.84062043356587,763
2544,121.46803743153536,1338
2545,88.63961030678922,887
2546,128.84062043356587,1915
2547,158.23759005323592,2861
2548,147.98275605729688,1862
2549,131.61017305526633,1791
2550,104.19595949289322,419
2551,109.8528137423856,1301
2552,75.04163056034258,283
2553,147.7523086789973,2067
2554,121.66904755831209,3233
2555,130.95331880577393,4084
2556,134.35533905932738,606
2557,85.38477631085023,227
2558,142.16652224137036,3572
2559,127.95331880577395,1409
2560,110.36753236814702,761
2561,125.85281374238558,1038
2562,82.59797974644664,651
2563,163.45079348883237,1536
2564,114.8822509939085,1041
2565,144.8111831820431,2846
2566,105.11269837220803,1184
2567,123.66904755831207,436
2568,90.45584412271569,2456
2569,109.69848480983498,1166
2570,142.63961030678928,4573
2571,109.45584412271567,849
2572,107.62741699796949,1077
2573,113.81118318204302,1848
2574,136.8822509939085,1956
2575,132.8406204335659,1189
2576,144.509667991878,2951
2577,87.62741699796949,1219
2578,114.29646455628155,797
2579,84.01219330881975,629
2580,113.32590180780447,1600
2581,112.19595949289321,871
2582,106.08326112068517,2521
2583,129.68124086713175,867
2584,125.81118318204301,2155
2585,118.36753236814705,1635
2586,84.11269837220803,567
2587,113.56854249492373,1759
2588,140.254833995939,1831
2589,127.1665222413703,1186
2590,116.7817459305201,550
2591,111.19595949289324,987
2592,99.11269837220804,1591
2593,91.49747468305829,469
2594,126.74011537017755,1154
2595,153.9827560572969,2816
2596,102.6690475583121,1184
2597,81.0832611206852,809
2598,123.94112549695424,1134
2599,95.38477631085021,630
2600,127.35533905932732,1701
2601,108.22539674441613,2476
2602,92.21320343559641,483
2603,108.01219330881972,1238
2604,179.29646455628156,4099
2605,114.15432893255065,1038
2606,64.04163056034263,236
2607,193.06601717798236,2288
2608,96.11269837220807,234
2609,90.2842712474619,1559
2610,129.25483399593895,2220
2611,115.69848480983497,2141
2612,101.46803743153542,2691
2613,103.72792206135783,1762
2614,85.49747468305827,516
2615,153.29646455628162,2850
2616,160.66904755831212,4746
2617,89.4558441227157,1718
2618,93.7106781186547,3029
2619,113.71067811865468,2207
2620,88.7695526217004,832
2621,77.84062043356592,1083
2622,72.87005768508877,1000
2623,111.94112549695423,1965
2624,89.66904755831212,658
2625,103.25483399593901,1309
2626,106.61017305526632,2268
2627,181.66904755831214,6300
2628,86.45584412271569,1519
2629,109.52691193458116,2838
2630,130.48023074035507,6011
2631,85.94112549695426,357
2632,95.56854249492373,2014
2633,86.97056274847714,348
2634,96.25483399593898,1491
2635,71.97056274847711,1687
2636,125.98275605729684,2098
2637,104.81118318204298,2633
2638,139.85281374238562,4210
2639,138.0538238691623,731
2640,80.74011537017758,1374
2641,94.94112549695421,1744
2642,133.49747468305824,4737
2643,112.39696961966993,370
2644,134.1126983722081,2823
2645,134.32590180780448,4340
2646,159.3675323681471,3924
2647,113.98275605729684,1928
2648,115.3553390593273,1899
2649,84.01219330881969,470
2650,159.10764773832486,3631
2651,83.69848480983495,1511
2652,92.49747468305826,727
2653,118.18376618407349,3271
2654,148.16652224137036,3900
2655,95.98275605729678,1093
2656,116.88225099390849,2262
2657,130.2375900532358,3956
2658,77.69848480983498,919
2659,53.14213562373096,179
2660,160.53910524340108,3815
2661,135.13708498984747,3083
2662,116.01219330881975,2984
2663,159.9238815542512,3187
2664,103.84062043356592,1680
2665,116.63961030678924,771
2666,96.52691193458116,1722
2667,164.19595949289322,2014
2668,99.81118318204304,2673
2669,140.94112549695427,1109
2670,111.71067811865464,3415
2671,76.31370849898477,323
2672,110.76955262170041,2026
2673,76.1126983722081,581
2674,128.99494936611651,1750
2675,103.91168824543136,1332
2676,100.08326112068515,1315
2677,87.74011537017758,2399
2678,72.91168824543138,523
2679,82.01219330881972,488
2680,98.42640687119281,1348
2681,79.4264068711928,1150
2682,151.68124086713195,1674
2683,74.31370849898477,357
2684,104.6396103067892,650
2685,121.91168824543139,3670
2686,125.08326112068517,3884
2687,126.12489168102775,343
2688,68.04163056034261,551
2689,114.29646455628156,363
2690,118.29646455628159,2403
2691,117.32590180780446,1309
2692,108.15432893255064,2525
2693,136.85281374238565,2098
2694,127.49747468305826,739
2695,96.56854249492375,762
2696,78.94112549695423,1071
2697,149.05382386916233,4496
2698,75.42640687119282,562
2699,91.76955262170046,2007
2700,139.63961030678917,3708
2701,150.79393923934,2274
2702,140.6396103067893,2915
2703,121.1959594928932,714
2704,78.35533905932736,560
2705,136.40916292848965,635
2706,135.74011537017753,2581
2707,149.7106781186547,2812
2708,141.19595949289322,2649
2709,100.9116882454314,2744
2710,133.32590180780443,1900
2711,120.72792206135783,760
2712,104.15432893255064,3436
2713,96.15432893255067,1199
2714,105.08326112068517,1568
2715,104.0832611206852,521
2716,97.74011537017756,1136
2717,113.8528137423856,1553
2718,138.08326112068522,1303
2719,95.08326112068518,434
2720,87.94112549695426,1071
2721,121.61017305526634,2364
2722,126.56854249492369,4098
2723,144.63961030678925,1198
2724,113.56854249492378,3392
2725,93.61017305526632,379
2726,143.49747468305827,2529
2727,125.50966799187798,1871
2728,133.63961030678922,2009
2729,154.95331880577402,5393
2730,132.22539674441612,1854
2731,129.46803743153538,2985
2732,134.43860018001254,1995
2733,154.49747468305839,2245
2734,134.16652224137033,1053
2735,138.53910524340085,1440
2736,82.74011537017756,145
2737,118.6518036156089,976
2738,129.50966799187796,639
2739,144.50966799187802,2959
2740,122.1837661840735,2875
2741,104.74011537017758,1143
2742,126.43860018001253,1289
2743,92.29646455628158,728
2744,129.46803743153538,2162
2745,126.18376618407349,3634
2746,126.36753236814702,2352
2747,76.79898987322333,404
2748,111.43860018001251,2350
2749,147.08326112068517,3268
2750,121.16652224137034,933
2751,147.2375900532358,3572
2752,73.98275605729684,250
2753,78.0832611206852,606
2754,149.53910524340085,2170
2755,133.8233764908627,659
2756,155.92388155425104,2603
2757,121.08326112068518,1709
2758,139.91168824543132,2867
2759,122.2670273047587,2477
2760,128.63961030678922,1393
2761,108.11269837220803,745
2762,110.68124086713175,1073
2763,113.56854249492373,748
2764,144.88225099390863,4035
2765,128.9827560572968,4041
2766,119.88225099390847,1213
2767,131.52691193458114,3324
2768,138.88225099390849,1192
2769,116.61017305526627,506
2770,103.25483399593902,2111
2771,101.71067811865468,1698
2772,152.23759005323603,4088
2773,130.0954544295049,1558
2774,105.43860018001251,713
2775,89.5979797464466,2248
2776,103.55634918610403,2883
2777,128.48023074035507,5324
2778,123.62741699796948,2585
2779,121.85281374238562,2587
2780,88.91168824543135,367
2781,73.6274169979695,393
2782,166.53910524340097,3177
2783,144.46803743153538,935
2784,132.8528137423856,2098
2785,73.76955262170046,81
2786,111.29646455628156,576
2787,205.96551211459422,7199
2788,91.95331880577393,1093
2789,130.8406204335659,2102
2790,127.7695526217004,702
2791,130.95331880577396,2123
2792,105.811183182043,970
2793,165.95331880577424,6024
2794,120.0121933088197,595
2795,122.11269837220806,538
2796,137.4091629284896,2509
2797,87.71067811865467,1259
2798,120.22539674441613,1602
2799,182.35028842544423,7634
2800,179.16652224137061,4456
2801,116.29646455628159,520
2802,124.23759005323579,841
2803,83.15432893255065,987
2804,67.25483399593901,600
2805,121.36753236814704,714
2806,122.1959594928932,1230
2807,70.52691193458114,580
2808,87.15432893255065,156
2809,74.59797974644664,377
2810,55.42640687119283,190
2811,76.84062043356592,360
2812,61.2132034355964,367
2813,126.15432893255065,1186
2814,90.88225099390846,1370
2815,85.4680374315354,685
2816,101.52691193458115,1350
2817,100.15432893255064,244
2818,77.39696961966993,932
2819,72.14213562373094,639
2820,135.02438661763938,1741
2821,90.36753236814704,491
2822,59.79898987322332,606
2823,62.012193308819725,267
2824,114.71067811865466,2188
2825,90.42640687119284,306
2826,211.07821048680222,2652
2827,66.69848480983498,495
2828,105.81118318204304,937
2829,85.22539674441613,1089
2830,172.79393923934006,2182
2831,136.811183182043,350
2832,102.0121933088197,736
2833,97.74011537017753,1392
2834,195.40916292848982,1861
2835,127.22539674441609,829
2836,110.35533905932735,447
2837,111.15432893255063,909
2838,209.11984104714497,2823
2839,72.0832611206852,283
2840,79.28427124746187,166
2841,168.68124086713192,4734
2842,72.74011537017756,217
2843,55.627416997969505,685
2844,155.651803615609,2518
2845,172.19595949289342,1562
2846,98.4264068711928,404
2847,234.49242404917524,2301
2848,165.45079348883246,1412
2849,80.98275605729685,593
2850,79.0416305603426,428
2851,161.10764773832477,2981
2852,204.17871555019042,3250
2853,72.28427124746189,219
2854,104.76955262170043,1023
2855,185.79393923934003,3129
2856,143.19595949289322,804
2857,108.05382386916227,573
2858,58.870057685088796,182
2859,98.08326112068517,722
2860,116.36753236814702,2030
2861,78.52691193458112,860
2862,102.8406204335659,465
2863,60.4974746830583,406
2864,91.4680374315354,319
2865,106.5685424949237,330
2866,65.52691193458118,303
2867,94.18376618407355,735
2868,94.0121933088197,1738
2869,121.02438661763938,2581
2870,83.2253967444161,1249
2871,106.46803743153535,1166
2872,105.71067811865468,1132
2873,94.01219330881972,940
2874,134.43860018001254,3152
2875,105.12489168102776,825
2876,211.8650070512056,1781
2877,57.01219330881975,649
2878,68.32590180780448,608
2879,106.01219330881973,235
2880,98.32590180780447,2274
2881,80.36753236814707,388
2882,106.11269837220807,1386
2883,65.87005768508877,195
2884,133.61017305526633,2819
2885,116.09545442950485,880
2886,99.39696961966992,458
2887,192.88225099390849,1205
2888,102.25483399593897,737
2889,178.1959594928933,2463
2890,77.87005768508877,846
2891,192.0071426749365,2733
2892,86.49747468305826,1013
2893,86.84062043356589,282
2894,109.71067811865468,1345
2895,178.13708498984772,2401
2896,87.01219330881972,2016
2897,135.25483399593904,744
2898,93.39696961966993,1699
2899,82.52691193458116,737
2900,138.98275605729683,2174
2901,112.22539674441609,1667
2902,88.76955262170044,1058
2903,134.75230867899722,1229
2904,97.49747468305829,505
2905,95.76955262170046,385
2906,89.22539674441613,902
2907,96.49747468305826,594
2908,105.63961030678917,1001
2909,86.254833995939,251
2910,108.02438661763942,708
2911,131.5269119345812,4208
2912,121.32590180780447,1278
2913,101.94112549695424,1820
2914,163.33809511662423,7509
2915,104.8700576850888,2298
2916,139.43860018001254,982
2917,162.39696961967007,2844
2918,193.8528137423857,9656
2919,142.06601717798196,1739
2920,92.08326112068515,399
2921,107.18376618407352,538
2922,92.76955262170047,1362
2923,165.40916292848993,1853
2924,136.05382386916227,3093
2925,124.14213562373092,3269
2926,142.63961030678922,1371
2927,92.01219330881968,899
2928,163.40916292848988,683
2929,106.59797974644663,2405
2930,172.56854249492383,8616
2931,163.65180361560903,2187
2932,136.91168824543135,2090
2933,137.99494936611654,5275
2934,144.7989898732233,3420
2935,130.6690475583121,3422
2936,127.40916292848962,1757
2937,99.04163056034261,1724
2938,139.50966799187793,2583
2939,110.61017305526632,2633
2940,147.22539674441612,1250
2941,123.33809511662417,814
2942,140.52691193458116,2780
2943,119.4680374315354,4108
2944,111.49747468305827,1681
2945,157.9827560572968,1334
2946,83.4264068711928,170
2947,167.68124086713186,4032
2948,150.40916292848962,2653
2949,99.84062043356589,2136
2950,174.0954544295049,5402
2951,117.3553390593273,881
2952,119.56854249492376,3726
2953,213.12489168102795,2668
2954,144.92388155425112,3599
2955,135.6396103067892,983
2956,120.78174593052013,1932
2957,133.4680374315354,1208
2958,139.95331880577396,621
2959,72.48528137423855,648
2960,125.61017305526634,5170
2961,146.9411254969543,4929
2962,151.95331880577396,2126
2963,99.46803743153542,993
2964,146.76955262170048,1164
2965,156.7817459305202,2535
2966,126.36753236814704,1694
2967,128.0121933088197,3629
2968,137.91168824543144,844
2969,122.91168824543138,1738
2970,139.78174593052023,1731
2971,107.7989898732233,1151
2972,92.21320343559638,842
2973,110.15432893255064,1364
2974,176.46803743153544,4911
2975,122.63961030678918,1616
2976,84.11269837220807,211
2977,144.09545442950485,2305
2978,138.7401153701776,4574
2979,123.63961030678918,1320
2980,163.72287142747453,2049
2981,142.50966799187793,1060
2982,104.32590180780447,766
2983,104.25483399593901,1485
2984,83.32590180780448,1054
2985,174.82337649086287,4601
2986,175.13708498984772,8021
2987,123.31370849898475,2893
2988,179.66904755831212,2520
2989,121.97056274847712,646
2990,116.3553390593273,2783
2991,125.04163056034257,2697
2992,115.28427124746186,1289
2993,107.39696961966995,1124
2994,89.49747468305826,826
2995,114.05382386916231,1872
2996,85.01219330881969,847
2997,110.91168824543132,1114
2998,138.0538238691623,2091
2999,103.9827560572968,1061
3000,1594.9423509862363,5922
3001,1221.5920625607912,4222
3002,2592.9242404917077,7321
3003,2206.336362013065,5613
3004,1698.309883354384,6358
3005,1198.5088014401056,6542
3006,1091.1707063234805,4475
3007,1576.4987001723405,7100
3008,2075.6256838944228,7060
3009,1533.5992052357287,4371
3010,1644.2682527940412,5653
3011,1009.827560572973,3507
3012,1237.8519471906131,3721
3013,1907.831744655083,6530
3014,2308.7333316327254,6383
3015,1300.491557497403,5721
3016,1677.0205614730394,5411
3017,1502.4276323604747,4317
3018,1242.3666658163745,5075
3019,2391.73333163272,7800
3020,1435.8174593052079,5672
3021,1158.9108216936586,3120
3022,1529.9129137347136,6121
3023,1529.0844866099671,6816
3024,1105.697618258062,3808
3025,1530.5281374238632,4122
3026,1533.6286424872515,4861
3027,1728.606347910666,5357
3028,1720.6652224137117,6469
3029,1268.9352083112988,3689
3030,1409.0306627408045,4910
3031,2000.7434329005148,6870
3032,1616.0844866099671,5426
3033,2398.260243567297,7724
3034,973.6437943888991,4981
3035,1332.190042307238,6177
3036,1508.8124086713253,6004
3037,1876.3880938411874,5134
3038,2280.218613006966,5963
3039,1562.711903607937,4653
3040,2189.833836696125,6412
3041,1244.633693121134,3460
3042,1342.959594928939,3589
3043,3058.766952966292,8152
3044,966.9991334482268,3201
3045,1434.687516990297,5850
3046,2017.169839771708,4212
3047,1385.5453813665658,5175
3048,1363.361615182492,2923
3049,2659.7526676164553,7196
3050,1881.5891039679636,5017
3051,1639.9545442950564,6120
3052,1566.3271272970867,6658
3053,1948.559666716441,5093
3054,1852.8195513462629,6481
3055,2723.3384540540774,8037
3056,1553.9129137347136,5955
3057,1916.388093841187,6385
3058,1275.4499269370604,3439
3059,1501.0012254892818,6022
3060,2327.7455249415425,6755
3061,1147.4671708797628,5489
3062,2091.6134905856,7488
3063,1291.8225099390904,3900
3064,2783.5516574896665,8100
3065,1460.515944115043,4752
3066,2283.767819518137,7174
3067,1970.2581515262762,5183
3068,1621.6824663564144,4064
3069,1400.1606050557155,3597
3070,2070.4663043279884,6092
3071,1150.751442127225,4656
3072,1188.8519471906131,3440
3073,1743.7362902255772,5159
3074,921.7442994522874,3852
3075,2461.887660565262,7495
3076,1626.6408357960715,6238
3077,1266.4793641885826,6043
3078,2495.686650438482,7479
3079,1680.2804461028613,7041
3080,1690.9961748553992,6856
3081,2266.2236636408506,6193
3082,1740.0205614730394,6149
3083,1359.0600999923272,3755
3084,1941.9028124669485,6950
3085,1248.751442127225,5681
3086,1075.7981233214502,4653
3087,1059.42554031942,4366
3088,1426.7291475506397,6366
3089,1959.584053334081,7835
3090,2052.713995648992,5045
3091,2139.7972567696693,5349
3092,2876.504976295433,7698
3093,1161.2661607529863,4031
3094,1974.689609031352,6820
3095,2953.1862171625594,8179
3096,1628.2682527940412,5501
3097,1719.7362902255772,5945
3098,1664.0672426672645,5543
3099,1844.1626970967704,4009
3100,654.0538238691628,7680
3101,483.5979797464469,3157
3102,859.0832611206855,5601
3103,1156.296464556282,7780
3104,737.2253967444167,6956
3105,627.5979797464469,4475
3106,566.2842712474621,2183
3107,590.2842712474621,5464
3108,733.4558441227159,3996
3109,714.9827560572974,7190
3110,785.8406204335663,6377
3111,650.4264068711931,4552
3112,1477.740115370178,6555
3113,1064.9116882454318,7229
3114,1110.882250993909,4902
3115,688.870057685089,4573
3116,858.0832611206856,6609
3117,679.7695526217008,4812
3118,627.0121933088201,3732
3119,1068.3969696196702,7696
3120,370.3847763108504,2868
3121,1277.9116882454318,6553
3122,1143.8406204335663,6449
3123,826.7106781186551,5121
3124,564.597979746447,3516
3125,1175.3259018078047,6412
3126,1033.0832611206856,6319
3127,560.0416305603428,4717
3128,884.5685424949243,4384
3129,524.7695526217007,4327
3130,991.6690475583124,5495
3131,751.2132034355966,3914
3132,596.1126983722083,5655
3133,1448.5391052434013,7701
3134,580.6274169979697,3989
3135,1227.4264068711932,4530
3136,839.4974746830587,5764
3137,1453.1543289325512,6493
3138,540.0416305603428,3205
3139,1002.0538238691627,6950
3140,1316.1543289325512,6613
3141,1220.6396103067896,7775
3142,918.3259018078048,4981
3143,1275.4264068711932,7016
3144,483.6984848098352,4384
3145,646.2132034355966,2637
3146,1122.9827560572974,7164
3147,983.6396103067898,7589
3148,1672.4974746830587,5826
3149,1028.9827560572971,5471
3150,1045.8406204335663,5733
3151,509.2842712474621,2412
3152,1083.4974746830587,5903
3153,1013.4264068711932,5687
3154,883.2842712474621,4702
3155,1485.5391052434015,7505
3156,726.9116882454318,3858
3157,554.0416305603427,3147
3158,425.982756057297,4252
3159,1271.8822509939089,6500
3160,844.568542494924,5929
3161,878.6396103067898,6814
3162,673.2548339959394,4706
3163,890.3259018078047,5484
3164,1366.3675323681477,7791
3165,1318.568542494924,7443
3166,527.2132034355966,3828
3167,1216.8528137423862,4907
3168,727.8406204335663,4872
3169,872.3259018078049,5470
3170,1270.8528137423862,6289
3171,702.6274169979697,5031
3172,1276.8111831820436,6573
3173,637.7695526217008,5935
3174,651.4974746830587,5030
3175,788.5685424949243,7435
3176,812.0832611206855,3102
3177,1523.5685424949243,7464
3178,757.9827560572973,7127
3179,520.6984848098352,3792
3180,592.5269119345814,4652
3181,509.6274169979697,4858
3182,777.3969696196702,4908
3183,859.7401153701779,6555
3184,874.7989898732235,2329
3185,395.0832611206854,4683
3186,413.18376618407376,4354
3187,1605.752308678998,7797
3188,500.7989898732235,4317
3189,446.01219330882003,2644
3190,603.1126983722083,6075
3191,1694.2964645562822,8012
3192,798.9411254969546,4756
3193,867.0243866176402,8184
3194,523.5563491861042,4353
3195,593.3553390593277,3257
3196,578.7695526217008,6529
3197,609.2132034355966,1922
3198,462.74011537017793,5969
3199,856.8406204335663,6041
3200,146.95331880577402,1516
3201,67.38477631085021,418
3202,159.5807358037436,1979
3203,195.65180361560928,3930
3204,48.21320343559641,194
3205,35.899494936611674,131
3206,138.22539674441617,2512
3207,56.52691193458116,427
3208,161.1248916810279,1220
3209,131.2964645562816,1147
3210,46.21320343559642,240
3211,179.7523086789975,2643
3212,84.49747468305827,489
3213,131.88225099390849,888
3214,246.90663761154843,4778
3215,40.213203435596434,114
3216,107.74011537017755,1196
3217,170.02438661763966,2999
3218,50.79898987322331,259
3219,40.38477631085023,187
3220,27.656854249492383,54
3221,152.36753236814718,1416
3222,85.56854249492372,682
3223,119.56854249492373,1620
3224,181.58073580374366,2080
3225,133.9238815542511,2082
3226,85.52691193458115,610
3227,79.59797974644663,740
3228,153.12489168102786,2862
3229,111.39696961966992,719
3230,115.88225099390847,1169
3231,216.50966799187833,3035
3232,310.0487732352797,3580
3233,138.7106781186547,1776
3234,123.81118318204302,1904
3235,137.98275605729685,1263
3236,115.56854249492373,1005
3237,80.01219330881973,552
3238,140.50966799187805,1595
3239,108.18376618407355,431
3240,156.0538238691624,1274
3241,215.7228714274748,4835
3242,112.78174593052013,575
3243,136.5391052434009,2157
3244,119.2253967444161,1309
3245,161.65180361560914,2841
3246,136.0538238691623,1170
3247,173.61017305526656,1964
3248,80.32590180780446,403
3249,186.33809511662437,2612
3250,75.76955262170044,495
3251,84.39696961966995,866
3252,235.99494936611694,3521
3253,30.384776310850242,99
3254,78.76955262170044,665
3255,35.55634918610405,153
3256,110.29646455628156,569
3257,30.313708498984763,102
3258,134.15432893255064,1551
3259,236.3797256769672,1862
3260,258.39191898578713,3053
3261,60.28427124746189,421
3262,131.78174593052012,1461
3263,92.49747468305826,540
3264,259.42135623730996,4602
3265,30.213203435596434,145
3266,123.36753236814702,1591
3267,80.35533905932733,836
3268,128.6396103067892,1356
3269,48.21320343559641,255
3270,28.142135623730955,65
3271,71.87005768508878,709
3272,106.32590180780446,1248
3273,153.2964645562817,2796
3274,176.79393923934012,2215
3275,104.0538238691623,641
3276,119.81118318204302,819
3277,36.45584412271572,92
3278,123.811183182043,1879
3279,213.3797256769672,3495
3280,54.870057685088774,248
3281,81.59797974644661,912
3282,200.33809511662457,3141
3283,207.33809511662452,3930
3284,164.36753236814724,3113
3285,146.71067811865476,1183
3286,67.35533905932733,390
3287,99.91168824543138,840
3288,129.46803743153538,994
3289,27.798989873223338,55
3290,166.19595949289342,2456
3291,73.35533905932735,654
3292,143.02438661763952,1353
3293,75.59797974644663,696
3294,141.71067811865476,1788
3295,32.627416997969526,208
3296,174.20815280171323,2049
3297,19.313708498984763,44
3298,187.40916292848985,2022
3299,135.19595949289322,920
3300,115.01219330881969,1586
3301,137.36753236814707,2062
3302,184.82337649086293,5354
3303,133.95331880577396,2197
3304,102.52691193458115,228
3305,110.29646455628156,819
3306,112.76955262170044,918
3307,96.49747468305827,1082
3308,125.95331880577393,2231
3309,149.2964645562817,4585
3310,117.12489168102773,1316
3311,119.05382386916227,1341
3312,93.94112549695423,2139
3313,121.56854249492373,2560
3314,117.15432893255063,1836
3315,122.59797974644661,1347
3316,111.91168824543135,1445
3317,102.74011537017755,1116
3318,128.15432893255064,1442
3319,88.84062043356592,971
3320,132.74011537017753,2387
3321,97.6690475583121,1320
3322,150.46803743153544,1799
3323,123.81118318204301,2950
3324,130.42640687119277,2083
3325,122.29646455628158,1968
3326,140.22539674441612,2837
3327,125.22539674441612,2005
3328,142.66904755831212,3561
3329,101.74011537017753,1620
3330,144.02438661763946,2952
3331,127.9827560572968,3691
3332,123.71067811865466,1586
3333,122.53910524340084,1982
3334,128.12489168102775,1849
3335,131.74011537017753,1847
3336,138.22539674441614,3111
3337,141.53910524340094,2571
3338,90.76955262170044,697
3339,101.94112549695424,2015
3340,161.50966799187802,2241
3341,164.23759005323595,2319
3342,124.88225099390849,4234
3343,124.0121933088197,1074
3344,166.85281374238562,2748
3345,131.98275605729685,1403
3346,108.91168824543135,1159
3347,103.69848480983495,1546
3348,89.45584412271566,1081
3349,162.95331880577407,4191
3350,92.35533905932732,520
3351,149.36753236814718,3430
3352,104.4264068711928,870
3353,128.32590180780448,1857
3354,149.05382386916241,3260
3355,142.22539674441617,3838
3356,122.52691193458114,2637
3357,136.811183182043,2050
3358,160.71067811865476,3882
3359,134.74011537017753,3111
3360,166.75230867899742,3218
3361,152.3380951166243,2338
3362,90.66904755831207,967
3363,103.04163056034257,1130
3364,145.32590180780448,2612
3365,175.23759005323606,2224
3366,139.1959594928933,1460
3367,153.12489168102792,2986
3368,104.08326112068515,862
3369,151.53910524340094,3872
3370,139.1248916810278,3133
3371,122.46803743153538,1365
3372,160.19595949289334,3642
3373,115.32590180780447,1116
3374,123.811183182043,1484
3375,116.32590180780447,1019
3376,152.75230867899737,3747
3377,171.3380951166244,8127
3378,125.81118318204301,1848
3379,131.05382386916227,2204
3380,83.97056274847714,168
3381,136.74011537017756,2741
3382,117.88225099390847,2182
3383,136.43860018001251,3084
3384,136.19595949289325,2434
3385,80.0121933088197,854
3386,111.74011537017755,1646
3387,133.18376618407353,687
3388,156.33809511662434,1266
3389,117.56854249492372,2391
3390,153.9238815542512,1973
3391,127.2842712474619,347
3392,122.46803743153536,1537
3393,80.52691193458118,371
3394,99.0832611206852,1189
3395,165.74011537017765,5563
3396,145.0243866176395,2670
3397,146.32590180780457,862
3398,146.53910524340085,2634
3399,114.76955262170043,133
3400,105.08326112068517,927
3401,124.36753236814702,862
3402,144.82337649086278,1570
3403,145.16652224137044,1691
3404,99.39696961966992,1068
3405,121.88225099390847,1350
3406,159.095454429505,2462
3407,151.6812408671319,2663
3408,171.65180361560914,3248
3409,145.7817459305202,1144
3410,211.10764773832506,5579
3411,134.50966799187802,1966
3412,136.33809511662417,1348
3413,109.29646455628158,1019
3414,101.88225099390849,864
3415,112.0538238691623,1017
3416,136.85281374238565,1105
3417,123.12489168102775,815
3418,104.22539674441612,823
3419,165.16652224137056,2424
3420,149.58073580374358,2017
3421,126.71067811865466,1815
3422,155.1665222413705,1870
3423,132.19595949289322,802
3424,132.61017305526633,1561
3425,153.1665222413705,2342
3426,174.37972567696696,3223
3427,106.29646455628158,762
3428,150.50966799187808,2766
3429,131.68124086713178,1222
3430,115.61017305526633,1217
3431,135.1248916810278,1624
3432,174.55129855222089,2914
3433,138.02438661763944,1313
3434,164.48023074035527,3173
3435,105.0538238691623,857
3436,163.13708498984766,2414
3437,172.13708498984772,3373
3438,21.72792206135786,62
3439,126.68124086713178,1786
3440,164.92388155425127,2131
3441,146.36753236814712,1669
3442,97.81118318204302,558
3443,104.6396103067892,807
3444,114.61017305526632,2016
3445,131.95331880577396,2150
3446,107.66904755831209,827
3447,94.49747468305827,743
3448,144.71067811865476,1573
3449,112.05382386916229,1282
3450,111.81118318204302,425
3451,151.16652224137047,2154
3452,138.43860018001257,1704
3453,119.95331880577395,1279
3454,109.53910524340085,1112
3455,95.98275605729681,1522
3456,107.53910524340085,1130
3457,111.39696961966992,1149
3458,172.16652224137056,1529
3459,87.74011537017756,695
3460,101.39696961966992,1121
3461,135.92388155425112,1681
3462,123.61017305526632,1601
3463,167.23759005323603,2068
3464,151.3380951166243,2339
3465,123.95331880577393,1031
3466,133.12489168102778,3200
3467,167.13708498984775,2354
3468,140.5807358037435,2235
3469,94.39696961966992,799
3470,145.8944443027283,2004
3471,145.0243866176395,1803
3472,133.953318805774,1763
3473,89.0538238691623,737
3474,107.46803743153538,1004
3475,118.88225099390849,1202
3476,133.85281374238562,1764
3477,120.88225099390847,1461
3478,141.26702730475878,1571
3479,128.12489168102775,1261
3480,103.81118318204302,1561
3481,119.91168824543135,1014
3482,144.6812408671319,1365
3483,139.85281374238565,2160
3484,150.4386001800126,1808
3485,137.78174593052017,2048
3486,138.43860018001257,1888
3487,101.39696961966993,1186
3488,134.61017305526633,2397
3489,143.68124086713183,1803
3490,120.02438661763941,1590
3491,115.29646455628158,1797
3492,158.43860018001266,1876
3493,134.26702730475873,1393
3494,125.68124086713178,1729
3495,105.95331880577395,739
3496,138.2670273047587,1786
3497,179.13708498984775,1761
3498,110.05382386916229,1426
3499,152.75230867899734,1235
3500,126.6396103067892,1563
3501,92.94112549695424,1008
3502,92.11269837220804,374
3503,141.06601717798208,1311
3504,97.98275605729684,743
3505,113.04163056034258,907
3506,142.8528137423856,2061
3507,80.66904755831209,709
3508,145.81118318204307,3640
3509,81.98275605729684,357
3510,146.33809511662417,1684
3511,74.28427124746189,748
3512,124.18376618407352,958
3513,76.97056274847712,406
3514,104.12489168102776,917
3515,125.91168824543135,2039
3516,119.85281374238559,1470
3517,97.08326112068517,1385
3518,110.71067811865466,918
3519,122.43860018001251,2280
3520,119.18376618407352,657
3521,121.88225099390844,1081
3522,112.91168824543136,2419
3523,129.2132034355964,1314
3524,131.29646455628153,1495
3525,106.6101730552663,657
3526,98.91168824543136,765
3527,89.46803743153541,563
3528,140.01219330881975,2396
3529,122.01219330881972,2032
3530,78.79898987322332,839
3531,104.78174593052012,463
3532,97.56854249492375,922
3533,85.49747468305826,933
3534,80.98275605729687,632
3535,100.52691193458116,720
3536,118.6812408671318,977
3537,120.1837661840735,1052
3538,114.88225099390846,1089
3539,104.0538238691623,1014
3540,103.19595949289322,530
3541,129.2964645562816,2870
3542,92.05382386916229,870
3543,148.62236636408616,852
3544,108.61017305526632,760
3545,94.62741699796949,647
3546,118.43860018001249,749
3547,128.46803743153538,3329
3548,100.19595949289322,425
3549,102.12489168102776,920
3550,88.38477631085021,1779
3551,106.53910524340085,372
3552,131.33809511662417,1372
3553,140.30865786510128,1298
3554,72.32590180780446,128
3555,125.11269837220804,1598
3556,98.76955262170041,648
3557,154.71067811865476,2612
3558,103.0416305603426,1672
3559,99.39696961966992,834
3560,87.98275605729684,707
3561,107.91168824543139,1496
3562,125.76955262170041,1111
3563,161.16652224137044,4448
3564,128.4386001800125,2123
3565,127.84062043356589,1721
3566,121.22539674441614,1145
3567,81.7989898732233,1534
3568,139.8700576850888,3402
3569,82.45584412271567,492
3570,96.74011537017753,668
3571,81.52691193458114,455
3572,121.15432893255063,1483
3573,155.68124086713192,1713
3574,110.36753236814705,1254
3575,108.36753236814705,1095
3576,123.68124086713179,1019
3577,141.43860018001257,880
3578,123.32590180780444,812
3579,105.19595949289324,839
3580,124.74011537017755,1294
3581,118.56854249492375,781
3582,91.29646455628158,629
3583,79.42640687119281,583
3584,126.68124086713179,1759
3585,147.65180361560894,2147
3586,86.98275605729684,871
3587,126.43860018001251,1980
3588,122.32590180780444,1042
3589,113.74011537017753,500
3590,128.4264068711928,3071
3591,115.88225099390847,782
3592,168.65180361560905,4344
3593,109.69848480983497,663
3594,105.45584412271567,615
3595,114.6396103067892,1910
3596,80.63961030678921,217
3597,85.1837661840735,798
3598,71.21320343559641,805
3599,142.0954544295049,1862
3600,82.15432893255064,355
3601,91.94112549695421,899
3602,146.15432893255064,1873
3603,137.61017305526627,4077
3604,121.2842712474619,1257
3605,161.6101730552664,4893
3606,107.81118318204301,1573
3607,97.45584412271572,549
3608,67.94112549695426,136
3609,122.12489168102779,2251
3610,97.94112549695424,1166
3611,139.52691193458122,3913
3612,110.43860018001253,3468
3613,103.74011537017758,2802
3614,166.59797974644658,6941
3615,127.22539674441612,1417
3616,147.85281374238568,2335
3617,82.12489168102779,1524
3618,182.74011537017753,3037
3619,147.9949493661167,1559
3620,76.11269837220804,783
3621,124.91168824543132,3157
3622,77.59797974644664,596
3623,84.18376618407356,1169
3624,101.87005768508878,1415
3625,133.6690475583121,3524
3626,115.91168824543138,3499
3627,93.49747468305831,1747
3628,102.63961030678921,2239
3629,123.30865786510128,2732
3630,91.94112549695426,2272
3631,235.8061325481601,6436
3632,94.14213562373092,2136
3633,58.45584412271572,445
3634,102.28427124746187,1532
3635,90.94112549695424,1350
3636,87.91168824543135,492
3637,87.48528137423857,825
3638,91.4680374315354,1750
3639,66.66904755831209,466
3640,148.74011537017768,5438
3641,131.35533905932732,3225
3642,135.52691193458116,4263
3643,100.0121933088197,1130
3644,87.12489168102778,912
3645,97.2842712474619,511
3646,73.94112549695424,353
3647,100.97056274847714,1653
3648,79.79898987322332,1274
3649,105.59797974644658,3271
3650,102.1837661840735,1441
3651,122.29646455628155,1784
3652,119.1959594928932,1966
3653,123.22539674441612,1679
3654,89.39696961966993,2187
3655,143.52691193458116,5378
3656,155.04163056034264,1164
3657,189.2081528017134,6189
3658,62.91168824543139,85
3659,112.74011537017758,2900
3660,97.35533905932733,1834
3661,87.35533905932735,1192
3662,102.74011537017755,885
3663,112.49747468305826,966
3664,109.66904755831209,1719
3665,122.56854249492373,1094
3666,136.04163056034258,3264
3667,83.59797974644664,1272
3668,97.24264068711929,275
3669,98.01219330881969,813
3670,123.56854249492372,3421
3671,118.95331880577395,623
3672,79.84062043356589,1120
3673,177.43860018001283,7165
3674,151.53910524340085,4541
3675,114.59797974644663,625
3676,69.11269837220804,462
3677,132.69848480983498,2299
3678,128.12489168102775,1728
3679,128.46803743153538,2629
3680,126.91168824543135,941
3681,124.91168824543135,2523
3682,66.72792206135786,295
3683,111.32590180780443,3432
3684,134.6812408671318,2005
3685,142.1543289325506,1563
3686,81.35533905932736,932
3687,90.22539674441612,652
3688,159.63961030678942,2106
3689,127.33809511662413,2477
3690,61.38477631085024,667
3691,106.56854249492376,1320
3692,91.21320343559643,970
3693,104.25483399593898,3042
3694,132.0121933088197,2844
3695,115.21320343559643,3225
3696,72.89949493661165,617
3697,142.2670273047587,3599
3698,87.45584412271567,2288
3699,107.22539674441614,1608
3700,114.78174593052012,2059
3701,84.1837661840735,2272
3702,89.15432893255061,1203
3703,118.19595949289321,3706
3704,69.21320343559643,241
3705,112.35533905932732,668
3706,99.98275605729683,775
3707,147.33809511662426,2070
3708,75.8406204335659,651
3709,106.32590180780447,2180
3710,128.16652224137033,853
3711,106.94112549695424,381
3712,91.32590180780447,886
3713,84.22539674441612,166
3714,180.59292911256358,307
3715,80.49747468305829,140
3716,97.48528137423857,819
3717,116.72792206135786,163
3718,123.97056274847714,993
3719,84.74011537017756,337
3720,133.78174593052017,2322
3721,129.4091629284896,229
3722,119.66904755831206,1717
3723,140.61017305526633,2953
3724,124.18376618407349,2298
3725,128.36753236814707,2541
3726,74.01219330881973,727
3727,117.26702730475868,494
3728,125.5807358037434,202
3729,94.01219330881972,649
3730,104.46803743153538,469
3731,132.8406204335659,469
3732,173.8944443027284,2462
3733,103.45584412271567,855
3734,185.74011537017756,4240
3735,89.62741699796953,237
3736,143.6812408671318,1014
3737,131.33809511662412,1209
3738,134.36753236814704,1004
3739,99.08326112068514,2017
3740,88.59797974644658,1923
3741,157.0538238691624,1880
3742,118.69848480983498,545
3743,129.98275605729683,913
3744,126.59797974644661,1843
3745,144.82337649086278,1403
3746,137.05382386916227,592
3747,104.01219330881975,514
3748,153.06601717798202,3611
3749,96.88225099390847,600
3750,105.81118318204302,1837
3751,215.20815280171328,2468
3752,125.56854249492372,3062
3753,102.69848480983495,1181
3754,135.0954544295049,1255
3755,131.09545442950488,3608
3756,99.4386001800125,2918
3757,84.97056274847712,1915
3758,124.91168824543132,2069
3759,143.7523086789973,3149
3760,112.99494936611651,258
3761,95.71067811865466,670
3762,106.18376618407352,1546
3763,105.43860018001251,557
3764,85.76955262170043,268
3765,92.08326112068517,1334
3766,83.84062043356589,478
3767,122.04163056034258,3072
3768,111.40916292848962,2118
3769,138.71067811865464,2362
3770,104.0538238691623,245
3771,135.16652224137042,3180
3772,139.15432893255075,1468
3773,112.59797974644663,854
3774,144.29646455628165,1641
3775,148.3675323681471,2652
3776,82.66904755831212,682
3777,101.36753236814701,448
3778,98.6690475583121,909
3779,103.25483399593902,1842
3780,106.71067811865467,445
3781,108.6690475583121,875
3782,112.74011537017756,1044
3783,99.4974746830583,818
3784,124.81118318204297,2166
3785,96.04163056034257,577
3786,99.0832611206852,1329
3787,129.5685424949238,1770
3788,138.8944443027283,4611
3789,88.76955262170046,965
3790,127.1959594928932,1244
3791,93.12489168102775,586
3792,113.0832611206852,1254
3793,105.22539674441614,2090
3794,130.99494936611651,1092
3795,107.15432893255068,1787
3796,124.49747468305827,1070
3797,96.0832611206852,352
3798,162.26702730475884,3069
3799,141.0832611206852,2750
3800,145.48023074035515,1807
3801,124.50966799187796,1954
3802,116.81118318204304,2091
3803,143.651803615609,1226
3804,181.93607486307113,3011
3805,125.88225099390846,2458
3806,68.35533905932736,433
3807,109.88225099390846,726
3808,75.56854249492375,373
3809,101.08326112068515,1295
3810,133.37972567696676,1252
3811,100.81118318204304,1495
3812,101.32590180780446,378
3813,76.69848480983495,386
3814,66.0832611206852,606
3815,97.71067811865467,1090
3816,113.98275605729683,2340
3817,70.25483399593901,1162
3818,96.78174593052013,489
3819,112.95331880577393,1203
3820,112.88225099390849,1343
3821,69.0832611206852,348
3822,116.78174593052013,1328
3823,159.61017305526644,2351
3824,112.46803743153538,948
3825,71.28427124746189,461
3826,96.11269837220806,1459
3827,85.05382386916231,1894
3828,119.50966799187796,2524
3829,177.86500705120562,1582
3830,162.98275605729685,1261
3831,88.71067811865468,532
3832,60.556349186104036,221
3833,127.89444430272819,1021
3834,142.48023074035513,1633
3835,49.94112549695427,208
3836,176.68124086713195,1800
3837,121.12489168102776,804
3838,109.35533905932733,815
3839,94.2253967444161,1012
3840,105.91168824543136,1062
3841,78.32590180780448,331
3842,158.9238815542513,1844
3843,90.01219330881973,299
3844,82.32590180780447,392
3845,107.59797974644661,583
3846,139.16652224137042,1724
3847,92.15432893255064,825
3848,108.08326112068517,775
3849,124.72287142747436,677
3850,107.53910524340085,396
3851,74.28427124746187,498
3852,60.35533905932735,313
3853,81.76955262170041,804
3854,81.84062043356587,740
3855,79.42640687119281,444
3856,119.01219330881969,1082
3857,111.68124086713178,1936
3858,66.49747468305829,279
3859,58.76955262170046,668
3860,56.55634918610402,485
3861,106.15432893255063,934
3862,93.87005768508877,741
3863,76.25483399593902,616
3864,55.355339059327335,148
3865,121.05382386916229,1820
3866,106.19595949289324,855
3867,57.45584412271568,418
3868,53.012193308819725,395
3869,112.46803743153538,1705
3870,80.32590180780447,1184
3871,79.39696961966993,227
3872,143.20815280171306,1580
3873,108.12489168102775,1857
3874,110.4386001800125,1270
3875,110.81118318204302,1968
3876,100.08326112068515,1235
3877,238.97770542341408,2745
3878,118.19595949289324,1383
3879,63.42640687119282,154
3880,126.25483399593898,751
3881,178.6223663640862,2098
3882,116.75230867899724,1280
3883,87.52691193458115,450
3884,229.5929291125636,1864
3885,109.08326112068517,1339
3886,75.29646455628159,218
3887,137.85281374238565,1995
3888,182.0782104868021,2813
3889,81.56854249492375,940
3890,67.254833995939,997
3891,124.811183182043,2835
3892,109.52691193458114,1522
3893,96.61017305526634,1065
3894,105.94112549695423,525
3895,68.59797974644665,605
3896,76.08326112068518,428
3897,134.6396103067892,1282
3898,143.208152801713,2745
3899,66.69848480983497,776
3900,128.29646455628153,1386
3901,114.22539674441609,1298
3902,94.59797974644658,1839
3903,145.76955262170043,4166
3904,150.53910524340097,3746
3905,128.16652224137033,364
3906,155.35533905932735,1049
3907,208.02438661763978,2326
3908,125.71067811865464,1507
3909,112.69848480983498,823
3910,134.5269119345812,3638
3911,132.811183182043,1649
3912,138.12489168102783,3368
3913,132.95331880577396,2033
3914,145.29646455628153,2028
3915,137.46803743153538,6864
3916,107.52691193458114,595
3917,76.94112549695427,736
3918,81.69848480983495,537
3919,158.08326112068525,4492
3920,106.94112549695424,1438
3921,129.5685424949237,344
3922,134.2964645562816,2595
3923,128.35533905932738,4717
3924,143.89444430272817,464
3925,124.26702730475866,3897
3926,86.97056274847712,1293
3927,111.35533905932735,2334
3928,99.66904755831209,677
3929,134.78174593052015,5015
3930,148.36753236814715,6328
3931,95.76955262170046,1331
3932,99.01219330881972,1696
3933,151.65180361560908,4126
3934,142.4264068711928,2059
3935,128.8406204335659,1593
3936,79.39696961966995,1132
3937,208.74011537017782,10448
3938,116.91168824543135,826
3939,80.25483399593902,997
3940,148.23759005323586,3446
3941,121.02438661763938,1009
3942,96.76955262170044,1131
3943,103.49747468305826,1102
3944,96.8822509939085,1117
3945,80.28427124746186,663
3946,87.49747468305826,239
3947,142.19595949289334,979
3948,89.5269119345812,1369
3949,127.91168824543138,1071
3950,139.49747468305827,697
3951,151.74011537017768,5779
3952,100.53910524340083,526
3953,124.367532368147,2222
3954,119.05382386916229,871
3955,88.87005768508875,2941
3956,211.85281374238576,10721
3957,141.02438661763944,6048
3958,120.53910524340084,1411
3959,171.7939392393401,7101
3960,169.05382386916244,8058
3961,120.53910524340083,1584
3962,76.74011537017753,653
3963,77.01219330881972,713
3964,103.76955262170043,365
3965,94.59797974644664,482
3966,125.6396103067892,3508
3967,158.79393923933992,5714
3968,141.33809511662426,1291
3969,145.05382386916233,1818
3970,152.68124086713175,2598
3971,112.89949493661166,2065
3972,163.30865786510137,2174
3973,135.05382386916233,2640
3974,108.45584412271569,1043
3975,129.74011537017753,744
3976,173.94112549695424,7815
3977,301.2964645562819,9366
3978,117.254833995939,255
3979,117.36753236814707,3760
3980,126.84062043356587,1532
3981,100.04163056034258,975
3982,129.81118318204298,3788
3983,146.81118318204312,2710
3984,130.88225099390849,754
3985,84.42640687119278,498
3986,147.25483399593904,2959
3987,169.3380951166244,2749
3988,82.6690475583121,829
3989,97.11269837220807,1495
3990,123.25483399593901,3511
3991,126.81118318204298,531
3992,71.18376618407353,128
3993,127.01219330881973,1852
3994,171.33809511662417,1170
3995,148.36753236814707,4253
3996,150.7695526217005,1140
3997,111.91168824543136,1801
3998,135.42640687119282,502
3999,108.39696961966993,564
4000,1180.023520065867,4821
4001,1868.1454531540678,6958
4002,1797.647978471009,5708
4003,1362.9768388716416,3138
4004,2601.438959117469,8054
4005,1864.375900532367,6063
4006,2580.000358937465,7094
4007,1976.3170260293216,6693
4008,1860.0033175303365,6906
4009,1292.8468965567304,5304
4010,2070.069334708318,6932
4011,1492.0012254892818,4448
4012,1452.6580797387742,5672
4013,1606.410388417772,4810
4014,1713.13831047913,4533
4015,2366.762768884244,8101
4016,1689.1088732276078,4182
4017,2355.0470401317107,6548
4018,1491.4743135547003,5505
4019,2499.9292911256034,6788
4020,2232.625683894406,7318
4021,1490.4154390516546,3902
4022,1368.4326829943575,4840
4023,1962.2875887777989,7764
4024,1772.464212286935,6572
4025,2690.4805896778075,8088
4026,2817.404471232044,7779
4027,1207.1362184380753,3716
4028,1151.7392488184048,2849
4029,1997.4713549618727,6234
4030,1182.3372285648518,4399
4031,2181.9688296449185,7743
4032,1178.9108216936586,3777
4033,1780.2510088513386,5884
4034,1393.0306627408045,3248
4035,1301.2905473706262,3648
4036,1170.3494218736719,5322
4037,934.7564927611074,3108
4038,1121.2539674441662,4276
4039,1568.297690045564,6091
4040,1780.6063479106663,5758
4041,1354.829652614028,5377
4042,2519.7404743076445,7830
4043,2095.1231585774776,5597
4044,1429.6164491784314,5556
4045,1279.9646455628213,4914
4046,1097.5260453828082,4693
4047,1543.2682527940412,5239
4048,1703.2510088513386,5631
4049,1563.2682527940412,4572
4050,1525.3271272970867,6489
4051,2433.8460300049246,6177
4052,1642.2682527940412,6236
4053,2620.4267658086474,7703
4054,1772.4642122869352,3378
4055,1629.5403307326833,4704
4056,2164.1404025201746,7838
4057,2320.135351886278,7528
4058,1005.4549775709427,5049
4059,2429.7160876900134,7807
4060,1474.373808491312,4042
4061,1391.9179643685961,4971
4062,3255.962912459165,7998
4063,973.3006486383915,3998
4064,1640.037805415742,7370
4065,2143.584053334072,6930
4066,1789.6063479106663,5402
4067,2436.7455249415375,6907
4068,1327.4032457428348,6981
4069,1227.6925676241792,2729
4070,1645.9373003523535,5761
4071,1440.1433611130128,5881
4072,2103.1698397717023,6513
4073,1322.373808491312,4922
4074,1057.3128419472116,4036
4075,1263.9768388716416,4102
4076,1145.4966081312855,4842
4077,1613.581961293026,5850
4078,1629.8246019801454,5382
4079,1867.9911242215167,7216
4080,1356.6164491784314,3316
4081,2274.15973850392,7740
4082,871.7909806465127,2274
4083,1563.6702730475943,5555
4084,1622.7829714198026,6156
4085,1774.9789309126966,6115
4086,2037.0277041479771,6917
4087,983.8153672641528,3203
4088,2038.7556262093349,6779
4089,2344.603389317811,7458
4090,1306.1067811865523,4014
4091,2071.6256838944205,7195
4092,1482.8296526140277,6309
4093,1023.4133470105998,3504
4094,1162.43773362824,4884
4095,2889.789247542892,7879
4096,2248.2186130069686,5703
4097,2193.164789137811,7947
4098,2187.064284074426,6887
4099,1721.7362902255772,6583
4100,654.0538238691628,7680
4101,483.5979797464469,3157
4102,859.0832611206855,5601
4103,1156.296464556282,7780
4104,737.2253967444167,6956
4105,627.5979797464469,4475
4106,566.2842712474621,2183
4107,590.2842712474621,5464
4108,733.4558441227159,3996
4109,714.9827560572974,7190
4110,785.8406204335663,6377
4111,650.4264068711931,4552
4112,1477.740115370178,6555
4113,1064.9116882454318,7229
4114,1110.882250993909,4902
4115,688.870057685089,4573
4116,858.0832611206856,6609
4117,679.7695526217008,4812
4118,627.0121933088201,3732
4119,1068.3969696196702,7696
4120,370.3847763108504,2868
4121,1277.9116882454318,6553
4122,1143.8406204335663,6449
4123,826.7106781186551,5121
4124,564.597979746447,3516
4125,1175.3259018078047,6412
4126,1033.0832611206856,6319
4127,560.0416305603428,4717
4128,884.5685424949243,4384
4129,524.7695526217007,4327
4130,991.6690475583124,5495
4131,751.2132034355966,3914
4132,596.1126983722083,5655
4133,1448.5391052434013,7701
4134,580.6274169979697,3989
4135,1227.4264068711932,4530
4136,839.4974746830587,5764
4137,1453.1543289325512,6493
4138,540.0416305603428,3205
4139,1002.0538238691627,6950
4140,1316.1543289325512,6613
4141,1220.6396103067896,7775
4142,918.3259018078048,4981
4143,1275.4264068711932,7016
4144,483.6984848098352,4384
4145,646.2132034355966,2637
4146,1122.9827560572974,7164
4147,983.6396103067898,7589
4148,1672.4974746830587,5826
4149,1028.9827560572971,5471
4150,1045.8406204335663,5733
4151,509.2842712474621,2412
4152,1083.4974746830587,5903
4153,1013.4264068711932,5687
4154,883.2842712474621,4702
4155,1485.5391052434015,7505
4156,726.9116882454318,3858
4157,554.0416305603427,3147
4158,425.982756057297,4252
4159,1271.8822509939089,6500
4160,844.568542494924,5929
4161,878.6396103067898,6814
4162,673.2548339959394,4706
4163,890.3259018078047,5484
4164,1366.3675323681477,7791
4165,1318.568542494924,7443
4166,527.2132034355966,3828
4167,1216.8528137423862,4907
4168,727.8406204335663,4872
4169,872.3259018078049,5470
4170,1270.8528137423862,6289
4171,702.6274169979697,5031
4172,1276.8111831820436,6573
4173,637.7695526217008,5935
4174,651.4974746830587,5030
4175,788.5685424949243,7435
4176,812.0832611206855,3102
4177,1523.5685424949243,7464
4178,757.9827560572973,7127
4179,520.6984848098352,3792
4180,592.5269119345814,4652
4181,509.6274169979697,4858
4182,777.3969696196702,4908
4183,859.7401153701779,6555
4184,874.7989898732235,2329
4185,395.0832611206854,4683
4186,413.18376618407376,4354
4187,1605.752308678998,7797
4188,500.7989898732235,4317
4189,446.01219330882003,2644
4190,603.1126983722083,6075
4191,1694.2964645562822,8012
4192,798.9411254969546,4756
4193,867.0243866176402,8184
4194,523.5563491861042,4353
4195,593.3553390593277,3257
4196,578.7695526217008,6529
4197,609.2132034355966,1922
4198,462.74011537017793,5969
4199,856.8406204335663,6041
4200,146.95331880577402,1516
4201,67.38477631085021,418
4202,159.5807358037436,1979
4203,195.65180361560928,3930
4204,48.21320343559641,194
4205,35.899494936611674,131
4206,138.22539674441617,2512
4207,56.52691193458116,427
4208,161.1248916810279,1220
4209,131.2964645562816,1147
4210,46.21320343559642,240
4211,179.7523086789975,2643
4212,84.49747468305827,489
4213,131.88225099390849,888
4214,246.90663761154843,4778
4215,40.213203435596434,114
4216,107.74011537017755,1196
4217,170.02438661763966,2999
4218,50.79898987322331,259
4219,40.38477631085023,187
4220,27.656854249492383,54
4221,152.36753236814718,1416
4222,85.56854249492372,682
4223,119.56854249492373,1620
4224,181.58073580374366,2080
4225,133.9238815542511,2082
4226,85.52691193458115,610
4227,79.59797974644663,740
4228,153.12489168102786,2862
4229,111.39696961966992,719
4230,115.88225099390847,1169
4231,216.50966799187833,3035
4232,310.0487732352797,3580
4233,138.7106781186547,1776
4234,123.81118318204302,1904
4235,137.98275605729685,1263
4236,115.56854249492373,1005
4237,80.01219330881973,552
4238,140.50966799187805,1595
4239,108.18376618407355,431
4240,156.0538238691624,1274
4241,215.7228714274748,4835
4242,112.78174593052013,575
4243,136.5391052434009,2157
4244,119.2253967444161,1309
4245,161.65180361560914,2841
4246,136.0538238691623,1170
4247,173.61017305526656,1964
4248,80.32590180780446,403
4249,186.33809511662437,2612
4250,75.76955262170044,495
4251,84.39696961966995,866
4252,235.99494936611694,3521
4253,30.384776310850242,99
4254,78.76955262170044,665
4255,35.55634918610405,153
4256,110.29646455628156,569
4257,30.313708498984763,102
4258,134.15432893255064,1551
4259,236.3797256769672,1862
4260,258.39191898578713,3053
4261,60.28427124746189,421
4262,131.78174593052012,1461
4263,92.49747468305826,540
4264,259.42135623730996,4602
4265,30.213203435596434,145
4266,123.36753236814702,1591
4267,80.35533905932733,836
4268,128.6396103067892,1356
4269,48.21320343559641,255
4270,28.142135623730955,65
4271,71.87005768508878,709
4272,106.32590180780446,1248
4273,153.2964645562817,2796
4274,176.79393923934012,2215
4275,104.0538238691623,641
4276,119.81118318204302,819
4277,36.45584412271572,92
4278,123.811183182043,1879
4279,213.3797256769672,3495
4280,54.870057685088774,248
4281,81.59797974644661,912
4282,200.33809511662457,3141
4283,207.33809511662452,3930
4284,164.36753236814724,3113
4285,146.71067811865476,1183
4286,67.35533905932733,390
4287,99.91168824543138,840
4288,129.46803743153538,994
4289,27.798989873223338,55
4290,166.19595949289342,2456
4291,73.35533905932735,654
4292,143.02438661763952,1353
4293,75.59797974644663,696
4294,141.71067811865476,1788
4295,32.627416997969526,208
4296,174.20815280171323,2049
4297,19.313708498984763,44
4298,187.40916292848985,2022
4299,135.19595949289322,920
4300,137.26702730475873,2370
4301,147.71067811865476,2217
4302,160.85281374238573,4268
4303,110.28427124746187,1340
4304,90.18376618407352,576
4305,134.02438661763944,1826
4306,107.32590180780446,968
4307,124.8406204335659,719
4308,127.81118318204301,2137
4309,107.46803743153538,1727
4310,94.0416305603426,400
4311,114.95331880577395,2280
4312,88.49747468305827,1552
4313,122.94112549695423,1994
4314,140.7106781186547,2495
4315,144.32590180780454,4198
4316,164.50966799187802,2506
4317,108.05382386916229,667
4318,135.2964645562816,1474
4319,117.4386001800125,1837
4320,111.25483399593898,957
4321,168.92388155425124,5591
4322,140.19595949289328,3132
4323,126.66904755831206,2891
4324,120.811183182043,1192
4325,145.85281374238565,1378
4326,136.61017305526633,1867
4327,128.53910524340085,2670
4328,149.40916292848976,1529
4329,101.63961030678921,1063
4330,132.254833995939,2267
4331,97.42640687119281,2175
4332,119.98275605729683,1240
4333,112.18376618407352,2282
4334,113.39696961966992,2113
4335,156.33809511662434,1988
4336,120.81118318204301,2287
4337,113.29646455628156,1239
4338,99.8406204335659,1050
4339,126.01219330881973,716
4340,174.30865786510154,4172
4341,133.0538238691623,1174
4342,121.42640687119281,1745
4343,100.52691193458116,735
4344,87.11269837220806,638
4345,126.0416305603426,783
4346,122.6690475583121,1345
4347,106.32590180780444,971
4348,151.95331880577402,3527
4349,161.68124086713195,4750
4350,180.9949493661167,6081
4351,124.32590180780446,1489
4352,99.11269837220806,1015
4353,117.74011537017752,2150
4354,130.12489168102775,2382
4355,76.42640687119281,651
4356,93.25483399593897,1322
4357,133.29646455628156,1068
4358,159.53910524340102,3350
4359,113.15432893255065,1900
4360,116.15432893255064,2675
4361,143.0243866176395,2399
4362,103.84062043356589,1674
4363,92.42640687119278,1015
4364,153.1959594928933,3054
4365,112.7989898732233,676
4366,106.7695526217004,2279
4367,139.29646455628165,2442
4368,128.15432893255064,2142
4369,169.40916292848988,1912
4370,126.71067811865464,1209
4371,122.39696961966993,1673
4372,135.32590180780448,2072
4373,120.36753236814701,1707
4374,110.88225099390847,1147
4375,111.15432893255065,1935
4376,113.811183182043,1630
4377,125.8406204335659,2479
4378,121.95331880577395,1554
4379,144.32590180780448,2840
4380,111.46803743153538,1181
4381,145.7401153701776,2956
4382,109.74011537017753,994
4383,167.5096679918781,4138
4384,127.12489168102775,2052
4385,142.8111831820431,3215
4386,83.21320343559641,333
4387,131.15432893255058,1925
4388,123.56854249492372,1406
4389,116.98275605729684,1505
4390,108.98275605729681,1389
4391,106.2253967444161,1501
4392,113.4680374315354,993
4393,129.1543289325506,2538
4394,150.43860018001254,1578
4395,141.19595949289328,1349
4396,149.0243866176395,2011
4397,144.09545442950497,2037
4398,91.8406204335659,213
4399,121.74011537017756,1205
4400,140.26702730475876,1933
4401,98.32590180780446,1006
4402,111.05382386916229,717
4403,120.12489168102775,1363
4404,126.53910524340084,1647
4405,132.02438661763944,1277
4406,124.26702730475867,1502
4407,165.58073580374364,1508
4408,183.23759005323615,3579
4409,143.1248916810278,1057
4410,190.79393923934015,5184
4411,136.99494936611654,2115
4412,108.2253967444161,1038
4413,137.5391052434009,1725
4414,189.30865786510154,3060
4415,138.36753236814707,2698
4416,225.07821048680228,6021
4417,148.40916292848974,1939
4418,110.12489168102776,911
4419,118.36753236814704,1115
4420,125.19595949289321,2013
4421,154.9949493661167,2703
4422,100.88225099390849,702
4423,176.06601717798227,3156
4424,158.75230867899742,3227
4425,95.63961030678921,634
4426,115.71067811865466,1540
4427,155.65180361560908,2885
4428,106.88225099390849,786
4429,175.30865786510157,1962
4430,118.29646455628156,2111
4431,140.1959594928933,1212
4432,149.68124086713195,2106
4433,157.40916292848982,2470
4434,151.92388155425124,1671
4435,120.95331880577393,2182
4436,113.22539674441612,622
4437,111.2253967444161,763
4438,157.30865786510148,1669
4439,131.0243866176394,1144
4440,184.79393923934015,4132
4441,130.78174593052015,2179
4442,79.01219330881972,694
4443,130.46803743153538,2138
4444,116.46803743153538,1296
4445,131.02438661763944,1394
4446,181.55129855222083,2967
4447,143.09545442950497,1440
4448,185.965512114594,3690
4449,108.81118318204301,769
4450,168.3086578651015,2278
4451,168.72287142747462,2298
4452,133.85281374238565,1386
4453,164.30865786510145,2123
4454,140.4091629284897,816
4455,109.46803743153538,1017
4456,172.03657992645938,3195
4457,109.12489168102776,1134
4458,130.71067811865467,1534
4459,130.09545442950488,1922
4460,93.74011537017755,814
4461,144.26702730475878,2196
4462,114.08326112068517,984
4463,154.3086578651014,2886
4464,128.09545442950488,911
4465,122.19595949289322,893
4466,174.03657992645935,2259
4467,89.91168824543138,442
4468,136.68124086713183,1615
4469,91.56854249492375,642
4470,123.29646455628158,930
4471,144.61017305526642,1664
4472,153.40916292848976,2048
4473,127.85281374238559,1333
4474,110.29646455628158,1084
4475,80.254833995939,575
4476,163.0660171779822,2344
4477,116.9827560572968,1019
4478,108.66904755831209,886
4479,130.09545442950488,1302
4480,105.74011537017755,977
4481,107.98275605729681,948
4482,105.29646455628156,900
4483,150.99494936611669,2049
4484,41.55634918610404,288
4485,159.2670273047588,3739
4486,100.39696961966992,1057
4487,130.68124086713178,2380
4488,131.78174593052015,1713
4489,102.98275605729683,1064
4490,112.29646455628156,1058
4491,127.43860018001249,2410
4492,141.78174593052023,2544
4493,138.46803743153546,1196
4494,99.88225099390849,629
4495,148.23759005323595,1909
4496,111.12489168102775,551
4497,122.36753236814704,762
4498,126.95331880577393,1343
4499,129.19595949289322,1025
4500,98.25483399593901,1308
4501,100.6396103067892,563
4502,132.99494936611654,3150
4503,115.92388155425107,1027
4504,130.15432893255064,1026
4505,87.254833995939,874
4506,74.52691193458115,493
4507,129.88225099390849,971
4508,142.63961030678922,5262
4509,132.16652224137036,1000
4510,116.95331880577393,1090
4511,80.28427124746185,843
4512,113.28427124746186,1385
4513,91.08326112068518,1260
4514,147.5512985522206,1717
4515,113.25483399593898,1707
4516,84.31370849898474,363
4517,111.12489168102776,919
4518,103.36753236814707,991
4519,79.49747468305829,674
4520,114.1837661840735,958
4521,139.6396103067892,1580
4522,109.85281374238559,690
4523,103.01219330881972,583
4524,95.4680374315354,562
4525,135.50966799187796,2459
4526,131.08326112068517,1547
4527,112.53910524340085,1540
4528,114.12489168102776,1624
4529,132.81118318204304,1858
4530,80.66904755831209,695
4531,149.95331880577402,1650
4532,104.5979797464466,1281
4533,90.87005768508877,607
4534,95.12489168102779,1002
4535,141.15432893255075,1512
4536,156.82337649086276,2228
4537,99.98275605729684,875
4538,112.88225099390846,1420
4539,119.05382386916227,1863
4540,79.18376618407352,493
4541,129.09545442950485,735
4542,122.94112549695426,938
4543,112.53910524340084,2162
4544,141.99494936611663,1981
4545,137.5979797464466,704
4546,160.16652224137047,3579
4547,138.68124086713178,1779
4548,127.8822509939085,2364
4549,116.71067811865467,1580
4550,110.71067811865466,1084
4551,144.1248916810278,1807
4552,115.68124086713178,603
4553,76.74011537017758,303
4554,136.56854249492372,1181
4555,79.49747468305829,518
4556,117.29646455628158,1866
4557,104.69848480983497,1326
4558,76.32590180780448,510
4559,111.53910524340085,823
4560,93.7695526217004,1465
4561,202.08326112068528,5565
4562,138.12489168102778,1688
4563,143.7106781186547,257
4564,95.28427124746189,242
4565,108.19595949289322,1054
4566,137.23759005323583,1480
4567,99.11269837220804,1783
4568,132.33809511662415,1016
4569,93.39696961966993,1055
4570,72.74011537017758,599
4571,136.33809511662417,1738
4572,127.09545442950485,1012
4573,125.33809511662416,773
4574,105.55634918610406,168
4575,105.88225099390849,1547
4576,74.38477631085021,443
4577,122.95331880577392,1380
4578,103.53910524340084,905
4579,101.97056274847712,254
4580,122.63961030678921,1478
4581,159.1665222413704,1778
4582,144.48023074035513,936
4583,138.40916292848968,3279
4584,138.08326112068522,2189
4585,103.59797974644661,749
4586,145.06601717798208,1088
4587,104.95331880577396,1456
4588,113.0243866176394,927
4589,121.71067811865466,1218
4590,95.18376618407352,546
4591,140.19595949289322,3434
4592,104.46803743153541,975
4593,153.50966799187802,1499
4594,125.74011537017753,1309
4595,133.06601717798202,1030
4596,105.53910524340085,628
4597,150.2375900532359,4445
4598,148.651803615609,2446
4599,134.36753236814704,2254
4600,95.38477631085021,1351
4601,102.71067811865467,3265
4602,93.4264068711928,1778
4603,94.38477631085021,213
4604,100.91168824543136,1054
4605,58.55634918610403,282
4606,251.2253967444165,4212
4607,109.35533905932732,2367
4608,91.89949493661166,1555
4609,129.3969696196699,3075
4610,92.49747468305827,2149
4611,101.74011537017756,2355
4612,104.56854249492376,2522
4613,145.22539674441606,4615
4614,134.46803743153535,2867
4615,170.05382386916236,5919
4616,150.12489168102775,3036
4617,97.05382386916231,2066
4618,94.01219330881975,1794
4619,123.811183182043,1508
4620,66.38477631085021,1304
4621,113.91168824543136,562
4622,54.94112549695427,409
4623,94.94112549695421,743
4624,115.35533905932735,888
4625,120.50966799187796,3455
4626,93.66904755831209,1109
4627,105.35533905932738,1492
4628,120.66904755831206,2084
4629,72.0121933088197,1133
4630,148.5269119345811,3108
4631,57.38477631085023,537
4632,90.4974746830583,1433
4633,236.45079348883263,9838
4634,85.52691193458118,784
4635,121.78174593052013,1374
4636,194.94112549695427,3608
4637,129.8406204335659,2976
4638,123.89949493661165,3401
4639,104.76955262170043,1648
4640,108.32590180780443,1132
4641,105.66904755831212,802
4642,125.811183182043,3607
4643,86.59797974644663,1209
4644,80.0832611206852,937
4645,130.63961030678922,2405
4646,78.45584412271566,800
4647,113.91168824543135,3096
4648,113.5685424949237,2921
4649,129.69848480983495,2536
4650,62.55634918610404,239
4651,104.97056274847711,1103
4652,211.35533905932732,7552
4653,59.798989873223334,830
4654,100.18376618407355,1476
4655,111.18376618407352,1041
4656,165.50966799187825,2058
4657,92.98275605729683,1977
4658,119.32590180780443,2563
4659,107.79898987322332,2020
4660,103.04163056034261,843
4661,85.18376618407353,316
4662,101.42640687119284,673
4663,159.85281374238573,5930
4664,239.42135623730994,5396
4665,167.35533905932735,2869
4666,143.76955262170043,3833
4667,124.05382386916231,1296
4668,133.42640687119282,1010
4669,67.79898987322333,1083
4670,150.68124086713186,2570
4671,71.18376618407355,260
4672,64.04163056034258,140
4673,92.38477631085021,1270
4674,103.36753236814707,1377
4675,99.71067811865468,1106
4676,106.08326112068515,1716
4677,115.69848480983495,619
4678,101.8406204335659,2005
4679,109.02438661763941,1003
4680,60.18376618407355,333
4681,82.12489168102776,489
4682,83.94112549695429,1515
4683,145.0121933088198,4250
4684,100.69848480983497,2230
4685,68.72792206135784,742
4686,100.69848480983497,737
4687,99.15432893255067,1802
4688,136.6812408671318,2285
4689,140.0954544295048,1203
4690,101.56854249492376,2300
4691,119.74011537017752,2025
4692,83.49747468305829,1790
4693,122.32590180780444,2318
4694,114.94112549695424,2215
4695,92.88225099390846,1428
4696,124.61017305526633,2173
4697,144.38477631085024,2171
4698,127.74011537017756,2200
4699,110.15432893255067,1464
4700,96.22539674441612,793
4701,74.32590180780447,660
4702,136.53910524340085,1956
4703,149.06601717798216,924
4704,231.69343417595195,4267
4705,105.14213562373095,290
4706,170.37972567696693,7640
4707,194.30865786510157,679
4708,101.01219330881969,994
4709,139.78174593052017,3472
4710,101.35533905932736,1727
4711,130.9827560572968,1318
4712,123.99494936611651,1179
4713,116.16652224137034,1103
4714,80.6690475583121,858
4715,110.63961030678918,1640
4716,104.69848480983494,1248
4717,121.62741699796952,328
4718,109.25483399593901,352
4719,138.19595949289325,2222
4720,143.68124086713186,2851
4721,102.91168824543138,1264
4722,28.313708498984763,119
4723,142.98275605729694,1107
4724,104.52691193458116,1951
4725,111.32590180780446,940
4726,133.1126983722081,748
4727,82.56854249492378,809
4728,155.58073580374358,4644
4729,89.63961030678924,1053
4730,146.26702730475867,1186
4731,103.32590180780444,435
4732,149.75230867899725,1199
4733,159.53910524340085,4235
4734,159.3086578651015,6572
4735,116.53910524340083,988
4736,109.55634918610404,568
4737,92.01219330881972,1085
4738,159.0243866176396,5012
4739,88.63961030678918,232
4740,132.08326112068517,1663
4741,87.39696961966995,577
4742,146.99494936611654,2536
4743,93.15432893255063,1795
4744,138.88225099390849,587
4745,123.16652224137032,441
4746,146.40916292848965,980
4747,97.69848480983494,854
4748,145.61017305526633,3419
4749,138.29646455628156,1881
4750,67.59797974644665,138
4751,99.74011537017758,1303
4752,125.9827560572968,506
4753,209.4507934888328,2127
4754,154.4091629284897,3269
4755,85.95331880577397,1063
4756,217.823376490863,3245
4757,66.66904755831209,165
4758,146.50966799187796,1573
4759,121.4680374315354,2077
4760,98.36753236814704,2400
4761,107.81118318204302,1290
4762,75.14213562373092,1021
4763,125.56854249492378,3255
4764,107.0538238691623,3235
4765,113.15432893255064,623
4766,116.32590180780444,1913
4767,94.08326112068515,1236
4768,132.08326112068514,1565
4769,89.22539674441612,357
4770,122.811183182043,2212
4771,104.81118318204304,1433
4772,88.15432893255068,1060
4773,84.32590180780447,1098
4774,146.53910524340085,2877
4775,196.81118318204318,4511
4776,73.52691193458116,356
4777,112.08326112068518,1655
4778,145.26702730475876,2453
4779,123.46803743153541,1934
4780,161.96551211459382,2714
4781,161.29646455628156,2750
4782,86.28427124746186,673
4783,97.74011537017756,779
4784,120.08326112068517,1119
4785,111.49747468305826,377
4786,120.76955262170041,1524
4787,123.99494936611651,1042
4788,111.01219330881968,1721
4789,119.46803743153535,1283
4790,117.28427124746189,454
4791,99.6396103067892,971
4792,125.0832611206852,874
4793,115.698484809835,1813
4794,183.33809511662434,3905
4795,128.6812408671318,3229
4796,112.22539674441612,801
4797,129.25483399593895,1528
4798,150.98275605729694,5540
4799,90.79898987322332,1535
4800,71.94112549695424,662
4801,79.76955262170046,686
4802,73.39696961966992,193
4803,78.6690475583121,952
4804,98.81118318204301,1006
4805,90.74011537017756,604
4806,81.81118318204304,222
4807,118.7695526217004,1710
4808,71.52691193458116,432
4809,73.42640687119282,439
4810,111.15432893255064,1161
4811,99.53910524340084,923
4812,126.0243866176394,713
4813,65.4264068711928,356
4814,75.05382386916231,724
4815,59.04163056034261,149
4816,72.74011537017756,399
4817,155.20815280171317,4934
4818,211.00714267493657,2326
4819,153.12489168102775,2373
4820,112.39696961966995,1516
4821,117.43860018001247,863
4822,188.73506473629442,2752
4823,186.45079348883252,2249
4824,113.71067811865468,2474
4825,197.50966799187816,2320
4826,214.3797256769672,3597
4827,126.09545442950488,4980
4828,120.43860018001251,1343
4829,188.96551211459385,1658
4830,69.87005768508878,943
4831,82.25483399593901,226
4832,95.92388155425107,585
4833,71.0832611206852,196
4834,112.75230867899724,1035
4835,146.48023074035515,1801
4836,197.56349186104063,2754
4837,178.30865786510157,2182
4838,51.11269837220808,99
4839,121.50966799187798,1655
4840,119.71067811865467,428
4841,140.39696961966993,2183
4842,79.74011537017758,816
4843,102.74011537017755,779
4844,114.15432893255061,456
4845,123.12489168102773,2325
4846,59.254833995939016,66
4847,95.15432893255064,888
4848,122.43860018001249,449
4849,109.68124086713178,1373
4850,96.56854249492373,766
4851,82.35533905932733,412
4852,117.254833995939,1465
4853,99.08326112068518,833
4854,166.43860018001266,2054
4855,128.99494936611654,2138
4856,87.49747468305826,972
4857,100.50966799187798,696
4858,81.39696961966995,823
4859,119.74011537017753,1492
4860,128.48023074035507,930
4861,157.79393923933995,2350
4862,87.45584412271567,678
4863,78.49747468305826,272
4864,128.9533188057739,1257
4865,101.88225099390847,852
4866,57.76955262170044,326
4867,84.32590180780446,884
4868,137.367532368147,1133
4869,82.98275605729683,89
4870,161.43860018001266,1691
4871,117.78174593052015,1024
4872,132.74011537017753,2242
4873,125.05382386916229,531
4874,83.39696961966992,484
4875,159.50966799187796,1127
4876,73.52691193458118,957
4877,265.77669529663757,2629
4878,130.46803743153538,3527
4879,116.78174593052015,1941
4880,203.9777054234139,2659
4881,95.01219330881972,440
4882,73.45584412271569,376
4883,125.95331880577395,1755
4884,149.40916292848976,1363
4885,125.81118318204301,1231
4886,54.94112549695426,389
4887,139.49747468305827,766
4888,90.71067811865467,245
4889,63.21320343559641,412
4890,158.7523086789973,3126
4891,164.7228714274746,1317
4892,100.81118318204301,600
4893,122.56854249492375,1174
4894,67.01219330881973,296
4895,113.53910524340085,1128
4896,129.75230867899722,1261
4897,59.899494936611646,733
4898,217.89444430272846,3779
4899,145.8528137423857,946
4900,130.29646455628156,923
4901,112.32590180780444,2772
4902,132.58073580374338,392
4903,137.35533905932738,5159
4904,115.94112549695426,2738
4905,117.45584412271569,686
4906,168.9533188057742,3749
4907,150.15432893255064,2504
4908,100.22539674441607,659
4909,96.38477631085023,640
4910,121.53910524340085,2913
4911,81.94112549695427,996
4912,116.63961030678922,2689
4913,188.81118318204332,3888
4914,98.91168824543134,316
4915,102.56854249492378,2272
4916,135.5269119345811,1057
4917,91.94112549695427,393
4918,153.92388155425118,3654
4919,102.49747468305827,961
4920,201.68124086713192,8693
4921,111.98275605729681,1428
4922,112.49747468305826,1890
4923,142.40916292848968,1437
4924,149.59797974644658,5071
4925,154.52186130069785,1005
4926,144.81118318204307,4365
4927,83.39696961966992,909
4928,137.6690475583121,2106
4929,115.42640687119281,3350
4930,100.59797974644663,1411
4931,112.36753236814701,665
4932,132.59797974644664,419
4933,80.11269837220807,1319
4934,108.01219330881972,914
4935,125.33809511662415,1061
4936,154.19595949289322,6195
4937,147.2964645562816,1377
4938,168.3086578651014,3428
4939,143.4386001800125,2755
4940,112.18376618407349,729
4941,153.76955262170054,1535
4942,82.29646455628159,377
4943,224.3380951166243,9919
4944,152.8111831820431,2869
4945,120.94112549695421,2763
4946,118.32590180780446,1193
4947,101.59797974644664,763
4948,127.15432893255064,3153
4949,111.254833995939,1393
4950,115.05382386916231,4563
4951,121.46803743153534,4472
4952,125.66904755831209,5521
4953,165.98275605729694,7056
4954,117.46803743153542,3325
4955,119.94112549695424,824
4956,112.49747468305824,458
4957,105.84062043356589,1689
4958,172.82337649086304,7766
4959,128.63961030678922,3340
4960,164.37972567696698,5832
4961,148.2670273047587,2613
4962,130.89444430272817,4146
4963,137.4386001800125,1631
4964,149.33809511662415,3438
4965,132.78174593052015,3060
4966,84.49747468305827,363
4967,142.36753236814712,2003
4968,114.53910524340084,1466
4969,116.49747468305827,2225
4970,138.49747468305827,2169
4971,85.35533905932732,485
4972,118.79898987322329,2720
4973,141.78174593052017,3158
4974,74.35533905932735,176
4975,177.50966799187833,2518
4976,100.15432893255064,845
4977,158.68124086713203,986
4978,112.98275605729683,1045
4979,113.92388155425105,2556
4980,134.63961030678922,3918
4981,91.94112549695424,582
4982,210.2081528017133,9088
4983,150.63961030678922,3115
4984,102.04163056034261,2314
4985,118.38477631085023,737
4986,187.1543289325506,10002
4987,128.05382386916233,5207
4988,112.61017305526632,515
4989,120.15432893255064,1404
4990,100.81118318204301,1120
4991,159.75230867899745,1524
4992,83.07106781186546,440
4993,113.65685424949237,374
4994,159.26702730475895,6815
4995,135.2842712474619,893
4996,110.15432893255065,739
4997,130.4558441227157,3763
4998,88.98275605729684,672
4999,171.840620433566,1922
5000,2012.2997820866187,6862
5001,1511.4692629208178,4309
5002,1446.7291475506397,6880
5003,1760.2510088513384,7080
5004,2358.9170978167963,6901
5005,1999.6845583974693,6742
5006,1461.4276323604747,5745
5007,1957.42972440153,6301
5008,1380.9474016201189,6600
5009,1926.748483534397,5681
5010,1524.8418459228483,5534
5011,1521.4865068635204,5175
5012,1356.8468965567306,3501
5013,1898.5474734076208,5795
5014,1990.0449480906793,7367
5015,955.5432893255108,3867
5016,2083.826694021198,6736
5017,1033.555482634331,5351
5018,1448.10173055267,3786
5019,1344.6631303726567,6737
5020,1735.9373003523538,5714
5021,1175.9108216936586,5088
5022,1143.7270555095847,3921
5023,1169.165655689598,4051
5024,2505.059233440516,8002
5025,1652.9373003523538,4738
5026,2108.383043207299,7168
5027,1581.7240969167572,4456
5028,1196.2367235014635,3873
5029,1933.8023074035602,3965
5030,1176.4671708797628,3806
5031,1705.8073580374428,5882
5032,1666.3515139147266,5208
5033,2269.679507763565,7477
5034,2066.495741579511,6826
5035,1687.5230867899807,5846
5036,1812.2753954689786,7316
5037,1084.0113267570468,4914
5038,1698.9789309126966,6382
5039,1397.4032457428348,4851
5040,1806.1626970967704,4509
5041,1109.9108216936586,4336
5042,1702.1505037879501,6058
5043,1812.4469683442326,6711
5044,1599.8540392316681,6608
5045,1244.751442127225,4699
5046,1192.2661607529863,2330
5047,1539.1849916733556,6854
5048,1406.9890321804617,3852
5049,1797.7190462828744,6411
5050,2638.7110370561113,8033
5051,1597.711903607937,6620
5052,2401.1008640008636,7164
5053,1936.9150057757683,5961
5054,2168.5840533340715,7534
5055,1199.751442127225,5397
5056,1361.6458864299539,3718
5057,1353.4326829943575,5618
5058,3093.524312279169,7262
5059,1901.1626970967704,6546
5060,1643.9373003523535,5497
5061,1787.9200564096514,5648
5062,1647.895669792011,7138
5063,1883.4591616530524,4904
5064,1253.7220048757022,3946
5065,1700.008368164219,6391
5066,1478.8002153625052,6602
5067,2362.645019878154,5824
5068,1014.3839097590771,3444
5069,1485.7585848021624,6157
5070,1305.6925676241794,4477
5071,1654.5230867899809,5801
5072,1551.9839815465791,5432
5073,1659.7951647286227,4444
5074,1362.7169542418194,4562
5075,2446.7455249415348,7948
5076,1493.4032457428348,4789
5077,1883.116015902545,7809
5078,2557.6988437473005,7268
5079,2088.110965268658,6862
5080,1394.5159441150429,5296
5081,2446.0764773832257,6647
5082,1798.5352800988007,6895
5083,1942.986073587634,6605
5084,1625.9961748553992,7846
5085,1741.4814562296376,6208
5086,1452.7585848021624,6115
5087,1820.7901140947401,5451
5088,1124.153462380778,3735
5089,1787.1921343482932,4750
5090,1495.2144289248783,5306
5091,1588.1677477306528,8102
5092,1924.1576464628881,7087
5093,1767.8489885977856,4693
5094,1023.3422791987343,2776
5095,3046.470488410009,8185
5096,1506.2854967367439,5000
5097,2279.8510806388203,6342
5098,1315.8763338082533,5000
5099,2270.034846822894,6964
5100,654.0538238691628,7680
5101,483.5979797464469,3157
5102,859.0832611206855,5601
5103,1156.296464556282,7780
5104,737.2253967444167,6956
5105,627.5979797464469,4475
5106,566.2842712474621,2183
5107,590.2842712474621,5464
5108,733.4558441227159,3996
5109,714.9827560572974,7190
5110,785.8406204335663,6377
5111,650.4264068711931,4552
5112,1477.740115370178,6555
5113,1064.9116882454318,7229
5114,1110.882250993909,4902
5115,688.870057685089,4573
5116,858.0832611206856,6609
5117,679.7695526217008,4812
5118,627.0121933088201,3732
5119,1068.3969696196702,7696
5120,370.3847763108504,2868
5121,1277.9116882454318,6553
5122,1143.8406204335663,6449
5123,826.7106781186551,5121
5124,564.597979746447,3516
5125,1175.3259018078047,6412
5126,1033.0832611206856,6319
5127,560.0416305603428,4717
5128,884.5685424949243,4384
5129,524.7695526217007,4327
5130,991.6690475583124,5495
5131,751.2132034355966,3914
5132,596.1126983722083,5655
5133,1448.5391052434013,7701
5134,580.6274169979697,3989
5135,1227.4264068711932,4530
5136,839.4974746830587,5764
5137,1453.1543289325512,6493
5138,540.0416305603428,3205
5139,1002.0538238691627,6950
5140,1316.1543289325512,6613
5141,1220.6396103067896,7775
5142,918.3259018078048,4981
5143,1275.4264068711932,7016
5144,483.6984848098352,4384
5145,646.2132034355966,2637
5146,1122.9827560572974,7164
5147,983.6396103067898,7589
5148,1672.4974746830587,5826
5149,1028.9827560572971,5471
5150,1045.8406204335663,5733
5151,509.2842712474621,2412
5152,1083.4974746830587,5903
5153,1013.4264068711932,5687
5154,883.2842712474621,4702
5155,1485.5391052434015,7505
5156,726.9116882454318,3858
5157,554.0416305603427,3147
5158,425.982756057297,4252
5159,1271.8822509939089,6500
5160,844.568542494924,5929
5161,878.6396103067898,6814
5162,673.2548339959394,4706
5163,890.3259018078047,5484
5164,1366.3675323681477,7791
5165,1318.568542494924,7443
5166,527.2132034355966,3828
5167,1216.8528137423862,4907
5168,727.8406204335663,4872
5169,872.3259018078049,5470
5170,1270.8528137423862,6289
5171,702.6274169979697,5031
5172,1276.8111831820436,6573
5173,637.7695526217008,5935
5174,651.4974746830587,5030
5175,788.5685424949243,7435
5176,812.0832611206855,3102
5177,1523.5685424949243,7464
5178,757.9827560572973,7127
5179,520.6984848098352,3792
5180,592.5269119345814,4652
5181,509.6274169979697,4858
5182,777.3969696196702,4908
5183,859.7401153701779,6555
5184,874.7989898732235,2329
5185,395.0832611206854,4683
5186,413.18376618407376,4354
5187,1605.752308678998,7797
5188,500.7989898732235,4317
5189,446.01219330882003,2644
5190,603.1126983722083,6075
5191,1694.2964645562822,8012
5192,798.9411254969546,4756
5193,867.0243866176402,8184
5194,523.5563491861042,4353
5195,593.3553390593277,3257
5196,578.7695526217008,6529
5197,609.2132034355966,1922
5198,462.74011537017793,5969
5199,856.8406204335663,6041
5200,146.95331880577402,1516
5201,67.38477631085021,418
5202,159.5807358037436,1979
5203,195.65180361560928,3930
5204,48.21320343559641,194
5205,35.899494936611674,131
5206,138.22539674441617,2512
5207,56.52691193458116,427
5208,161.1248916810279,1220
5209,131.2964645562816,1147
5210,46.21320343559642,240
5211,179.7523086789975,2643
5212,84.49747468305827,489
5213,131.88225099390849,888
5214,246.90663761154843,4778
5215,40.213203435596434,114
5216,107.74011537017755,1196
5217,170.02438661763966,2999
5218,50.79898987322331,259
5219,40.38477631085023,187
5220,27.656854249492383,54
5221,152.36753236814718,1416
5222,85.56854249492372,682
5223,119.56854249492373,1620
5224,181.58073580374366,2080
5225,133.9238815542511,2082
5226,85.52691193458115,610
5227,79.59797974644663,740
5228,153.12489168102786,2862
5229,111.39696961966992,719
5230,115.88225099390847,1169
5231,216.50966799187833,3035
5232,310.0487732352797,3580
5233,138.7106781186547,1776
5234,123.81118318204302,1904
5235,137.98275605729685,1263
5236,115.56854249492373,1005
5237,80.01219330881973,552
5238,140.50966799187805,1595
5239,108.18376618407355,431
5240,156.0538238691624,1274
5241,215.7228714274748,4835
5242,112.78174593052013,575
5243,136.5391052434009,2157
5244,119.2253967444161,1309
5245,161.65180361560914,2841
5246,136.0538238691623,1170
5247,173.61017305526656,1964
5248,80.32590180780446,403
5249,186.33809511662437,2612
5250,75.76955262170044,495
5251,84.39696961966995,866
5252,235.99494936611694,3521
5253,30.384776310850242,99
5254,78.76955262170044,665
5255,35.55634918610405,153
5256,110.29646455628156,569
5257,30.313708498984763,102
5258,134.15432893255064,1551
5259,236.3797256769672,1862
5260,258.39191898578713,3053
5261,60.28427124746189,421
5262,131.78174593052012,1461
5263,92.49747468305826,540
5264,259.42135623730996,4602
5265,30.213203435596434,145
5266,123.36753236814702,1591
5267,80.35533905932733,836
5268,128.6396103067892,1356
5269,48.21320343559641,255
5270,28.142135623730955,65
5271,71.87005768508878,709
5272,106.32590180780446,1248
5273,153.2964645562817,2796
5274,176.79393923934012,2215
5275,104.0538238691623,641
5276,119.81118318204302,819
5277,36.45584412271572,92
5278,123.811183182043,1879
5279,213.3797256769672,3495
5280,54.870057685088774,248
5281,81.59797974644661,912
5282,200.33809511662457,3141
5283,207.33809511662452,3930
5284,164.36753236814724,3113
5285,146.71067811865476,1183
5286,67.35533905932733,390
5287,99.91168824543138,840
5288,129.46803743153538,994
5289,27.798989873223338,55
5290,166.19595949289342,2456
5291,73.35533905932735,654
5292,143.02438661763952,1353
5293,75.59797974644663,696
5294,141.71067811865476,1788
5295,32.627416997969526,208
5296,174.20815280171323,2049
5297,19.313708498984763,44
5298,187.40916292848985,2022
5299,135.19595949289322,920
5300,115.91168824543138,554
5301,121.01219330881968,1750
5302,161.6101730552665,2985
5303,117.15432893255064,1232
5304,98.63961030678921,1044
5305,125.46803743153538,2026
5306,139.36753236814712,1320
5307,103.49747468305824,1860
5308,144.05382386916236,2653
5309,113.36753236814702,922
5310,130.18376618407353,1323
5311,106.49747468305824,1584
5312,88.15432893255064,1900
5313,109.59797974644663,697
5314,121.36753236814702,673
5315,142.61017305526636,2171
5316,146.4386001800126,2468
5317,127.95331880577393,909
5318,110.71067811865466,1068
5319,94.91168824543136,1538
5320,125.81118318204301,2057
5321,111.6396103067892,812
5322,112.42640687119281,548
5323,141.63961030678928,3008
5324,127.88225099390846,1660
5325,135.15432893255067,3052
5326,113.15432893255064,1357
5327,104.63961030678921,803
5328,150.6396103067893,4845
5329,120.12489168102773,2226
5330,115.84062043356587,1691
5331,93.59797974644663,1146
5332,139.26702730475873,1816
5333,78.49747468305829,604
5334,143.81118318204307,4645
5335,154.61017305526644,2869
5336,105.32590180780446,966
5337,129.4264068711928,1494
5338,132.2964645562816,2242
5339,117.53910524340085,1118
5340,154.50966799187813,2971
5341,118.91168824543136,2152
5342,96.18376618407353,587
5343,106.94112549695427,2357
5344,136.81118318204304,4038
5345,127.98275605729683,1462
5346,88.49747468305827,1053
5347,97.91168824543136,575
5348,129.5685424949237,1987
5349,146.61017305526636,2648
5350,102.56854249492373,1285
5351,93.42640687119278,751
5352,116.56854249492372,1377
5353,107.39696961966992,796
5354,133.08326112068522,1820
5355,126.91168824543136,1543
5356,79.91168824543136,337
5357,137.36753236814707,3826
5358,108.74011537017755,2544
5359,140.01219330881972,2553
5360,149.61017305526642,3640
5361,117.36753236814702,889
5362,132.56854249492375,1825
5363,121.39696961966992,2335
5364,128.71067811865467,1412
5365,144.26702730475878,1422
5366,111.52691193458112,1130
5367,100.59797974644663,2574
5368,128.22539674441612,1565
5369,90.91168824543138,999
5370,104.91168824543136,1734
5371,138.1959594928932,3175
5372,121.29646455628155,1776
5373,107.32590180780446,1012
5374,107.81118318204301,1264
5375,131.05382386916227,2871
5376,148.0538238691624,3285
5377,153.71067811865476,2685
5378,122.15432893255061,2636
5379,149.12489168102775,1952
5380,106.88225099390849,1164
5381,126.74011537017752,1452
5382,119.32590180780446,2491
5383,110.6396103067892,414
5384,128.11269837220806,2598
5385,136.02438661763946,2148
5386,122.66904755831207,1092
5387,109.29646455628158,975
5388,119.46803743153538,726
5389,140.9827560572969,3628
5390,161.681240867132,2618
5391,135.4680374315354,2226
5392,91.25483399593898,806
5393,114.39696961966993,1445
5394,135.22539674441614,1853
5395,139.698484809835,2304
5396,123.0538238691623,1854
5397,141.53910524340085,1458
5398,98.91168824543135,1782
5399,138.95331880577393,1659
5400,130.50966799187796,1489
5401,123.71067811865467,1691
5402,150.095454429505,2278
5403,167.3086578651015,2504
5404,139.99494936611657,2339
5405,130.78174593052015,1976
5406,26.384776310850242,41
5407,157.4091629284898,4281
5408,155.99494936611669,2536
5409,105.81118318204302,802
5410,143.1959594928933,2962
5411,106.2253967444161,1094
5412,148.33809511662426,2505
5413,107.71067811865466,590
5414,126.19595949289322,2493
5415,176.89444430272846,4286
5416,165.82337649086293,2554
5417,148.02438661763955,2518
5418,158.02438661763955,2638
5419,154.30865786510148,2732
5420,126.95331880577393,1333
5421,108.95331880577395,1165
5422,150.16652224137044,2156
5423,146.58073580374352,1805
5424,158.9949493661167,2177
5425,163.16652224137056,2458
5426,112.95331880577395,1636
5427,113.49747468305827,1177
5428,119.36753236814702,1357
5429,132.61017305526633,1718
5430,103.53910524340087,1229
5431,124.12489168102775,1687
5432,163.99494936611674,3563
5433,120.95331880577393,1335
5434,126.19595949289322,1086
5435,141.92388155425112,1614
5436,139.7106781186547,2124
5437,112.88225099390849,1278
5438,131.2964645562816,2188
5439,139.26702730475876,2749
5440,136.953318805774,2529
5441,144.92388155425115,2031
5442,128.53910524340085,1906
5443,108.71067811865467,1166
5444,132.33809511662417,1473
5445,135.6812408671318,1689
5446,172.1370849898478,2152
5447,111.46803743153538,1471
5448,110.22539674441612,953
5449,156.75230867899737,1466
5450,84.49747468305829,377
5451,151.30865786510137,2750
5452,98.98275605729683,708
5453,109.91168824543136,880
5454,96.15432893255064,873
5455,130.78174593052015,2307
5456,148.8528137423857,2105
5457,103.74011537017753,1870
5458,160.6518036156091,2016
5459,156.23759005323603,1740
5460,108.78174593052012,1264
5461,117.88225099390849,1531
5462,128.9533188057739,1344
5463,106.0538238691623,1106
5464,143.33809511662423,2838
5465,130.95331880577396,1391
5466,127.12489168102775,2692
5467,153.68124086713195,1408
5468,94.56854249492375,640
5469,97.4680374315354,795
5470,137.68124086713183,1528
5471,140.6101730552664,1792
5472,148.33809511662423,1949
5473,114.46803743153538,1464
5474,144.8528137423857,2194
5475,162.8944443027284,2191
5476,130.09545442950488,1354
5477,159.33809511662434,3273
5478,156.5807358037436,2627
5479,94.3969696196699,822
5480,91.98275605729684,916
5481,154.2670273047588,1795
5482,90.15432893255065,881
5483,144.75230867899734,2430
5484,130.12489168102778,2342
5485,123.85281374238559,1530
5486,112.95331880577395,1441
5487,94.39696961966993,975
5488,102.74011537017756,1074
5489,124.78174593052012,1233
5490,183.58073580374375,3420
5491,154.9949493661167,2506
5492,126.85281374238559,1631
5493,102.88225099390849,843
5494,147.26702730475876,2257
5495,200.13708498984784,3710
5496,154.09545442950503,3596
5497,133.43860018001254,1345
5498,166.2670273047588,4028
5499,140.33809511662423,2020
5500,129.91168824543138,774
5501,116.61017305526632,1125
5502,130.69848480983495,271
5503,128.11269837220806,885
5504,111.11269837220807,578
5505,103.32590180780444,901
5506,76.52691193458116,526
5507,106.46803743153538,863
5508,106.76955262170047,2682
5509,129.91168824543135,2447
5510,151.75230867899737,1242
5511,117.4386001800125,1847
5512,103.91168824543138,1209
5513,123.04163056034257,809
5514,143.2670273047587,2039
5515,125.39696961966992,1016
5516,119.81118318204298,1164
5517,121.76955262170041,1687
5518,69.2132034355964,262
5519,89.05382386916233,698
5520,75.35533905932733,453
5521,116.52691193458114,1727
5522,122.254833995939,218
5523,109.32590180780444,299
5524,83.35533905932735,989
5525,126.82337649086273,1092
5526,133.0538238691623,2763
5527,93.56854249492375,791
5528,129.18376618407353,1001
5529,107.59797974644665,2090
5530,122.74011537017752,3409
5531,117.35533905932733,1160
5532,88.4680374315354,403
5533,129.09545442950485,873
5534,80.76955262170044,350
5535,115.4386001800125,1055
5536,74.94112549695427,642
5537,115.59797974644661,948
5538,113.74011537017753,930
5539,77.42640687119282,1189
5540,115.85281374238558,1520
5541,122.32590180780447,1213
5542,94.76955262170041,676
5543,121.74011537017755,1953
5544,65.18376618407353,282
5545,109.6101730552663,287
5546,100.8700576850888,517
5547,102.49747468305827,1041
5548,112.69848480983497,581
5549,128.56854249492375,2468
5550,158.23759005323603,1324
5551,116.4680374315354,231
5552,88.2132034355964,619
5553,113.52691193458116,1838
5554,160.88225099390854,3074
5555,104.49747468305827,1197
5556,137.40916292848965,2843
5557,112.71067811865468,1266
5558,154.95331880577413,1506
5559,128.066017177982,653
5560,112.81118318204302,1263
5561,93.56854249492375,1907
5562,122.39696961966993,2709
5563,96.01219330881969,1220
5564,116.11269837220803,726
5565,96.76955262170041,554
5566,84.4264068711928,771
5567,128.94112549695424,1492
5568,107.05382386916226,537
5569,109.19595949289324,930
5570,91.18376618407355,977
5571,136.33809511662417,1353
5572,76.01219330881973,455
5573,90.56854249492373,507
5574,96.15432893255065,1389
5575,95.98275605729684,717
5576,130.88225099390843,1115
5577,131.4386001800125,1064
5578,102.35533905932732,1009
5579,68.87005768508878,560
5580,146.43860018001254,2340
5581,126.2670273047587,1177
5582,126.2253967444161,638
5583,147.15432893255064,519
5584,80.8700576850888,389
5585,105.71067811865467,525
5586,106.3969696196699,1712
5587,104.29646455628155,1036
5588,96.94112549695423,642
5589,107.22539674441612,1117
5590,143.33809511662423,1420
5591,143.9949493661166,3626
5592,183.7817459305204,3289
5593,104.59797974644661,1661
5594,118.91168824543138,2456
5595,110.69848480983497,1101
5596,122.39696961966993,1154
5597,148.9116882454315,3308
5598,91.74011537017756,1645
5599,84.49747468305827,444
5600,122.74011537017756,1876
5601,89.07106781186546,1379
5602,104.94112549695421,2875
5603,133.32590180780448,2768
5604,128.6812408671318,1395
5605,75.84062043356593,763
5606,141.19595949289322,4581
5607,132.09545442950485,862
5608,141.0121933088197,3611
5609,105.12489168102776,361
5610,114.88225099390847,3291
5611,135.367532368147,4770
5612,69.84062043356587,953
5613,72.56854249492373,667
5614,97.53910524340087,1124
5615,128.18376618407353,952
5616,132.4802307403551,922
5617,126.76955262170043,2520
5618,107.32590180780444,1196
5619,169.4386001800127,4032
5620,114.94112549695427,3412
5621,106.21320343559643,452
5622,102.15432893255065,4153
5623,99.84062043356593,1387
5624,119.7817459305201,2209
5625,68.25483399593901,750
5626,126.88225099390844,2891
5627,109.0121933088197,2448
5628,117.0416305603426,796
5629,99.08326112068515,2631
5630,88.45584412271569,1052
5631,66.97056274847714,586
5632,130.7106781186547,4382
5633,92.66904755831206,1593
5634,122.61017305526629,1621
5635,163.2670273047589,4335
5636,117.12489168102775,3316
5637,90.35533905932733,429
5638,79.59797974644661,161
5639,110.88225099390846,1962
5640,101.254833995939,1386
5641,82.18376618407353,674
5642,158.96551211459388,2393
5643,94.88225099390846,1024
5644,60.142135623730944,421
5645,72.76955262170044,930
5646,77.35533905932735,559
5647,97.4264068711928,719
5648,78.59797974644664,1733
5649,65.11269837220809,413
5650,143.05382386916233,2669
5651,109.01219330881973,691
5652,112.81118318204302,1236
5653,96.32590180780446,941
5654,137.2375900532359,1475
5655,98.84062043356592,1604
5656,69.79898987322332,933
5657,111.05382386916226,730
5658,111.46803743153535,1149
5659,123.66904755831209,2619
5660,110.04163056034257,2126
5661,107.94112549695426,4243
5662,138.22539674441612,3576
5663,93.11269837220809,1119
5664,108.62741699796949,1787
5665,105.49747468305827,1815
5666,102.0954544295049,2609
5667,109.84062043356589,1248
5668,91.21320343559643,240
5669,119.49747468305826,1088
5670,118.97056274847712,1850
5671,82.87005768508881,825
5672,104.18376618407355,483
5673,144.63961030678917,1012
5674,92.81118318204304,2721
5675,109.33809511662417,2681
5676,65.79898987322333,402
5677,97.39696961966992,1468
5678,120.6274169979695,3272
5679,117.49747468305827,1373
5680,61.870057685088774,469
5681,161.1959594928934,3291
5682,105.98275605729687,2597
5683,89.35533905932733,364
5684,107.01219330881969,1085
5685,164.39696961966996,5719
5686,105.71067811865468,1088
5687,99.8822509939085,954
5688,71.11269837220806,360
5689,109.19595949289324,1314
5690,133.8528137423856,956
5691,112.3847763108502,2073
5692,95.8406204335659,1177
5693,76.28427124746187,219
5694,238.25483399593912,6126
5695,83.66904755831209,1253
5696,113.66904755831206,1018
5697,122.55634918610401,2681
5698,78.62741699796949,481
5699,139.5685424949237,2954
5700,103.39696961966992,2354
5701,113.15432893255063,670
5702,151.12489168102775,3954
5703,109.81118318204302,1601
5704,154.50966799187822,3169
5705,105.32590180780448,726
5706,129.32590180780448,3124
5707,109.46803743153538,989
5708,107.78174593052013,683
5709,139.0954544295049,2568
5710,129.5979797464466,916
5711,90.59797974644661,1162
5712,107.81118318204305,1485
5713,117.25483399593901,1122
5714,168.79393923934015,1967
5715,117.78174593052012,1031
5716,105.6396103067892,546
5717,142.33809511662412,3742
5718,138.88225099390849,1151
5719,127.81118318204301,1978
5720,74.87005768508878,446
5721,124.91168824543136,1077
5722,83.29646455628159,1131
5723,91.15432893255065,1720
5724,106.81118318204301,593
5725,116.33809511662416,1801
5726,94.74011537017756,944
5727,114.91168824543135,1028
5728,118.3969696196699,1138
5729,143.79393923933995,4951
5730,132.63961030678917,3288
5731,82.97056274847712,1110
5732,112.22539674441607,1325
5733,110.91168824543135,873
5734,132.811183182043,2110
5735,121.48023074035507,683
5736,156.2253967444163,4121
5737,149.4386001800125,2647
5738,155.19595949289328,3760
5739,116.36753236814704,1087
5740,143.39696961967,3158
5741,131.74011537017753,3238
5742,233.45079348883283,3204
5743,161.65180361560897,1442
5744,94.98275605729684,554
5745,122.95331880577397,3816
5746,115.811183182043,1683
5747,121.12489168102775,2055
5748,149.05382386916244,4581
5749,127.2253967444161,733
5750,178.2670273047587,4350
5751,89.81118318204302,2111
5752,94.84062043356586,1201
5753,134.04163056034258,3186
5754,159.208152801713,936
5755,118.71067811865468,1415
5756,84.18376618407356,689
5757,123.6101730552663,1283
5758,151.68124086713198,2189
5759,117.19595949289322,391
5760,93.55634918610403,956
5761,136.46803743153538,1615
5762,106.32590180780446,720
5763,125.49747468305827,2631
5764,128.05382386916227,2320
5765,132.61017305526633,1660
5766,106.78174593052015,1481
5767,97.0832611206852,431
5768,132.12489168102778,2546
5769,114.56854249492373,1367
5770,111.8822509939085,1319
5771,147.16652224137033,2253
5772,98.4680374315354,1919
5773,113.45584412271566,2227
5774,164.65180361560897,456
5775,198.82337649086293,5285
5776,150.5807358037435,2202
5777,112.84062043356589,1117
5778,139.16652224137042,1041
5779,165.55129855222071,2739
5780,134.35533905932735,4856
5781,82.52691193458114,1671
5782,131.12489168102775,4290
5783,183.86500705120548,7485
5784,134.12489168102778,1632
5785,131.33809511662417,1893
5786,165.36753236814712,4341
5787,131.43860018001251,2454
5788,146.22539674441623,3158
5789,118.26702730475867,666
5790,158.0538238691624,4034
5791,141.76955262170048,418
5792,156.98275605729702,3908
5793,126.45584412271566,1554
5794,107.92388155425107,3029
5795,166.48023074035513,1202
5796,81.14213562373094,1368
5797,160.72287142747462,2164
5798,160.58073580374355,2677
5799,151.49747468305833,1853
5800,176.89444430272843,1196
5801,118.40916292848961,1104
5802,120.53910524340084,1586
5803,88.08326112068518,347
5804,72.0832611206852,135
5805,83.88225099390847,602
5806,158.7228714274746,1517
5807,138.7106781186547,421
5808,92.15432893255065,1013
5809,81.98275605729684,1363
5810,104.78174593052015,1225
5811,75.0121933088197,1447
5812,207.52186130069822,1591
5813,99.81118318204302,594
5814,194.48023074035552,2677
5815,110.25483399593897,824
5816,185.86500705120565,2126
5817,87.01219330881972,631
5818,104.98275605729683,753
5819,150.61017305526633,1399
5820,98.32590180780447,1245
5821,73.25483399593898,568
5822,58.012193308819725,402
5823,135.06601717798202,1620
5824,137.2375900532358,1926
5825,81.76955262170046,449
5826,74.87005768508877,512
5827,103.08326112068515,610
5828,87.39696961966995,883
5829,89.91168824543139,959
5830,78.01219330881973,1737
5831,90.49747468305827,552
5832,60.112698372208065,537
5833,129.61017305526633,2564
5834,87.81118318204301,798
5835,226.43354954612985,2825
5836,190.5096679918781,1653
5837,94.2253967444161,207
5838,145.63961030678928,1123
5839,85.81118318204304,652
5840,79.08326112068518,540
5841,217.8233764908631,2921
5842,93.22539674441613,884
5843,119.05382386916226,1310
5844,119.56854249492375,896
5845,53.76955262170046,145
5846,69.69848480983498,370
5847,228.39191898578707,5945
5848,98.74011537017758,725
5849,79.49747468305827,1643
5850,59.94112549695427,579
5851,104.46803743153538,1294
5852,77.08326112068517,490
5853,120.29646455628155,363
5854,81.0832611206852,235
5855,82.01219330881972,250
5856,154.7228714274745,2488
5857,198.22034611053314,3095
5858,171.40916292848988,4096
5859,76.98275605729685,108
5860,85.35533905932735,1150
5861,81.81118318204304,811
5862,56.083261120685194,257
5863,70.4558441227157,146
5864,101.29646455628155,1015
5865,143.95331880577393,383
5866,107.46803743153541,2412
5867,130.49747468305827,552
5868,159.48023074035518,3132
5869,153.36753236814712,2212
5870,77.69848480983497,587
5871,79.56854249492376,1194
5872,97.76955262170044,761
5873,76.4264068711928,1064
5874,105.59797974644663,1534
5875,138.30865786510125,2491
5876,91.74011537017755,1391
5877,159.37972567696693,3411
5878,70.56854249492375,167
5879,110.95331880577396,1110
5880,66.11269837220809,281
5881,106.12489168102776,758
5882,103.32590180780444,2838
5883,159.37972567696693,1966
5884,119.68124086713176,567
5885,77.18376618407352,598
5886,115.12489168102776,1180
5887,72.49747468305829,323
5888,101.2670273047587,1114
5889,225.86500705120568,2558
5890,132.16652224137033,447
5891,88.59797974644664,679
5892,94.45584412271567,2438
5893,67.18376618407353,921
5894,76.56854249492376,167
5895,117.19595949289324,558
5896,94.35533905932735,502
5897,85.35533905932733,453
5898,126.4091629284896,977
5899,78.94112549695427,151
5900,105.32590180780446,1929
5901,162.6101730552664,2642
5902,273.8528137423861,8917
5903,180.72287142747464,8660
5904,121.36753236814701,1348
5905,126.26702730475871,3697
5906,91.91168824543135,441
5907,114.66904755831206,1081
5908,174.50966799187825,6914
5909,159.09545442950505,3596
5910,111.91168824543136,588
5911,100.97056274847712,1376
5912,155.46803743153563,1801
5913,98.97056274847711,1673
5914,167.29646455628165,5457
5915,135.40916292848965,3807
5916,126.12489168102773,643
5917,129.39696961966996,4003
5918,119.46803743153538,1295
5919,132.69848480983498,645
5920,113.98275605729678,3003
5921,117.3969696196699,1737
5922,109.11269837220806,820
5923,86.04163056034261,356
5924,120.25483399593897,1695
5925,85.6690475583121,953
5926,88.35533905932733,474
5927,153.12489168102786,1829
5928,112.74011537017758,855
5929,133.05382386916227,1263
5930,108.85281374238559,1189
5931,143.78174593052012,1056
5932,138.65180361560888,417
5933,112.74011537017758,948
5934,165.03657992645935,2130
5935,164.12489168102792,8329
5936,156.2670273047589,4172
5937,119.88225099390847,1566
5938,145.22539674441612,3964
5939,126.71067811865464,383
5940,132.98275605729685,1913
5941,100.21320343559643,3060
5942,77.01219330881973,982
5943,121.15432893255063,1766
5944,108.22539674441614,1687
5945,105.87005768508878,2500
5946,138.88225099390849,3940
5947,72.84062043356593,680
5948,153.39696961967,3609
5949,119.7695526217004,1554
5950,161.85281374238565,1827
5951,103.76955262170043,1467
5952,116.36753236814701,715
5953,112.91168824543138,2461
5954,168.71067811865476,1188
5955,146.66904755831212,937
5956,95.63961030678918,1069
5957,96.0243866176394,661
5958,124.88225099390846,1643
5959,114.0416305603426,2397
5960,147.6690475583122,5750
5961,121.08326112068517,733
5962,121.78174593052013,3414
5963,122.05382386916226,2353
5964,142.91168824543138,5717
5965,87.32590180780447,617
5966,155.9655121145938,909
5967,139.15432893255067,6374
5968,98.8822509939085,762
5969,168.53910524340097,5812
5970,92.07106781186548,615
5971,139.2964645562816,3591
5972,123.3969696196699,1901
5973,156.40916292848968,791
5974,158.88225099390849,1991
5975,113.9827560572968,1039
5976,105.56854249492375,2930
5977,92.2842712474619,1163
5978,112.4264068711928,615
5979,120.6274169979695,406
5980,102.52691193458118,2624
5981,132.25483399593904,4680
5982,158.43860018001268,7820
5983,134.63961030678922,2569
5984,96.55634918610403,1398
5985,108.39696961966992,3007
5986,100.46803743153538,361
5987,116.74011537017755,2903
5988,112.84062043356589,1535
5989,113.98275605729685,2164
5990,135.3969696196699,2701
5991,72.31370849898474,337
5992,121.49747468305827,1642
5993,104.53910524340085,1067
5994,151.8528137423856,1244
5995,152.43860018001251,640
5996,91.66904755831209,1510
5997,121.59797974644661,1725
5998,126.71067811865463,2612
5999,149.9827560572968,372
6000,1783.8784258493083,6627
6001,2447.757718250352,6590
6002,2297.248050258489,7389
6003,1878.5891039679636,8022
6004,2249.9637790110296,7978
6005,1035.6265504461965,2981
6006,2296.5495654486526,6184
6007,2411.444009751368,7491
6008,2189.424673767636,7903
6009,1766.2926394116814,7170
6010,2522.4145724998402,7727
6011,2339.774962193067,7377
6012,1546.0844866099674,5785
6013,1733.907863100831,6897
6014,1081.1828996323006,4548
6015,1188.165655689598,4779
6016,1756.2926394116814,4616
6017,2690.7821048679702,6893
6018,1799.9911242215167,5958
6019,1670.4814562296378,5051
6020,1798.3342699720242,7168
6021,2606.497833620516,6374
6022,1557.3687578574295,6556
6023,2186.608439951708,6158
6024,1640.8662325404882,6755
6025,1268.621499812314,3361
6026,2711.208511739163,7996
6027,1642.8367952889655,5516
6028,1628.3393206059068,7328
6029,1667.3393206059068,6093
6030,2162.566809391369,7553
6031,2461.6033893178037,7762
6032,1192.3372285648518,4797
6033,2100.8388873300146,7595
6034,2060.1992770232296,6849
6035,2230.8338366961207,7469
6036,1250.4204896855374,3871
6037,1391.8590898655507,5193
6038,1176.567675943151,5382
6039,1037.6732316404218,3755
6040,1739.8784258493083,5890
6041,1362.8885271170734,5256
6042,2238.5201281971363,7339
6043,2608.9658710520525,7981
6044,1499.11392386149,4685
6045,1585.439825669295,5518
6046,1814.5891039679636,7498
6047,1633.8662325404882,5818
6048,1415.4326829943575,4748
6049,2820.877559297466,8019
6050,1885.0033175303365,5875
6051,2128.696751706282,6953
6052,1733.9789309126963,6193
6053,2080.240907583571,5793
6054,1909.6307345283064,5312
6055,1977.8733752154258,7145
6056,1189.6509370638366,4223
6057,1429.7291475506397,4773
6058,1547.9839815465791,6009
6059,1759.9373003523538,5184
6060,1542.6408357960715,5558
6061,1555.8834764831909,6163
6062,2502.728280998825,7991
6063,1205.43773362824,5244
6064,1115.8813844421359,3791
6065,1501.1849916733556,6090
6066,2054.655121145946,6854
6067,2413.360748630686,6641
6068,2223.2236636408547,4890
6069,1314.4326829943575,5684
6070,2226.0815280171237,7312
6071,1186.9646455628213,6142
6072,1442.4621202458802,6480
6073,2071.797256769676,8053
6074,1754.2753954689788,6049
6075,2614.8704166225507,6993
6076,1325.0184694319842,3201
6077,2134.42467376764,8128
6078,1732.493649538458,6035
6079,2154.3952365161153,7831
6080,1660.581961293026,6237
6081,1817.3342699720242,6367
6082,1457.6164491784314,3291
6083,1515.930157677416,5694
6084,1652.9961748553992,5592
6085,2602.0125522462813,7187
6086,1799.9911242215167,7496
6087,1270.5626253092682,3619
6088,1693.192134348293,6412
6089,1421.1727983645355,5810
6090,1501.0134187981018,4279
6091,2079.5251788310325,5811
6092,1779.4469683442328,7357
6093,1917.1454531540678,6001
6094,918.3300858899141,1417
6095,2051.45411101917,7606
6096,1303.3494218736719,4998
6097,2090.956636336109,6502
6098,1364.8763338082533,3801
6099,2110.9688296449267,5873
6100,654.0538238691628,7680
6101,483.5979797464469,3157
6102,859.0832611206855,5601
6103,1156.296464556282,7780
6104,737.2253967444167,6956
6105,627.5979797464469,4475
6106,566.2842712474621,2183
6107,590.2842712474621,5464
6108,733.4558441227159,3996
6109,714.9827560572974,7190
6110,785.8406204335663,6377
6111,650.4264068711931,4552
6112,1477.740115370178,6555
6113,1064.9116882454318,7229
6114,1110.882250993909,4902
6115,688.870057685089,4573
6116,858.0832611206856,6609
6117,679.7695526217008,4812
6118,627.0121933088201,3732
6119,1068.3969696196702,7696
6120,370.3847763108504,2868
6121,1277.9116882454318,6553
6122,1143.8406204335663,6449
6123,826.7106781186551,5121
6124,564.597979746447,3516
6125,1175.3259018078047,6412
6126,1033.0832611206856,6319
6127,560.0416305603428,4717
6128,884.5685424949243,4384
6129,524.7695526217007,4327
6130,991.6690475583124,5495
6131,751.2132034355966,3914
6132,596.1126983722083,5655
6133,1448.5391052434013,7701
6134,580.6274169979697,3989
6135,1227.4264068711932,4530
6136,839.4974746830587,5764
6137,1453.1543289325512,6493
6138,540.0416305603428,3205
6139,1002.0538238691627,6950
6140,1316.1543289325512,6613
6141,1220.6396103067896,7775
6142,918.3259018078048,4981
6143,1275.4264068711932,7016
6144,483.6984848098352,4384
6145,646.2132034355966,2637
6146,1122.9827560572974,7164
6147,983.6396103067898,7589
6148,1672.4974746830587,5826
6149,1028.9827560572971,5471
6150,1045.8406204335663,5733
6151,509.2842712474621,2412
6152,1083.4974746830587,5903
6153,1013.4264068711932,5687
6154,883.2842712474621,4702
6155,1485.5391052434015,7505
6156,726.9116882454318,3858
6157,554.0416305603427,3147
6158,425.982756057297,4252
6159,1271.8822509939089,6500
6160,844.568542494924,5929
6161,878.6396103067898,6814
6162,673.2548339959394,4706
6163,890.3259018078047,5484
6164,1366.3675323681477,7791
6165,1318.568542494924,7443
6166,527.2132034355966,3828
6167,1216.8528137423862,4907
6168,727.8406204335663,4872
6169,872.3259018078049,5470
6170,1270.8528137423862,6289
6171,702.6274169979697,5031
6172,1276.8111831820436,6573
6173,637.7695526217008,5935
6174,651.4974746830587,5030
6175,788.5685424949243,7435
6176,812.0832611206855,3102
6177,1523.5685424949243,7464
6178,757.9827560572973,7127
6179,520.6984848098352,3792
6180,592.5269119345814,4652
6181,509.6274169979697,4858
6182,777.3969696196702,4908
6183,859.7401153701779,6555
6184,874.7989898732235,2329
6185,395.0832611206854,4683
6186,413.18376618407376,4354
6187,1605.752308678998,7797
6188,500.7989898732235,4317
6189,446.01219330882003,2644
6190,603.1126983722083,6075
6191,1694.2964645562822,8012
6192,798.9411254969546,4756
6193,867.0243866176402,8184
6194,523.5563491861042,4353
6195,593.3553390593277,3257
6196,578.7695526217008,6529
6197,609.2132034355966,1922
6198,462.74011537017793,5969
6199,856.8406204335663,6041
6200,146.95331880577402,1516
6201,67.38477631085021,418
6202,159.5807358037436,1979
6203,195.65180361560928,3930
6204,48.21320343559641,194
6205,35.899494936611674,131
6206,138.22539674441617,2512
6207,56.52691193458116,427
6208,161.1248916810279,1220
6209,131.2964645562816,1147
6210,46.21320343559642,240
6211,179.7523086789975,2643
6212,84.49747468305827,489
6213,131.88225099390849,888
6214,246.90663761154843,4778
6215,40.213203435596434,114
6216,107.74011537017755,1196
6217,170.02438661763966,2999
6218,50.79898987322331,259
6219,40.38477631085023,187
6220,27.656854249492383,54
6221,152.36753236814718,1416
6222,85.56854249492372,682
6223,119.56854249492373,1620
6224,181.58073580374366,2080
6225,133.9238815542511,2082
6226,85.52691193458115,610
6227,79.59797974644663,740
6228,153.12489168102786,2862
6229,111.39696961966992,719
6230,115.88225099390847,1169
6231,216.50966799187833,3035
6232,310.0487732352797,3580
6233,138.7106781186547,1776
6234,123.81118318204302,1904
6235,137.98275605729685,1263
6236,115.56854249492373,1005
6237,80.01219330881973,552
6238,140.50966799187805,1595
6239,108.18376618407355,431
6240,156.0538238691624,1274
6241,215.7228714274748,4835
6242,112.78174593052013,575
6243,136.5391052434009,2157
6244,119.2253967444161,1309
6245,161.65180361560914,2841
6246,136.0538238691623,1170
6247,173.61017305526656,1964
6248,80.32590180780446,403
6249,186.33809511662437,2612
6250,75.76955262170044,495
6251,84.39696961966995,866
6252,235.99494936611694,3521
6253,30.384776310850242,99
6254,78.76955262170044,665
6255,35.55634918610405,153
6256,110.29646455628156,569
6257,30.313708498984763,102
6258,134.15432893255064,1551
6259,236.3797256769672,1862
6260,258.39191898578713,3053
6261,60.28427124746189,421
6262,131.78174593052012,1461
6263,92.49747468305826,540
6264,259.42135623730996,4602
6265,30.213203435596434,145
6266,123.36753236814702,1591
6267,80.35533905932733,836
6268,128.6396103067892,1356
6269,48.21320343559641,255
6270,28.142135623730955,65
6271,71.87005768508878,709
6272,106.32590180780446,1248
6273,153.2964645562817,2796
6274,176.79393923934012,2215
6275,104.0538238691623,641
6276,119.81118318204302,819
6277,36.45584412271572,92
6278,123.811183182043,1879
6279,213.3797256769672,3495
6280,54.870057685088774,248
6281,81.59797974644661,912
6282,200.33809511662457,3141
6283,207.33809511662452,3930
6284,164.36753236814724,3113
6285,146.71067811865476,1183
6286,67.35533905932733,390
6287,99.91168824543138,840
6288,129.46803743153538,994
6289,27.798989873223338,55
6290,166.19595949289342,2456
6291,73.35533905932735,654
6292,143.02438661763952,1353
6293,75.59797974644663,696
6294,141.71067811865476,1788
6295,32.627416997969526,208
6296,174.20815280171323,2049
6297,19.313708498984763,44
6298,187.40916292848985,2022
6299,135.19595949289322,920
6300,112.91168824543136,1426
6301,116.15432893255064,135
6302,170.99494936611677,2522
6303,123.66904755831207,574
6304,140.36753236814712,2436
6305,151.25483399593912,3821
6306,112.3553390593273,2307
6307,173.23759005323603,2391
6308,117.88225099390846,1877
6309,102.87005768508875,1998
6310,142.05382386916241,1850
6311,97.254833995939,861
6312,100.14213562373092,1621
6313,126.05382386916229,1368
6314,134.15432893255064,2681
6315,151.71067811865476,2571
6316,127.53910524340085,1604
6317,94.15432893255064,2534
6318,127.32590180780444,404
6319,106.66904755831207,2911
6320,119.25483399593901,1272
6321,148.53910524340094,3283
6322,97.15432893255064,766
6323,87.25483399593901,855
6324,123.53910524340084,3207
6325,96.49747468305826,955
6326,103.59797974644663,1054
6327,123.94112549695424,924
6328,105.49747468305827,1247
6329,175.43860018001274,2880
6330,129.95331880577396,2283
6331,147.7106781186548,2115
6332,98.254833995939,1039
6333,121.29646455628156,1286
6334,119.63961030678921,1713
6335,179.16652224137064,3322
6336,157.12489168102792,3170
6337,102.63961030678921,1350
6338,124.9827560572968,1480
6339,128.8528137423856,2197
6340,95.91168824543135,1446
6341,164.40916292848974,3189
6342,140.12489168102778,2009
6343,129.9533188057739,3661
6344,120.84062043356592,928
6345,116.5979797464466,2502
6346,117.6396103067892,1998
6347,128.28427124746187,675
6348,118.94112549695424,2221
6349,118.15432893255064,1572
6350,146.85281374238562,1550
6351,117.46803743153538,2471
6352,137.63961030678925,1631
6353,119.79898987322329,1028
6354,107.66904755831209,958
6355,90.18376618407353,444
6356,92.69848480983497,1349
6357,168.02438661763952,3516
6358,127.92388155425105,1147
6359,141.5391052434009,2267
6360,115.81118318204301,1740
6361,128.2253967444161,2659
6362,131.63961030678922,1980
6363,129.05382386916227,1915
6364,121.56854249492373,1271
6365,123.46803743153536,3046
6366,128.95331880577393,1664
6367,86.76955262170044,1219
6368,145.68124086713186,2131
6369,108.81118318204301,1535
6370,136.88225099390854,2397
6371,106.6690475583121,1308
6372,132.35533905932735,2595
6373,107.59797974644661,2094
6374,134.7401153701776,1752
6375,102.66904755831209,1022
6376,128.32590180780446,1852
6377,131.46803743153538,1594
6378,96.42640687119281,1108
6379,122.05382386916229,1681
6380,195.50966799187825,5282
6381,115.74011537017753,1734
6382,133.53910524340083,2266
6383,108.05382386916229,891
6384,159.85281374238576,2804
6385,109.39696961966993,1666
6386,129.12489168102775,1553
6387,160.237590053236,3214
6388,111.98275605729684,1259
6389,104.08326112068518,528
6390,135.85281374238565,2187
6391,172.09545442950503,3691
6392,136.36753236814707,3840
6393,179.8111831820432,3774
6394,113.46803743153536,1917
6395,127.63961030678921,2558
6396,118.46803743153538,2172
6397,174.43860018001274,3698
6398,124.7817459305201,1224
6399,83.39696961966995,916
6400,146.50966799187805,2504
6401,108.95331880577396,1463
6402,95.6396103067892,676
6403,109.12489168102775,845
6404,131.19595949289322,1374
6405,107.6396103067892,928
6406,161.9238815542512,3104
6407,115.56854249492373,1370
6408,125.85281374238559,1022
6409,114.78174593052012,1233
6410,93.91168824543136,1194
6411,119.36753236814704,1646
6412,82.91168824543136,868
6413,131.61017305526633,1785
6414,114.71067811865466,1271
6415,149.1665222413705,2630
6416,139.09545442950494,1942
6417,94.49747468305827,624
6418,209.69343417595198,5367
6419,94.0832611206852,882
6420,143.58073580374355,1878
6421,98.4680374315354,721
6422,152.40916292848974,2100
6423,137.19595949289328,2233
6424,153.095454429505,2258
6425,117.53910524340083,1137
6426,101.91168824543136,899
6427,140.58073580374352,1742
6428,143.95331880577405,3023
6429,89.22539674441612,378
6430,131.36753236814704,940
6431,110.36753236814704,1433
6432,81.42640687119281,442
6433,124.4386001800125,1063
6434,173.37972567696696,2315
6435,157.65180361560903,1846
6436,124.39696961966992,1576
6437,200.93607486307116,5200
6438,103.81118318204302,1199
6439,105.74011537017753,1181
6440,105.81118318204302,1053
6441,104.53910524340085,969
6442,131.78174593052015,1761
6443,133.26702730475873,1748
6444,185.37972567696713,2705
6445,124.61017305526632,1974
6446,94.81118318204302,580
6447,137.78174593052017,1737
6448,112.81118318204301,1546
6449,118.46803743153538,1049
6450,176.55129855222083,2947
6451,136.1248916810278,2354
6452,122.36753236814704,982
6453,185.27922061357873,3951
6454,145.50966799187808,1287
6455,139.92388155425112,2305
6456,112.53910524340085,1034
6457,125.78174593052013,1529
6458,132.78174593052015,1389
6459,156.6518036156091,2425
6460,162.0660171779822,2172
6461,97.22539674441612,416
6462,123.71067811865466,2238
6463,126.16652224137033,1858
6464,95.4680374315354,728
6465,178.23759005323606,2705
6466,120.36753236814704,1886
6467,96.39696961966992,870
6468,85.42640687119282,833
6469,113.0538238691623,1030
6470,97.56854249492375,845
6471,141.19595949289334,1307
6472,173.48023074035535,3525
6473,161.16652224137056,2886
6474,152.16652224137047,1530
6475,127.4386001800125,1411
6476,136.6101730552664,1458
6477,124.78174593052013,1506
6478,133.3675323681471,1125
6479,115.71067811865468,1283
6480,116.0538238691623,1800
6481,129.19595949289322,1637
6482,203.62236636408636,4034
6483,139.16652224137042,1962
6484,100.15432893255064,990
6485,145.46803743153544,1722
6486,154.2670273047588,2820
6487,90.98275605729683,716
6488,131.33809511662415,862
6489,162.33809511662437,2750
6490,115.12489168102776,1126
6491,151.0660171779822,2456
6492,138.0954544295049,1923
6493,112.56854249492373,1658
6494,120.88225099390849,900
6495,94.98275605729683,851
6496,137.75230867899734,2437
6497,88.22539674441612,391
6498,131.2670273047587,1967
6499,102.2253967444161,903
6500,182.68124086713206,2181
6501,109.88225099390851,2126
6502,137.2670273047587,2371
6503,99.0416305603426,1021
6504,114.12489168102775,352
6505,78.04163056034258,1276
6506,108.01219330881972,1875
6507,139.26702730475878,858
6508,80.15432893255067,1345
6509,89.42640687119281,1016
6510,106.39696961966995,1485
6511,103.74011537017752,987
6512,140.96551211459368,1325
6513,125.98275605729683,1618
6514,113.63961030678921,1114
6515,84.32590180780447,489
6516,137.39696961966993,3518
6517,136.36753236814707,2018
6518,130.22539674441612,1556
6519,101.12489168102773,307
6520,111.15432893255063,1108
6521,96.4680374315354,1721
6522,115.01219330881969,1777
6523,111.6396103067892,743
6524,118.74011537017756,967
6525,116.6396103067892,1956
6526,125.0121933088197,1841
6527,108.45584412271567,659
6528,107.25483399593897,1480
6529,79.254833995939,756
6530,131.49747468305827,2884
6531,108.56854249492373,1944
6532,131.4386001800125,3374
6533,121.11269837220806,778
6534,121.39696961966989,2903
6535,116.94112549695423,1330
6536,123.4386001800125,1310
6537,114.18376618407352,894
6538,91.5979797464466,1097
6539,104.76955262170046,948
6540,125.29646455628158,1142
6541,141.99494936611663,1370
6542,124.0121933088197,2022
6543,118.11269837220807,2543
6544,97.56854249492375,519
6545,115.32590180780444,2109
6546,146.53910524340088,2237
6547,90.56854249492375,1042
6548,143.23759005323592,1130
6549,119.18376618407355,1176
6550,121.91168824543138,1818
6551,141.3675323681471,1875
6552,112.85281374238562,2308
6553,143.1248916810278,2486
6554,110.25483399593901,1526
6555,154.75230867899734,2480
6556,102.49747468305824,1118
6557,166.79393923934,875
6558,120.25483399593898,849
6559,112.84062043356589,2109
6560,83.0416305603426,677
6561,99.39696961966992,723
6562,141.66904755831206,3339
6563,78.35533905932732,961
6564,99.56854249492375,1076
6565,86.01219330881972,628
6566,122.61017305526633,1975
6567,75.8406204335659,916
6568,109.49747468305826,1063
6569,84.56854249492372,197
6570,129.61017305526633,1139
6571,136.61017305526633,1783
6572,100.55634918610404,248
6573,92.04163056034258,584
6574,121.12489168102778,1566
6575,109.49747468305826,451
6576,141.35533905932743,4334
6577,114.0243866176394,908
6578,105.84062043356589,853
6579,100.69848480983497,491
6580,82.97056274847712,1586
6581,133.4264068711928,654
6582,129.3969696196699,1913
6583,79.76955262170043,894
6584,140.06601717798202,3881
6585,116.76955262170041,985
6586,92.29646455628159,759
6587,99.25483399593902,1679
6588,85.66904755831209,579
6589,97.6690475583121,1615
6590,100.74011537017756,428
6591,122.7817459305201,1189
6592,115.95331880577397,1533
6593,86.66904755831209,848
6594,129.22539674441612,3213
6595,108.88225099390847,1424
6596,93.254833995939,665
6597,87.04163056034258,686
6598,125.75230867899725,2355
6599,97.91168824543136,668
6600,79.12489168102778,971
6601,123.56854249492378,2523
6602,59.94112549695426,579
6603,77.76955262170041,973
6604,160.26702730475867,5538
6605,112.29646455628159,2564
6606,71.55634918610403,812
6607,77.89949493661166,778
6608,100.59797974644663,1972
6609,156.30865786510145,2818
6610,97.29646455628156,350
6611,66.28427124746187,885
6612,89.7989898732233,1418
6613,139.46803743153538,711
6614,90.42640687119281,1082
6615,141.87005768508882,3403
6616,207.9116882454314,2897
6617,152.63961030678922,2342
6618,90.63961030678922,1019
6619,127.98275605729684,627
6620,88.79898987322329,2127
6621,107.84062043356587,2199
6622,111.04163056034258,914
6623,84.04163056034258,205
6624,103.63961030678921,1006
6625,119.49747468305823,3099
6626,123.49747468305829,1607
6627,147.0832611206852,3992
6628,85.28427124746187,884
6629,136.7401153701776,3313
6630,107.61017305526633,1944
6631,87.76955262170046,529
6632,156.75230867899745,2328
6633,110.87005768508878,1649
6634,70.35533905932733,1394
6635,102.5979797464466,1911
6636,139.49747468305827,4916
6637,129.18376618407353,2784
6638,84.55634918610403,1117
6639,85.11269837220807,861
6640,109.36753236814705,3188
6641,78.91168824543139,1038
6642,96.28427124746189,2172
6643,114.84062043356587,1836
6644,116.25483399593898,1188
6645,114.05382386916226,1815
6646,115.35533905932735,427
6647,82.31370849898474,544
6648,90.49747468305827,1151
6649,115.91168824543138,1826
6650,141.52691193458116,4085
6651,97.79898987322333,2681
6652,76.22539674441612,264
6653,104.87005768508877,2160
6654,90.74011537017759,1880
6655,110.94112549695427,1931
6656,176.85281374238582,3219
6657,140.8233764908627,2816
6658,102.91168824543138,735
6659,84.49747468305829,1317
6660,69.52691193458116,1627
6661,94.28427124746189,1199
6662,103.08326112068518,663
6663,84.91168824543139,1772
6664,63.79898987322331,391
6665,92.42640687119281,1179
6666,163.3553390593275,1309
6667,105.05382386916231,1480
6668,63.45584412271569,984
6669,98.11269837220804,2423
6670,154.18376618407348,4358
6671,114.81118318204297,1267
6672,102.12489168102775,2373
6673,128.2253967444161,1490
6674,79.1126983722081,104
6675,100.87005768508878,2440
6676,179.3675323681473,2333
6677,68.59797974644664,363
6678,98.59797974644665,802
6679,95.05382386916231,2036
6680,122.7695526217004,3006
6681,100.31370849898474,2240
6682,140.49747468305821,1228
6683,80.7989898732233,890
6684,129.05382386916227,3686
6685,133.4264068711928,3420
6686,115.05382386916229,2537
6687,100.6690475583121,820
6688,147.65180361560908,1209
6689,94.94112549695424,1629
6690,127.88225099390847,1324
6691,98.87005768508877,1705
6692,93.74011537017756,1751
6693,139.35533905932732,1440
6694,120.7817459305201,2193
6695,109.63961030678921,1720
6696,242.4974746830587,1936
6697,69.01219330881972,490
6698,53.798989873223334,115
6699,95.66904755831212,817
6700,132.58073580374344,1871
6701,113.22539674441606,2063
6702,126.69848480983494,1170
6703,149.40916292848974,1540
6704,99.42640687119282,1049
6705,169.99494936611654,4481
6706,144.33809511662417,1842
6707,109.68124086713179,846
6708,90.11269837220809,1581
6709,199.823376490863,3839
6710,145.2670273047588,916
6711,198.59292911256347,2873
6712,120.56854249492375,2102
6713,105.84062043356586,1249
6714,130.30865786510128,432
6715,132.95331880577393,3851
6716,149.02438661763938,1031
6717,123.12489168102773,1256
6718,141.6396103067892,2922
6719,92.91168824543135,404
6720,114.12489168102775,1374
6721,112.74011537017753,768
6722,96.59797974644664,550
6723,138.4264068711928,2747
6724,116.29646455628158,1408
6725,104.8406204335659,1043
6726,144.88225099390854,2335
6727,98.94112549695424,852
6728,102.29646455628156,857
6729,231.7766952966373,6320
6730,101.05382386916231,786
6731,118.68124086713179,809
6732,108.32590180780446,1234
6733,183.0954544295052,1972
6734,140.36753236814707,3644
6735,89.18376618407353,1254
6736,181.0243866176396,1952
6737,116.75230867899725,1182
6738,132.88225099390846,1873
6739,125.32590180780441,2869
6740,188.5929291125635,9458
6741,175.79393923934,3141
6742,96.98275605729685,1138
6743,124.79898987322329,3271
6744,108.91168824543138,229
6745,160.1370849898476,665
6746,131.98275605729683,724
6747,153.91168824543138,263
6748,78.84062043356592,508
6749,186.19595949289345,4809
6750,117.12489168102776,1572
6751,175.0538238691624,1821
6752,92.84062043356587,2440
6753,100.88225099390849,1702
6754,135.05382386916224,1679
6755,129.0954544295049,1541
6756,104.74011537017756,264
6757,135.4264068711928,3135
6758,109.76955262170043,1389
6759,117.56854249492376,2356
6760,100.29646455628158,1272
6761,182.75230867899748,2508
6762,112.50966799187799,2281
6763,141.82337649086278,3052
6764,135.19595949289322,706
6765,130.50966799187796,1801
6766,126.09545442950485,369
6767,139.43860018001254,1228
6768,132.33809511662412,1526
6769,149.62236636408613,4707
6770,119.05382386916226,1769
6771,118.59797974644663,1506
6772,136.95331880577393,1742
6773,94.81118318204302,668
6774,98.22539674441607,1533
6775,162.03657992645924,1928
6776,178.4507934888323,1990
6777,95.55634918610401,1569
6778,131.61017305526633,1594
6779,124.85281374238556,476
6780,152.30865786510125,532
6781,124.04163056034257,1332
6782,96.32590180780446,1125
6783,144.65180361560897,1110
6784,152.16652224137033,3582
6785,122.63961030678915,2306
6786,139.0243866176394,1248
6787,146.58073580374344,1908
6788,82.84062043356587,591
6789,127.95331880577389,2124
6790,116.8233764908627,539
6791,143.71067811865476,2413
6792,102.76955262170046,578
6793,81.69848480983495,1063
6794,99.18376618407353,479
6795,133.0538238691623,2011
6796,121.66904755831206,2710
6797,125.88225099390851,2207
6798,126.32590180780444,2281
6799,79.08326112068521,679
6800,124.19595949289322,2419
6801,62.112698372208065,380
6802,73.87005768508877,671
6803,96.15432893255063,1115
6804,104.56854249492373,1981
6805,112.99494936611654,963
6806,228.7056274847718,2680
6807,53.04163056034258,558
6808,103.91168824543134,448
6809,149.72287142747453,1325
6810,81.04163056034261,200
6811,123.99494936611653,1580
6812,168.43860018001268,2408
6813,118.78174593052015,2129
6814,107.7817459305201,1073
6815,101.4680374315354,506
6816,85.25483399593898,497
6817,215.55129855222089,1874
6818,111.74011537017758,1003
6819,93.87005768508878,477
6820,97.22539674441612,1125
6821,149.30865786510142,2010
6822,76.91168824543138,602
6823,104.81118318204301,1471
6824,86.84062043356592,212
6825,117.32590180780444,3024
6826,117.43860018001247,2010
6827,95.29646455628158,918
6828,116.12489168102775,436
6829,98.4386001800125,2132
6830,99.56854249492375,2040
6831,83.59797974644663,1159
6832,99.22539674441609,501
6833,75.56854249492375,260
6834,103.05382386916227,618
6835,88.0832611206852,692
6836,112.3969696196699,1471
6837,181.76450198781737,2825
6838,218.24978336205595,2504
6839,84.46803743153541,181
6840,129.4091629284896,1601
6841,75.94112549695424,256
6842,118.09545442950487,835
6843,117.16652224137034,1939
6844,164.1370849898476,1924
6845,92.71067811865467,1638
6846,116.3969696196699,1935
6847,112.08326112068517,922
6848,72.39696961966995,250
6849,75.35533905932735,459
6850,141.7939392393399,2076
6851,82.74011537017755,1231
6852,85.55634918610401,1170
6853,182.79393923934012,5290
6854,70.59797974644664,178
6855,110.98275605729685,1168
6856,112.56854249492373,1049
6857,92.11269837220804,701
6858,69.25483399593901,82
6859,144.61017305526636,1391
6860,123.58073580374344,1080
6861,104.59797974644661,904
6862,205.69343417595198,1568
6863,139.89444430272826,1428
6864,86.45584412271567,830
6865,169.75230867899734,1660
6866,83.45584412271572,310
6867,99.81118318204302,1111
6868,65.56854249492375,297
6869,160.7228714274746,3098
6870,206.50966799187825,2588
6871,180.2792206135787,1616
6872,59.18376618407354,345
6873,86.11269837220806,788
6874,106.53910524340085,1451
6875,110.15432893255065,1701
6876,95.2670273047587,406
6877,59.42640687119281,81
6878,60.42640687119282,97
6879,74.97056274847714,525
6880,64.38477631085023,223
6881,65.94112549695429,898
6882,131.08326112068517,1541
6883,195.86500705120562,1453
6884,79.49747468305829,994
6885,204.4507934888326,1452
6886,88.49747468305829,326
6887,93.39696961966992,1313
6888,112.88225099390844,2277
6889,166.2670273047588,1915
6890,59.769552621700456,182
6891,159.2375900532361,756
6892,65.87005768508878,539
6893,84.52691193458114,399
6894,166.33809511662437,2562
6895,88.74011537017755,577
6896,95.81118318204301,496
6897,55.11269837220807,141
6898,90.98275605729684,1611
6899,122.68124086713179,377
6900,104.2253967444161,1203
6901,110.69848480983494,2071
6902,132.94112549695424,719
6903,98.3847763108502,2542
6904,104.25483399593898,1093
6905,111.46803743153535,1006
6906,95.94112549695423,1096
6907,114.0416305603426,566
6908,125.59797974644661,857
6909,162.96551211459374,2237
6910,111.22539674441612,975
6911,137.6690475583121,2616
6912,94.91168824543138,157
6913,106.0121933088197,2188
6914,143.18376618407353,3794
6915,141.0243866176394,1134
6916,127.91168824543135,946
6917,164.5512985522207,2588
6918,96.62741699796948,642
6919,155.52691193458116,3879
6920,117.11269837220803,1733
6921,201.42640687119314,8906
6922,111.26702730475866,720
6923,140.53910524340083,3343
6924,169.0243866176396,4291
6925,110.56854249492372,683
6926,131.56854249492375,2485
6927,107.8700576850888,1034
6928,95.46803743153542,1170
6929,142.66904755831212,1607
6930,104.42640687119281,1388
6931,109.12489168102773,639
6932,116.39696961966993,602
6933,118.56854249492376,1076
6934,113.78174593052012,1130
6935,154.8406204335659,4109
6936,132.91168824543138,3000
6937,153.3380951166243,5931
6938,138.92388155425104,1586
6939,107.53910524340087,1268
6940,127.92388155425108,5277
6941,128.59797974644664,1952
6942,107.46803743153541,1656
6943,171.40916292848976,4268
6944,99.59797974644663,715
6945,142.4091629284896,2038
6946,141.8111831820431,2179
6947,185.09545442950508,6514
6948,113.46803743153536,1144
6949,142.61017305526633,5767
6950,128.8528137423856,2937
6951,111.21320343559638,2361
6952,133.45584412271572,533
6953,134.3969696196699,2139
6954,164.08326112068525,5401
6955,141.78174593052017,1559
6956,141.61017305526633,2789
6957,111.72792206135786,475
6958,130.95331880577393,1208
6959,125.1837661840735,3028
6960,91.254833995939,556
6961,108.81118318204304,734
6962,177.06601717798225,6062
6963,152.09545442950494,2700
6964,127.36753236814705,2421
6965,140.99494936611654,7052
6966,148.72792206135784,761
6967,163.2964645562818,1122
6968,122.94112549695421,1525
6969,135.71067811865464,4210
6970,94.31370849898475,1162
6971,153.29646455628156,1258
6972,132.91168824543138,969
6973,113.94112549695423,1504
6974,114.46803743153536,1884
6975,133.16652224137036,2626
6976,142.35533905932735,1037
6977,140.05382386916233,2466
6978,89.35533905932733,786
6979,72.8700576850888,174
6980,102.21320343559641,1442
6981,133.91168824543144,5707
6982,99.52691193458116,990
6983,147.49747468305827,1361
6984,133.12489168102775,2574
6985,133.0954544295049,2283
6986,126.87005768508878,3674
6987,138.9533188057739,2081
6988,76.69848480983497,1012
6989,142.11269837220814,2938
6990,97.18376618407353,1157
6991,104.71067811865464,498
6992,136.12489168102783,4497
6993,130.35533905932735,2834
6994,113.39696961966989,1069
6995,135.53910524340085,5112
6996,107.14213562373094,648
6997,115.25483399593897,1892
6998,78.69848480983495,774
6999,118.6101730552663,160
7000,1116.3839097590771,4016
7001,2024.7850634608576,6644
7002,2203.081528017126,6476
7003,1121.6387437550165,2233
7004,2506.13030125238,8078
7005,2478.9709216859505,6449
7006,1916.672365088649,7109
7007,1776.2043276571133,6272
7008,1439.8712831743708,5070
7009,2282.792206135774,7164
7010,2158.5962466428928,7131
7011,1795.2926394116814,6385
7012,1162.295598004509,4312
7013,1644.1261171703102,4897
7014,1537.6113985445488,5442
7015,2299.662263820862,7580
7016,2026.9444430272913,6288
7017,1475.4987001723405,6208
7018,1704.8246019801452,6517
7019,1976.1576464628877,6493
7020,1322.503750806223,4388
7021,2131.6084399517144,5360
7022,1926.0865786510224,7672
7023,1420.1311678041927,4561
7024,1306.3788591251946,5792
7025,1023.5138520739881,3535
7026,2027.5007922133955,8009
7027,2304.520128197128,7781
7028,1374.3027406794465,5627
7029,1240.751442127225,5114
7030,2883.789247542889,7012
7031,2659.5932880500195,7906
7032,1308.917964368596,5523
7033,1472.9423509862363,6183
7034,1897.4175310927099,7112
7035,1889.4885989045752,5685
7036,897.489465456348,2704
7037,932.2884553295714,5131
7038,994.6437943888991,3418
7039,1489.528137423863,7161
7040,2408.4734470028934,5967
7041,1555.11392386149,5012
7042,1299.1606050557155,5011
7043,2206.152595828992,8066
7044,1214.7220048757022,5597
7045,1428.1727983645355,4873
7046,1767.1626970967707,6574
7047,1905.8611819066057,7343
7048,1279.8347032479105,5321
7049,2367.5911960089907,5757
7050,1487.3565645486094,5726
7051,1058.0996385116148,5441
7052,1856.701802340172,6643
7053,2264.679507763566,7289
7054,1973.4591616530527,6984
7055,1073.0702012600923,3457
7056,1136.9230150024787,3870
7057,1049.928065636361,3259
7058,915.903679018721,1518
7059,1490.2854967367437,4978
7060,1828.2632021601587,4091
7061,1813.2926394116814,5944
7062,1678.0966799187875,7439
7063,1700.3931444750697,7034
7064,2377.8754672564523,7355
7065,1668.7119036079368,6437
7066,1635.8246019801454,6384
7067,2682.510026929331,7876
7068,1596.581961293026,5853
7069,1270.633693121134,4148
7070,1990.1282092113652,7480
7071,1695.6652224137117,6462
7072,2134.1109652686546,7766
7073,1499.5575746753857,5525
7074,980.827560572973,2936
7075,1254.1362184380753,4347
7076,2190.8510806388267,6884
7077,1040.8691911333158,3309
7078,1595.983981546579,4717
7079,1695.8662325404882,5789
7080,1160.5088014401053,4779
7081,1153.0113267570468,5106
7082,1520.7707781109825,6555
7083,1904.80230740356,6887
7084,2304.8927111991607,7874
7085,1536.2560594852212,6350
7086,1413.959594928939,6210
7087,2287.8754672564623,7178
7088,1416.687516990297,5148
7089,1360.2489168102836,5130
7090,1431.5453813665658,5310
7091,1892.2753954689788,5656
7092,1588.0844866099674,4353
7093,1332.633693121134,5946
7094,1150.7808793787476,2793
7095,1386.4743135547003,4219
7096,1392.2611101191037,4592
7097,1811.3048327205015,5269
7098,2162.08152801713,6966
7099,2271.6795077635697,6757
7100,654.0538238691628,7680
7101,483.5979797464469,3157
7102,859.0832611206855,5601
7103,1156.296464556282,7780
7104,737.2253967444167,6956
7105,627.5979797464469,4475
7106,566.2842712474621,2183
7107,590.2842712474621,5464
7108,733.4558441227159,3996
7109,714.9827560572974,7190
7110,785.8406204335663,6377
7111,650.4264068711931,4552
7112,1477.740115370178,6555
7113,1064.9116882454318,7229
7114,1110.882250993909,4902
7115,688.870057685089,4573
7116,858.0832611206856,6609
7117,679.7695526217008,4812
7118,627.0121933088201,3732
7119,1068.3969696196702,7696
7120,370.3847763108504,2868
7121,1277.9116882454318,6553
7122,1143.8406204335663,6449
7123,826.7106781186551,5121
7124,564.597979746447,3516
7125,1175.3259018078047,6412
7126,1033.0832611206856,6319
7127,560.0416305603428,4717
7128,884.5685424949243,4384
7129,524.7695526217007,4327
7130,991.6690475583124,5495
7131,751.2132034355966,3914
7132,596.1126983722083,5655
7133,1448.5391052434013,7701
7134,580.6274169979697,3989
7135,1227.4264068711932,4530
7136,839.4974746830587,5764
7137,1453.1543289325512,6493
7138,540.0416305603428,3205
7139,1002.0538238691627,6950
7140,1316.1543289325512,6613
7141,1220.6396103067896,7775
7142,918.3259018078048,4981
7143,1275.4264068711932,7016
7144,483.6984848098352,4384
7145,646.2132034355966,2637
7146,1122.9827560572974,7164
7147,983.6396103067898,7589
7148,1672.4974746830587,5826
7149,1028.9827560572971,5471
7150,1045.8406204335663,5733
7151,509.2842712474621,2412
7152,1083.4974746830587,5903
7153,1013.4264068711932,5687
7154,883.2842712474621,4702
7155,1485.5391052434015,7505
7156,726.9116882454318,3858
7157,554.0416305603427,3147
7158,425.982756057297,4252
7159,1271.8822509939089,6500
7160,844.568542494924,5929
7161,878.6396103067898,6814
7162,673.2548339959394,4706
7163,890.3259018078047,5484
7164,1366.3675323681477,7791
7165,1318.568542494924,7443
7166,527.2132034355966,3828
7167,1216.8528137423862,4907
7168,727.8406204335663,4872
7169,872.3259018078049,5470
7170,1270.8528137423862,6289
7171,702.6274169979697,5031
7172,1276.8111831820436,6573
7173,637.7695526217008,5935
7174,651.4974746830587,5030
7175,788.5685424949243,7435
7176,812.0832611206855,3102
7177,1523.5685424949243,7464
7178,757.9827560572973,7127
7179,520.6984848098352,3792
7180,592.5269119345814,4652
7181,509.6274169979697,4858
7182,777.3969696196702,4908
7183,859.7401153701779,6555
7184,874.7989898732235,2329
7185,395.0832611206854,4683
7186,413.18376618407376,4354
7187,1605.752308678998,7797
7188,500.7989898732235,4317
7189,446.01219330882003,2644
7190,603.1126983722083,6075
7191,1694.2964645562822,8012
7192,798.9411254969546,4756
7193,867.0243866176402,8184
7194,523.5563491861042,4353
7195,593.3553390593277,3257
7196,578.7695526217008,6529
7197,609.2132034355966,1922
7198,462.74011537017793,5969
7199,856.8406204335663,6041
7200,146.95331880577402,1516
7201,67.38477631085021,418
7202,159.5807358037436,1979
7203,195.65180361560928,3930
7204,48.21320343559641,194
7205,35.899494936611674,131
7206,138.22539674441617,2512
7207,56.52691193458116,427
7208,161.1248916810279,1220
7209,131.2964645562816,1147
7210,46.21320343559642,240
7211,179.7523086789975,2643
7212,84.49747468305827,489
7213,131.88225099390849,888
7214,246.90663761154843,4778
7215,40.213203435596434,114
7216,107.74011537017755,1196
7217,170.02438661763966,2999
7218,50.79898987322331,259
7219,40.38477631085023,187
7220,27.656854249492383,54
7221,152.36753236814718,1416
7222,85.56854249492372,682
7223,119.56854249492373,1620
7224,181.58073580374366,2080
7225,133.9238815542511,2082
7226,85.52691193458115,610
7227,79.59797974644663,740
7228,153.12489168102786,2862
7229,111.39696961966992,719
7230,115.88225099390847,1169
7231,216.50966799187833,3035
7232,310.0487732352797,3580
7233,138.7106781186547,1776
7234,123.81118318204302,1904
7235,137.98275605729685,1263
7236,115.56854249492373,1005
7237,80.01219330881973,552
7238,140.50966799187805,1595
7239,108.18376618407355,431
7240,156.0538238691624,1274
7241,215.7228714274748,4835
7242,112.78174593052013,575
7243,136.5391052434009,2157
7244,119.2253967444161,1309
7245,161.65180361560914,2841
7246,136.0538238691623,1170
7247,173.61017305526656,1964
7248,80.32590180780446,403
7249,186.33809511662437,2612
7250,75.76955262170044,495
7251,84.39696961966995,866
7252,235.99494936611694,3521
7253,30.384776310850242,99
7254,78.76955262170044,665
7255,35.55634918610405,153
7256,110.29646455628156,569
7257,30.313708498984763,102
7258,134.15432893255064,1551
7259,236.3797256769672,1862
7260,258.39191898578713,3053
7261,60.28427124746189,421
7262,131.78174593052012,1461
7263,92.49747468305826,540
7264,259.42135623730996,4602
7265,30.213203435596434,145
7266,123.36753236814702,1591
7267,80.35533905932733,836
7268,128.6396103067892,1356
7269,48.21320343559641,255
7270,28.142135623730955,65
7271,71.87005768508878,709
7272,106.32590180780446,1248
7273,153.2964645562817,2796
7274,176.79393923934012,2215
7275,104.0538238691623,641
7276,119.81118318204302,819
7277,36.45584412271572,92
7278,123.811183182043,1879
7279,213.3797256769672,3495
7280,54.870057685088774,248
7281,81.59797974644661,912
7282,200.33809511662457,3141
7283,207.33809511662452,3930
7284,164.36753236814724,3113
7285,146.71067811865476,1183
7286,67.35533905932733,390
7287,99.91168824543138,840
7288,129.46803743153538,994
7289,27.798989873223338,55
7290,166.19595949289342,2456
7291,73.35533905932735,654
7292,143.02438661763952,1353
7293,75.59797974644663,696
7294,141.71067811865476,1788
7295,32.627416997969526,208
7296,174.20815280171323,2049
7297,19.313708498984763,44
7298,187.40916292848985,2022
7299,135.19595949289322,920
7300,105.53910524340085,1465
7301,94.81118318204302,1287
7302,143.85281374238565,2609
7303,141.95331880577396,3163
7304,139.53910524340088,3151
7305,113.59797974644658,2076
7306,160.53910524340102,2994
7307,163.6101730552664,4054
7308,169.12489168102783,3667
7309,114.6396103067892,647
7310,112.91168824543136,702
7311,128.91168824543138,2118
7312,138.29646455628162,1805
7313,102.08326112068517,2147
7314,143.1248916810278,1530
7315,128.3969696196699,2138
7316,132.12489168102775,1022
7317,136.91168824543138,1333
7318,144.05382386916233,2587
7319,134.66904755831206,1707
7320,175.5807358037436,4001
7321,137.71067811865473,4445
7322,125.56854249492373,2592
7323,80.08326112068518,661
7324,90.91168824543138,666
7325,122.63961030678918,1554
7326,131.0243866176394,2472
7327,129.71067811865464,2232
7328,105.32590180780446,1338
7329,108.87005768508877,470
7330,138.1248916810278,2783
7331,128.08326112068517,1608
7332,104.15432893255065,1393
7333,95.04163056034258,1324
7334,120.49747468305824,3058
7335,125.29646455628158,1169
7336,133.36753236814707,1957
7337,84.91168824543138,1184
7338,112.22539674441609,2254
7339,108.2253967444161,1156
7340,109.63961030678921,1094
7341,126.6690475583121,2065
7342,127.53910524340085,1240
7343,101.0538238691623,1767
7344,126.95331880577392,1532
7345,140.12489168102783,2238
7346,127.4680374315354,2357
7347,143.29646455628165,2180
7348,154.29646455628165,2687
7349,132.72792206135784,299
7350,142.1248916810278,2803
7351,102.98275605729684,1147
7352,117.01219330881972,267
7353,133.74011537017753,3123
7354,107.254833995939,965
7355,132.953318805774,2975
7356,111.08326112068515,1524
7357,117.6396103067892,1152
7358,159.09545442950505,2614
7359,95.91168824543138,713
7360,176.0660171779822,2583
7361,134.12489168102775,1805
7362,104.05382386916229,1665
7363,103.84062043356592,966
7364,106.0121933088197,741
7365,124.05382386916227,1772
7366,116.81118318204302,1900
7367,107.74011537017755,1858
7368,92.08326112068518,953
7369,133.254833995939,1867
7370,76.66904755831209,608
7371,136.02438661763944,3228
7372,98.81118318204301,1166
7373,146.2253967444162,3090
7374,138.2964645562816,2715
7375,107.74011537017755,1214
7376,139.1959594928933,1198
7377,151.36753236814712,2326
7378,150.95331880577405,2465
7379,110.08326112068518,1246
7380,124.22539674441609,1554
7381,104.98275605729683,1521
7382,151.46803743153544,3919
7383,134.2964645562816,1770
7384,113.05382386916229,1946
7385,112.18376618407353,519
7386,145.6101730552664,1916
7387,136.21320343559645,1550
7388,149.2964645562817,3770
7389,110.2253967444161,2267
7390,124.66904755831207,1965
7391,127.98275605729681,1498
7392,150.09545442950503,2362
7393,147.61017305526642,3434
7394,116.95331880577395,2674
7395,114.32590180780444,1255
7396,180.1665222413706,3615
7397,131.88225099390849,1593
7398,83.76955262170046,912
7399,129.29646455628156,3122
7400,107.15432893255065,682
7401,111.29646455628156,1547
7402,113.12489168102776,825
7403,129.50966799187796,1202
7404,166.79393923934006,2514
7405,109.53910524340084,1023
7406,142.82337649086278,1917
7407,126.61017305526632,1875
7408,95.08326112068518,851
7409,119.78174593052012,841
7410,132.1248916810278,1605
7411,100.88225099390849,1366
7412,212.35028842544435,5557
7413,157.40916292848976,1937
7414,134.12489168102778,1369
7415,138.68124086713183,2388
7416,142.36753236814712,2441
7417,100.56854249492375,1064
7418,99.32590180780446,901
7419,144.2964645562816,1284
7420,112.4680374315354,1972
7421,149.33809511662426,1842
7422,133.53910524340085,1363
7423,88.22539674441612,744
7424,152.7523086789974,2884
7425,169.65180361560917,3449
7426,95.98275605729683,905
7427,157.5807358037436,1996
7428,125.61017305526632,1120
7429,115.53910524340085,1364
7430,121.29646455628156,1565
7431,122.53910524340084,1624
7432,102.81118318204301,1701
7433,132.12489168102778,1549
7434,188.65180361560923,3744
7435,147.2670273047588,3095
7436,106.78174593052013,966
7437,113.74011537017753,1375
7438,96.88225099390849,1025
7439,127.50966799187796,899
7440,133.19595949289325,1546
7441,114.6396103067892,1342
7442,207.62236636408642,4163
7443,87.98275605729684,930
7444,151.58073580374358,2287
7445,124.02438661763941,1380
7446,121.88225099390847,1289
7447,149.36753236814715,2412
7448,124.71067811865466,1509
7449,106.81118318204302,976
7450,164.40916292848988,2714
7451,114.53910524340085,829
7452,127.53910524340084,1195
7453,168.50966799187816,1895
7454,140.09545442950494,1096
7455,144.05382386916233,1461
7456,100.39696961966992,949
7457,110.32590180780446,940
7458,108.0538238691623,1245
7459,105.71067811865467,871
7460,117.29646455628156,1656
7461,127.36753236814704,1771
7462,90.81118318204302,1086
7463,117.95331880577395,1262
7464,120.71067811865466,1408
7465,138.26702730475876,1860
7466,157.237590053236,2410
7467,119.46803743153538,1429
7468,153.89444430272835,2800
7469,149.9238815542512,2539
7470,116.36753236814704,1282
7471,84.91168824543138,717
7472,101.98275605729683,1120
7473,129.71067811865464,2342
7474,114.29646455628156,1498
7475,108.32590180780446,1211
7476,125.6396103067892,938
7477,127.53910524340084,1277
7478,146.095454429505,1779
7479,116.63961030678918,1383
7480,87.49747468305827,421
7481,114.56854249492373,873
7482,144.16652224137042,2466
7483,131.98275605729685,1164
7484,114.53910524340085,1499
7485,138.12489168102783,935
7486,118.53910524340083,1218
7487,171.379725676967,2966
7488,123.61017305526632,1130
7489,147.09545442950497,1853
7490,160.8944443027284,1705
7491,137.02438661763944,1296
7492,127.36753236814702,1636
7493,145.0243866176395,1433
7494,109.2253967444161,2437
7495,114.2253967444161,749
7496,112.39696961966992,630
7497,102.98275605729683,716
7498,117.2253967444161,1545
7499,144.0243866176395,1435
7500,174.1787155501904,487
7501,117.63961030678921,1567
7502,156.03657992645938,1488
7503,148.12489168102778,2025
7504,73.08326112068518,495
7505,126.68124086713179,970
7506,90.22539674441613,1566
7507,77.42640687119281,866
7508,136.91168824543138,2975
7509,139.36753236814704,5078
7510,89.4558441227157,682
7511,139.26702730475867,820
7512,98.52691193458115,505
7513,105.15432893255065,1462
7514,79.94112549695426,469
7515,101.01219330881972,1127
7516,180.96551211459393,6842
7517,89.94112549695424,364
7518,122.50966799187795,832
7519,139.05382386916233,2314
7520,103.42640687119281,782
7521,114.91168824543138,1990
7522,71.32590180780447,350
7523,169.53910524340105,3111
7524,111.19595949289322,1165
7525,92.15432893255064,664
7526,113.36753236814701,587
7527,155.5096679918781,2396
7528,156.19595949289334,1985
7529,112.94112549695423,1481
7530,101.29646455628156,667
7531,112.11269837220804,826
7532,123.26702730475867,885
7533,141.02438661763944,1870
7534,82.74011537017755,348
7535,104.12489168102776,1453
7536,123.18376618407352,1985
7537,120.59797974644663,803
7538,166.81118318204318,2456
7539,118.14213562373092,1278
7540,111.59797974644661,1208
7541,118.91168824543135,1981
7542,99.04163056034258,1390
7543,114.71067811865466,742
7544,119.78174593052013,1980
7545,109.76955262170044,983
7546,144.16652224137036,1155
7547,95.53910524340085,455
7548,100.63961030678917,291
7549,80.91168824543136,682
7550,149.68124086713192,1276
7551,113.18376618407353,689
7552,117.22539674441612,2255
7553,80.18376618407352,1127
7554,125.40916292848962,953
7555,74.28427124746186,587
7556,109.39696961966992,947
7557,119.53910524340083,1568
7558,111.76955262170043,2703
7559,108.59797974644661,771
7560,92.79898987322332,496
7561,134.46803743153538,371
7562,120.3969696196699,1353
7563,74.25483399593902,643
7564,108.56854249492375,1506
7565,151.37972567696679,1886
7566,96.3969696196699,1700
7567,121.98275605729684,1439
7568,128.46803743153538,1656
7569,87.76955262170044,1473
7570,109.76955262170046,855
7571,145.15432893255073,2156
7572,93.88225099390849,243
7573,96.45584412271569,344
7574,71.08326112068521,410
7575,70.45584412271569,617
7576,118.61017305526633,3284
7577,122.1837661840735,841
7578,166.9949493661167,2433
7579,151.0243866176395,1103
7580,115.11269837220804,1345
7581,134.71067811865464,1492
7582,131.7106781186547,1623
7583,79.45584412271567,608
7584,70.91168824543138,514
7585,115.6396103067892,886
7586,112.12489168102778,931
7587,109.6101730552663,563
7588,114.69848480983495,1611
7589,79.04163056034257,1314
7590,104.29646455628158,484
7591,127.66904755831209,2497
7592,118.61017305526632,926
7593,98.4680374315354,117
7594,161.66904755831217,1522
7595,134.55634918610406,2412
7596,80.18376618407352,744
7597,91.74011537017758,1224
7598,102.35533905932733,428
7599,107.71067811865466,104
7600,71.89949493661167,321
7601,120.6690475583121,2126
7602,65.5269119345812,444
7603,135.46803743153538,4224
7604,84.25483399593897,1416
7605,131.45584412271566,4068
7606,89.01219330881972,1255
7607,100.76955262170044,840
7608,69.49747468305829,1077
7609,88.4558441227157,2068
7610,99.98275605729687,1430
7611,162.32590180780454,2836
7612,107.6690475583121,1314
7613,126.58073580374345,3909
7614,80.84062043356589,696
7615,159.43860018001277,2464
7616,169.95331880577393,7283
7617,102.5979797464466,2769
7618,62.11269837220808,743
7619,121.08326112068517,2594
7620,77.63961030678924,1341
7621,97.87005768508881,2432
7622,117.8406204335659,982
7623,94.08326112068515,2245
7624,142.2670273047587,3024
7625,88.9116882454314,1708
7626,123.46803743153541,2546
7627,121.62741699796948,2419
7628,61.28427124746188,533
7629,130.58073580374344,3805
7630,71.35533905932732,346
7631,108.3969696196699,1129
7632,149.91168824543132,4688
7633,116.71067811865464,1182
7634,155.05382386916233,1805
7635,134.28427124746185,5113
7636,134.56854249492372,2328
7637,59.071067811865476,232
7638,131.56854249492375,3162
7639,84.87005768508878,708
7640,171.12489168102795,3637
7641,100.65685424949237,3235
7642,145.36753236814707,2539
7643,103.74011537017753,1597
7644,74.04163056034258,689
7645,103.76955262170046,2740
7646,109.26702730475871,4536
7647,97.69848480983495,1309
7648,118.94112549695424,1169
7649,68.4558441227157,537
7650,144.36753236814707,2196
7651,142.9827560572969,3670
7652,96.45584412271566,1725
7653,103.55634918610403,2263
7654,110.01219330881973,1464
7655,109.04163056034257,2641
7656,77.98275605729685,1052
7657,126.02438661763941,4240
7658,127.55129855222053,633
7659,111.46803743153541,1120
7660,111.8700576850888,1199
7661,93.91168824543138,1204
7662,82.71067811865468,1185
7663,105.09545442950488,1706
7664,120.84062043356593,1493
7665,126.02438661763944,2678
7666,126.39696961966993,388
7667,128.06601717798196,3227
7668,99.32590180780446,1841
7669,118.26702730475868,575
7670,84.28427124746186,1363
7671,168.1665222413707,4617
7672,94.18376618407355,1038
7673,120.0416305603426,2385
7674,103.04163056034261,1114
7675,145.1665222413704,5717
7676,77.76955262170043,662
7677,64.04163056034261,309
7678,83.59797974644661,1183
7679,213.8111831820433,7304
7680,146.92388155425118,3858
7681,73.35533905932736,398
7682,75.1837661840735,793
7683,80.45584412271572,104
7684,88.59797974644663,2211
7685,120.1837661840735,1114
7686,140.15432893255064,382
7687,144.46803743153538,4800
7688,172.0538238691625,6006
7689,116.15432893255064,1150
7690,94.35533905932735,1668
7691,78.97056274847714,1651
7692,165.62236636408636,3759
7693,59.041630560342625,605
7694,107.92388155425107,1922
7695,96.15432893255067,2157
7696,118.49747468305826,1866
7697,103.63961030678918,2095
7698,87.52691193458118,798
7699,145.40916292848976,5835
7700,134.39696961966993,2910
7701,133.33809511662417,2783
7702,166.5979797464467,6728
7703,121.55634918610401,2417
7704,101.61017305526632,523
7705,90.14213562373094,580
7706,98.74011537017752,695
7707,150.75230867899728,1973
7708,111.52691193458114,830
7709,91.53910524340085,650
7710,135.40916292848965,1466
7711,170.16652224137044,3612
7712,148.4802307403552,1933
7713,134.61017305526633,2011
7714,121.78174593052012,1383
7715,120.81118318204304,1007
7716,93.12489168102776,1683
7717,111.08326112068517,1629
7718,151.02438661763946,3110
7719,135.74011537017762,2077
7720,160.0538238691624,3225
7721,148.56854249492375,4247
7722,113.59797974644665,2836
7723,138.22539674441612,6301
7724,83.35533905932736,440
7725,93.08326112068515,1639
7726,107.02438661763941,546
7727,101.69848480983495,1531
7728,150.237590053236,3273
7729,166.03657992645918,633
7730,146.09545442950503,2299
7731,141.99494936611651,3247
7732,131.4386001800125,1527
7733,106.49747468305829,441
7734,159.4091629284897,1534
7735,84.76955262170044,538
7736,126.76955262170044,4503
7737,114.81118318204302,1766
7738,121.74011537017758,2670
7739,140.811183182043,1891
7740,140.75230867899728,2689
7741,148.29646455628168,4169
7742,104.0538238691623,840
7743,159.30865786510142,2643
7744,136.8233764908627,649
7745,113.98275605729684,146
7746,174.8944443027284,3092
7747,122.95331880577393,1311
7748,110.15432893255063,1099
7749,88.59797974644661,1425
7750,118.56854249492372,1828
7751,109.32590180780444,1528
7752,131.29646455628153,4652
7753,113.53910524340087,420
7754,112.6396103067892,537
7755,138.40916292848968,1518
7756,114.0832611206852,595
7757,178.15432893255075,5368
7758,105.8822509939085,2015
7759,114.08326112068518,1523
7760,92.0121933088197,797
7761,133.08326112068517,277
7762,127.49747468305823,2492
7763,106.1837661840735,1619
7764,94.98275605729683,837
7765,131.15432893255064,3817
7766,113.02438661763944,4201
7767,154.89444430272837,1624
7768,133.59797974644664,855
7769,129.066017177982,2135
7770,156.12489168102783,3789
7771,146.53910524340085,1582
7772,154.09545442950485,1782
7773,140.24264068711926,561
7774,88.15432893255065,682
7775,125.98275605729683,1632
7776,97.39696961966995,948
7777,134.95331880577396,3852
7778,69.8700576850888,467
7779,122.254833995939,711
7780,133.2964645562816,3345
7781,127.71067811865467,1482
7782,72.49747468305827,159
7783,168.03657992645918,2145
7784,158.82337649086284,5932
7785,77.52691193458116,545
7786,122.4386001800125,2117
7787,129.85281374238562,1107
7788,156.19595949289334,1350
7789,112.81118318204304,968
7790,203.9238815542516,2404
7791,160.6518036156092,2258
7792,78.35533905932732,939
7793,111.01219330881968,1477
7794,101.69848480983498,586
7795,119.97056274847711,483
7796,146.66904755831206,2389
7797,86.49747468305827,799
7798,98.63961030678921,1685
7799,130.32590180780446,233
7800,78.11269837220804,751
7801,85.05382386916231,1179
7802,115.15432893255063,1079
7803,72.4974746830583,735
7804,118.75230867899724,953
7805,96.15432893255063,1273
7806,104.56854249492375,1222
7807,153.3086578651014,1818
7808,134.78174593052015,846
7809,65.49747468305829,171
7810,94.53910524340085,976
7811,129.91168824543135,1942
7812,125.53910524340088,721
7813,71.01219330881972,415
7814,63.18376618407353,777
7815,90.66904755831209,628
7816,250.70562748477195,2648
7817,81.91168824543136,475
7818,94.05382386916229,1312
7819,112.4386001800125,369
7820,97.4680374315354,378
7821,60.52691193458118,293
7822,73.97056274847712,1351
7823,115.12489168102775,387
7824,47.071067811865476,125
7825,118.19595949289321,1662
7826,73.49747468305829,362
7827,57.2132034355964,485
7828,92.98275605729681,1564
7829,148.06601717798202,1607
7830,196.32085117392145,5591
7831,155.85281374238573,1170
7832,74.8406204335659,500
7833,127.29646455628158,785
7834,90.63961030678921,1309
7835,126.26702730475867,1428
7836,84.01219330881973,469
7837,206.42135623730974,2210
7838,119.92388155425108,1574
7839,49.11269837220809,139
7840,89.88225099390849,651
7841,70.8406204335659,396
7842,143.32590180780446,4206
7843,99.49747468305827,479
7844,73.15432893255065,154
7845,128.6396103067892,241
7846,69.52691193458118,842
7847,93.91168824543138,266
7848,155.48023074035527,1429
7849,86.76955262170046,379
7850,104.95331880577393,1471
7851,83.52691193458118,470
7852,154.37972567696687,1688
7853,96.94112549695426,387
7854,139.48023074035515,1568
7855,104.19595949289321,329
7856,112.53910524340084,583
7857,82.0121933088197,553
7858,120.36753236814702,1768
7859,79.38477631085021,1300
7860,89.81118318204304,451
7861,113.78174593052012,2264
7862,68.76955262170044,527
7863,103.81118318204302,373
7864,79.18376618407358,1496
7865,132.08326112068517,1086
7866,64.15432893255067,239
7867,83.59797974644661,328
7868,103.81118318204302,1347
7869,82.4680374315354,272
7870,186.40916292848985,2169
7871,104.25483399593898,1547
7872,148.74011537017762,839
7873,93.42640687119278,945
7874,74.76955262170046,205
7875,205.45079348883263,1584
7876,73.35533905932736,531
7877,99.98275605729683,926
7878,124.49747468305824,1094
7879,97.39696961966993,640
7880,75.52691193458116,348
7881,169.6812408671318,3201
7882,172.9949493661166,2490
7883,81.32590180780446,1065
7884,106.61017305526632,1852
7885,103.811183182043,794
7886,131.8406204335659,982
7887,79.59797974644664,1674
7888,121.36753236814702,1154
7889,78.25483399593901,525
7890,106.49747468305826,1261
7891,79.6690475583121,883
7892,72.52691193458116,844
7893,152.40916292848965,2424
7894,85.81118318204302,1065
7895,133.32590180780443,1094
7896,60.0416305603426,321
7897,88.76955262170043,904
7898,78.98275605729684,858
7899,49.28427124746188,200
7900,148.19595949289337,1597
7901,128.53910524340085,2068
7902,155.32590180780443,1999
7903,126.38477631085023,3679
7904,113.15432893255063,3130
7905,148.36753236814718,2661
7906,90.98275605729685,2236
7907,128.3969696196699,1997
7908,152.4386001800125,742
7909,120.08326112068521,2279
7910,145.39696961967002,1275
7911,125.53910524340087,983
7912,114.85281374238558,3129
7913,137.53910524340088,4538
7914,124.56854249492373,857
7915,85.76955262170048,856
7916,158.78174593052017,3267
7917,149.63961030678922,2113
7918,125.53910524340085,3442
7919,85.69848480983497,697
7920,113.74011537017753,1585
7921,95.38477631085021,623
7922,108.56854249492376,1482
7923,150.22539674441612,4574
7924,193.95331880577413,4159
7925,76.18376618407355,747
7926,129.88225099390846,1941
7927,99.3553390593273,961
7928,108.87005768508877,982
7929,117.32590180780444,2739
7930,142.33809511662423,2376
7931,151.5807358037434,1119
7932,123.32590180780441,1149
7933,113.63961030678922,1803
7934,145.4680374315354,4383
7935,203.23759005323592,12210
7936,101.62741699796948,894
7937,118.98275605729683,2509
7938,110.66904755831207,728
7939,82.52691193458115,321
7940,131.2842712474619,3668
7941,90.91168824543135,702
7942,153.26702730475884,4277
7943,115.15432893255064,763
7944,132.40916292848965,3142
7945,99.25483399593897,323
7946,73.18376618407352,279
7947,140.63961030678922,2168
7948,135.8406204335659,1233
7949,92.18376618407352,848
7950,116.46803743153536,2719
7951,126.6396103067892,2830
7952,146.59797974644664,5251
7953,151.9655121145938,2226
7954,148.53910524340088,2479
7955,101.98275605729684,1636
7956,112.19595949289324,3002
7957,154.50966799187808,633
7958,95.49747468305829,2023
7959,117.18376618407355,1056
7960,115.52691193458114,1389
7961,119.95331880577395,2277
7962,163.95331880577407,5956
7963,140.2964645562816,2391
7964,76.55634918610403,1038
7965,94.66904755831207,377
7966,154.42640687119285,4531
7967,119.92388155425104,533
7968,109.43860018001246,647
7969,191.9533188057743,1931
7970,121.55634918610403,2470
7971,111.61017305526634,2936
7972,170.59797974644664,5241
7973,167.23759005323595,4520
7974,156.9411254969543,7874
7975,99.49747468305827,396
7976,146.367532368147,5641
7977,105.18376618407353,1050
7978,118.81118318204301,1501
7979,119.33809511662413,659
7980,133.9827560572968,1544
7981,145.4974746830583,4077
7982,119.81118318204304,1901
7983,151.12489168102783,7598
7984,150.8822509939085,415
7985,181.96551211459374,4612
7986,96.5979797464466,1069
7987,126.74011537017752,2026
7988,159.237590053236,2425
7989,217.30865786510148,8944
7990,119.8406204335659,862
7991,106.32590180780446,2569
7992,146.5979797464467,1022
7993,95.95331880577395,401
7994,133.35533905932732,1058
7995,96.25483399593898,1089
7996,135.75230867899728,1453
7997,149.11269837220817,2736
7998,143.89444430272826,567
7999,151.65180361560903,1225
8000,2053.311975395439,7995
8001,1648.2093782909958,6941
8002,2177.0520907656046,6279
8003,1488.0428560496243,6863
8004,2435.875467256449,7532
8005,1309.5453813665656,5643
8006,1272.047906683507,5413
8007,1442.9301576774162,5584
8008,1654.6408357960715,5712
8009,1892.518036156098,6415
8010,1889.831744655083,5644
8011,1842.0327547818592,6702
8012,1213.5504320004482,4110
8013,2232.8805178903463,6728
8014,1339.9768388716416,3831
8015,2057.797256769677,6143
8016,1721.6357851621888,4515
8017,1297.3199846221491,5622
8018,1316.8347032479103,4412
8019,2142.4246737676394,5753
8020,2029.4419177103498,6272
8021,1724.4814562296378,4961
8022,1327.047906683507,5859
8023,2154.06933470831,6998
8024,1494.025612106922,5431
8025,1436.373808491312,5910
8026,2659.9658710520457,7458
8027,1511.7291475506397,5107
8028,1438.7585848021624,4811
8029,1810.8489885977856,5857
8030,1082.1828996323006,3501
8031,1989.8855685242459,6311
8032,2880.4461017923886,8157
8033,1458.08953724385,5120
8034,1923.0571413994996,6988
8035,2084.0693347083165,6281
8036,1732.5525240415034,8071
8037,1477.4743135547003,5031
8038,1527.711903607937,5441
8039,1190.0945878777322,3263
8040,1256.3372285648518,5302
8041,1467.373808491312,5769
8042,1343.8347032479105,4690
8043,1302.2783540618063,5853
8044,1948.7728701520375,4877
8045,2099.62568389442,7500
8046,1778.7190462828746,4316
8047,1975.3170260293216,7550
8048,1463.8418459228478,4192
8049,977.8448045156757,4736
8050,1472.2854967367439,5788
8051,2467.9292911256075,6822
8052,1912.7728701520373,6904
8053,1010.1290757631377,2716
8054,2923.0268375961214,7103
8055,1509.6164491784314,5101
8056,1691.037805415742,5390
8057,1605.9251070435334,4748
8058,2513.8582233137367,7756
8059,1487.3443712397893,6026
8060,1604.167747730653,5328
8061,1491.9595949289392,6528
8062,1690.7657274771,6284
8063,1712.9373003523538,6487
8064,2499.6572131869607,8046
8065,1190.3494218736719,5632
8066,1829.4469683442326,7449
8067,2101.9982668964485,6979
8068,2042.9810229537513,5650
8069,1240.4499269370601,3697
8070,1527.373808491312,4776
8071,1943.6307345283064,6349
8072,2815.848122045943,7647
8073,1324.905771059776,5174
8074,1156.3666658163745,5593
8075,1515.1261171703102,3825
8076,2134.0226535140864,7827
8077,2605.840979371027,7454
8078,2105.098771959838,6957
8079,1780.7484835343973,6519
8080,1272.8052659963878,5289
8081,1530.9301576774162,5717
8082,2308.78715550189,6960
8083,1441.4448763031776,4592
8084,1805.831744655083,6144
8085,2177.8510806388276,5158
8086,1678.907863100831,7535
8087,1617.469262920818,5877
8088,1508.2144289248783,5328
8089,1965.1282092113652,7509
8090,2051.128209211365,6943
8091,1976.1038225937252,6927
8092,1876.0033175303367,5360
8093,1173.5260453828082,5236
8094,1916.5891039679636,6677
8095,1163.3250352560317,3715
8096,1859.0327547818595,6302
8097,2419.130301252385,5953
8098,1900.6429278371265,7130
8099,1748.9911242215164,6112
8100,654.0538238691628,7680
8101,483.5979797464469,3157
8102,859.0832611206855,5601
8103,1156.296464556282,7780
8104,737.2253967444167,6956
8105,627.5979797464469,4475
8106,566.2842712474621,2183
8107,590.2842712474621,5464
8108,733.4558441227159,3996
8109,714.9827560572974,7190
8110,785.8406204335663,6377
8111,650.4264068711931,4552
8112,1477.740115370178,6555
8113,1064.9116882454318,7229
8114,1110.882250993909,4902
8115,688.870057685089,4573
8116,858.0832611206856,6609
8117,679.7695526217008,4812
8118,627.0121933088201,3732
8119,1068.3969696196702,7696
8120,370.3847763108504,2868
8121,1277.9116882454318,6553
8122,1143.8406204335663,6449
8123,826.7106781186551,5121
8124,564.597979746447,3516
8125,1175.3259018078047,6412
8126,1033.0832611206856,6319
8127,560.0416305603428,4717
8128,884.5685424949243,4384
8129,524.7695526217007,4327
8130,991.6690475583124,5495
8131,751.2132034355966,3914
8132,596.1126983722083,5655
8133,1448.5391052434013,7701
8134,580.6274169979697,3989
8135,1227.4264068711932,4530
8136,839.4974746830587,5764
8137,1453.1543289325512,6493
8138,540.0416305603428,3205
8139,1002.0538238691627,6950
8140,1316.1543289325512,6613
8141,1220.6396103067896,7775
8142,918.3259018078048,4981
8143,1275.4264068711932,7016
8144,483.6984848098352,4384
8145,646.2132034355966,2637
8146,1122.9827560572974,7164
8147,983.6396103067898,7589
8148,1672.4974746830587,5826
8149,1028.9827560572971,5471
8150,1045.8406204335663,5733
8151,509.2842712474621,2412
8152,1083.4974746830587,5903
8153,1013.4264068711932,5687
8154,883.2842712474621,4702
8155,1485.5391052434015,7505
8156,726.9116882454318,3858
8157,554.0416305603427,3147
8158,425.982756057297,4252
8159,1271.8822509939089,6500
8160,844.568542494924,5929
8161,878.6396103067898,6814
8162,673.2548339959394,4706
8163,890.3259018078047,5484
8164,1366.3675323681477,7791
8165,1318.568542494924,7443
8166,527.2132034355966,3828
8167,1216.8528137423862,4907
8168,727.8406204335663,4872
8169,872.3259018078049,5470
8170,1270.8528137423862,6289
8171,702.6274169979697,5031
8172,1276.8111831820436,6573
8173,637.7695526217008,5935
8174,651.4974746830587,5030
8175,788.5685424949243,7435
8176,812.0832611206855,3102
8177,1523.5685424949243,7464
8178,757.9827560572973,7127
8179,520.6984848098352,3792
8180,592.5269119345814,4652
8181,509.6274169979697,4858
8182,777.3969696196702,4908
8183,859.7401153701779,6555
8184,874.7989898732235,2329
8185,395.0832611206854,4683
8186,413.18376618407376,4354
8187,1605.752308678998,7797
8188,500.7989898732235,4317
8189,446.01219330882003,2644
8190,603.1126983722083,6075
8191,1694.2964645562822,8012
8192,798.9411254969546,4756
8193,867.0243866176402,8184
8194,523.5563491861042,4353
8195,593.3553390593277,3257
8196,578.7695526217008,6529
8197,609.2132034355966,1922
8198,462.74011537017793,5969
8199,856.8406204335663,6041
8200,146.95331880577402,1516
8201,67.38477631085021,418
8202,159.5807358037436,1979
8203,195.65180361560928,3930
8204,48.21320343559641,194
8205,35.899494936611674,131
8206,138.22539674441617,2512
8207,56.52691193458116,427
8208,161.1248916810279,1220
8209,131.2964645562816,1147
8210,46.21320343559642,240
8211,179.7523086789975,2643
8212,84.49747468305827,489
8213,131.88225099390849,888
8214,246.90663761154843,4778
8215,40.213203435596434,114
8216,107.74011537017755,1196
8217,170.02438661763966,2999
8218,50.79898987322331,259
8219,40.38477631085023,187
8220,27.656854249492383,54
8221,152.36753236814718,1416
8222,85.56854249492372,682
8223,119.56854249492373,1620
8224,181.58073580374366,2080
8225,133.9238815542511,2082
8226,85.52691193458115,610
8227,79.59797974644663,740
8228,153.12489168102786,2862
8229,111.39696961966992,719
8230,115.88225099390847,1169
8231,216.50966799187833,3035
8232,310.0487732352797,3580
8233,138.7106781186547,1776
8234,123.81118318204302,1904
8235,137.98275605729685,1263
8236,115.56854249492373,1005
8237,80.01219330881973,552
8238,140.50966799187805,1595
8239,108.18376618407355,431
8240,156.0538238691624,1274
8241,215.7228714274748,4835
8242,112.78174593052013,575
8243,136.5391052434009,2157
8244,119.2253967444161,1309
8245,161.65180361560914,2841
8246,136.0538238691623,1170
8247,173.61017305526656,1964
8248,80.32590180780446,403
8249,186.33809511662437,2612
8250,75.76955262170044,495
8251,84.39696961966995,866
8252,235.99494936611694,3521
8253,30.384776310850242,99
8254,78.76955262170044,665
8255,35.55634918610405,153
8256,110.29646455628156,569
8257,30.313708498984763,102
8258,134.15432893255064,1551
8259,236.3797256769672,1862
8260,258.39191898578713,3053
8261,60.28427124746189,421
8262,131.78174593052012,1461
8263,92.49747468305826,540
8264,259.42135623730996,4602
8265,30.213203435596434,145
8266,123.36753236814702,1591
8267,80.35533905932733,836
8268,128.6396103067892,1356
8269,48.21320343559641,255
8270,28.142135623730955,65
8271,71.87005768508878,709
8272,106.32590180780446,1248
8273,153.2964645562817,2796
8274,176.79393923934012,2215
8275,104.0538238691623,641
8276,119.81118318204302,819
8277,36.45584412271572,92
8278,123.811183182043,1879
8279,213.3797256769672,3495
8280,54.870057685088774,248
8281,81.59797974644661,912
8282,200.33809511662457,3141
8283,207.33809511662452,3930
8284,164.36753236814724,3113
8285,146.71067811865476,1183
8286,67.35533905932733,390
8287,99.91168824543138,840
8288,129.46803743153538,994
8289,27.798989873223338,55
8290,166.19595949289342,2456
8291,73.35533905932735,654
8292,143.02438661763952,1353
8293,75.59797974644663,696
8294,141.71067811865476,1788
8295,32.627416997969526,208
8296,174.20815280171323,2049
8297,19.313708498984763,44
8298,187.40916292848985,2022
8299,135.19595949289322,920
8300,104.05382386916229,1346
8301,103.98275605729683,1497
8302,144.36753236814707,2133
8303,95.11269837220806,1009
8304,143.36753236814707,3553
8305,138.39696961966996,1906
8306,118.98275605729681,1242
8307,122.74011537017755,1455
8308,79.42640687119281,990
8309,87.01219330881973,761
8310,123.811183182043,1378
8311,113.6396103067892,2527
8312,152.88225099390863,4296
8313,146.85281374238568,2079
8314,111.91168824543135,1151
8315,184.7228714274747,3921
8316,174.16652224137053,3556
8317,94.56854249492375,862
8318,189.82337649086304,2930
8319,153.61017305526642,2752
8320,95.32590180780446,827
8321,105.35533905932735,801
8322,106.32590180780444,1628
8323,103.0121933088197,1561
8324,111.0538238691623,1342
8325,102.15432893255064,2125
8326,117.15432893255063,791
8327,95.66904755831207,737
8328,108.88225099390847,1679
8329,122.29646455628159,2447
8330,118.49747468305826,2949
8331,118.95331880577395,1658
8332,120.36753236814704,1275
8333,111.29646455628158,933
8334,122.61017305526632,1766
8335,113.88225099390847,1310
8336,132.811183182043,3005
8337,185.6518036156092,6234
8338,97.15432893255064,1316
8339,122.53910524340085,1188
8340,147.12489168102775,1909
8341,120.91168824543138,898
8342,131.61017305526633,1063
8343,119.76955262170041,2058
8344,115.39696961966992,2790
8345,156.71067811865487,2318
8346,146.95331880577393,4765
8347,126.18376618407352,2650
8348,132.49747468305827,1722
8349,88.56854249492373,1431
8350,107.56854249492372,1808
8351,147.95331880577405,2799
8352,97.32590180780444,1602
8353,103.49747468305826,2394
8354,136.81118318204307,2658
8355,112.98275605729681,1962
8356,130.56854249492375,3052
8357,128.62741699796948,843
8358,145.75230867899734,3542
8359,133.05382386916233,2083
8360,99.46803743153538,1540
8361,128.0121933088197,476
8362,120.29646455628156,1036
8363,135.33809511662417,1238
8364,140.15432893255064,940
8365,142.78174593052015,3112
8366,138.39696961966996,2021
8367,129.71067811865467,2312
8368,89.97056274847714,203
8369,137.19595949289325,2534
8370,112.25483399593901,1527
8371,126.56854249492373,1936
8372,154.39696961967,2283
8373,118.36753236814704,1467
8374,108.98275605729683,2382
8375,130.69848480983498,791
8376,142.56854249492375,3633
8377,133.71067811865473,2988
8378,125.22539674441609,1419
8379,120.3969696196699,2175
8380,159.92388155425118,2629
8381,109.81118318204301,1859
8382,97.32590180780444,1416
8383,125.95331880577393,1072
8384,96.25483399593901,290
8385,132.2253967444161,3274
8386,95.91168824543136,1020
8387,136.19595949289322,2108
8388,161.99494936611669,1977
8389,95.25483399593898,1028
8390,120.01219330881968,1435
8391,111.35533905932735,544
8392,134.29646455628162,2896
8393,115.05382386916227,1298
8394,88.52691193458115,1218
8395,132.22539674441612,2662
8396,105.25483399593901,548
8397,132.32590180780448,2068
8398,140.75230867899728,2932
8399,89.254833995939,1851
8400,128.4386001800125,1757
8401,150.06601717798208,2149
8402,133.85281374238565,1073
8403,90.74011537017756,725
8404,107.29646455628156,1024
8405,155.02438661763952,1675
8406,133.12489168102778,1357
8407,124.29646455628156,1042
8408,124.88225099390846,1357
8409,125.19595949289322,1841
8410,92.25483399593901,462
8411,152.58073580374355,2349
8412,87.66904755831209,601
8413,122.36753236814702,1472
8414,100.39696961966992,1176
8415,116.6396103067892,796
8416,136.12489168102778,1270
8417,114.05382386916229,1343
8418,126.61017305526632,1919
8419,130.6812408671318,1570
8420,195.7939392393402,2716
8421,95.63961030678921,786
8422,158.5807358037436,2921
8423,134.92388155425112,1840
8424,151.99494936611666,3598
8425,119.05382386916229,1142
8426,116.29646455628156,1952
8427,120.36753236814704,1225
8428,107.29646455628158,1359
8429,135.02438661763944,1211
8430,123.46803743153538,1204
8431,140.33809511662426,2146
8432,86.98275605729683,603
8433,151.85281374238573,2155
8434,118.39696961966992,1581
8435,175.72287142747462,2384
8436,95.15432893255065,553
8437,130.6812408671318,1614
8438,101.22539674441609,792
8439,97.71067811865467,1142
8440,103.32590180780446,688
8441,163.8944443027284,2653
8442,177.40916292848988,3774
8443,173.40916292848985,2393
8444,163.5807358037437,2716
8445,86.91168824543136,735
8446,152.92388155425118,1775
8447,138.85281374238565,1598
8448,121.12489168102775,1747
8449,172.48023074035535,4643
8450,109.74011537017755,1419
8451,131.36753236814704,1244
8452,130.88225099390849,1154
8453,91.39696961966993,794
8454,154.40916292848982,2242
8455,125.71067811865467,2110
8456,91.4680374315354,596
8457,158.33809511662432,3276
8458,153.7523086789974,2616
8459,144.36753236814712,2323
8460,145.19595949289334,3161
8461,154.7523086789974,2109
8462,98.56854249492372,939
8463,123.26702730475867,1872
8464,144.85281374238568,1791
8465,111.4680374315354,1660
8466,127.12489168102776,1733
8467,129.61017305526633,1672
8468,152.58073580374355,1741
8469,156.095454429505,1948
8470,107.81118318204302,1513
8471,138.02438661763946,2444
8472,91.66904755831209,715
8473,118.39696961966992,1543
8474,128.2670273047587,2024
8475,107.95331880577395,850
8476,90.15432893255065,660
8477,150.26702730475878,1987
8478,154.19595949289337,2880
8479,127.19595949289322,1219
8480,109.22539674441609,1314
8481,184.27922061357881,3732
8482,105.53910524340087,1578
8483,111.71067811865467,1507
8484,115.95331880577395,966
8485,150.095454429505,2845
8486,90.98275605729683,748
8487,111.4680374315354,1717
8488,104.78174593052013,1256
8489,111.88225099390849,1356
8490,166.89444430272835,3250
8491,173.6518036156092,2858
8492,97.98275605729684,1704
8493,134.953318805774,1430
8494,130.22539674441612,1588
8495,127.29646455628158,2181
8496,102.2253967444161,751
8497,102.98275605729681,1210
8498,131.43860018001251,1354
8499,171.55129855222083,3748
8500,72.49747468305826,184
8501,129.35533905932735,825
8502,72.42640687119281,676
8503,138.6396103067892,2126
8504,146.26702730475873,3584
8505,119.94112549695423,2133
8506,124.08326112068517,1257
8507,107.76955262170043,556
8508,135.7106781186547,1418
8509,138.22539674441612,633
8510,83.91168824543138,217
8511,114.76955262170041,1226
8512,123.19595949289322,2936
8513,123.61017305526633,3604
8514,87.35533905932736,974
8515,130.32590180780446,1737
8516,130.76955262170043,1596
8517,116.76955262170044,1296
8518,123.3969696196699,1208
8519,110.49747468305826,1250
8520,100.88225099390847,591
8521,79.39696961966992,311
8522,79.0832611206852,452
8523,102.95331880577395,638
8524,92.0416305603426,950
8525,93.49747468305824,560
8526,117.78174593052013,1539
8527,128.15432893255064,1571
8528,76.18376618407355,375
8529,70.74011537017756,193
8530,114.15432893255064,637
8531,116.04163056034257,1418
8532,97.63961030678921,695
8533,115.78174593052015,1164
8534,89.6690475583121,753
8535,117.3969696196699,1070
8536,131.12489168102778,4036
8537,86.04163056034258,365
8538,161.0538238691624,1914
8539,123.08326112068517,1210
8540,106.811183182043,856
8541,82.94112549695426,644
8542,101.42640687119281,1362
8543,135.2375900532358,1311
8544,95.32590180780446,350
8545,117.08326112068517,1701
8546,100.0121933088197,1073
8547,134.9533188057739,1206
8548,109.0416305603426,802
8549,127.68124086713175,1107
8550,71.0121933088197,567
8551,132.22539674441606,2578
8552,121.71067811865467,1549
8553,107.26702730475868,761
8554,135.95331880577393,3189
8555,76.28427124746186,814
8556,70.07106781186546,158
8557,120.45584412271567,3517
8558,141.4680374315354,1876
8559,113.8406204335659,1398
8560,122.59797974644661,2572
8561,114.49747468305826,1727
8562,121.39696961966993,2300
8563,120.40916292848961,528
8564,126.98275605729681,1558
8565,124.62741699796949,2040
8566,114.53910524340081,182
8567,126.78174593052013,1297
8568,108.5979797464466,1077
8569,81.84062043356593,786
8570,76.84062043356592,701
8571,76.62741699796952,897
8572,141.06601717798202,966
8573,109.88225099390849,1633
8574,114.82337649086273,2352
8575,116.56854249492376,1179
8576,83.0832611206852,635
8577,122.49747468305826,722
8578,94.6690475583121,203
8579,110.6274169979695,674
8580,144.066017177982,2065
8581,128.46803743153538,1221
8582,110.18376618407353,995
8583,133.2670273047587,2169
8584,133.4386001800125,2210
8585,137.4386001800125,1704
8586,105.59797974644663,1875
8587,105.18376618407352,1798
8588,130.3969696196699,665
8589,124.4558441227157,672
8590,99.01219330881973,951
8591,106.95331880577395,2309
8592,93.35533905932732,784
8593,111.32590180780447,1475
8594,137.30865786510128,871
8595,127.4680374315354,2049
8596,173.521861300698,511
8597,137.35533905932738,1080
8598,93.94112549695426,1686
8599,95.81118318204302,1041
8600,137.74011537017753,3952
8601,104.76955262170043,2611
8602,59.21320343559641,761
8603,143.32590180780454,4855
8604,108.15432893255065,1865
8605,172.05382386916247,2896
8606,117.74011537017753,2001
8607,81.55634918610406,183
8608,116.84062043356592,752
8609,97.29646455628156,1904
8610,89.25483399593901,1004
8611,108.82337649086273,3841
8612,157.59797974644658,2585
8613,86.45584412271566,776
8614,116.81118318204305,1431
8615,109.74011537017753,1735
8616,83.6690475583121,1631
8617,66.79898987322332,481
8618,121.9827560572968,618
8619,82.11269837220804,1469
8620,88.12489168102778,2524
8621,94.56854249492376,930
8622,99.98275605729683,1308
8623,183.88225099390843,5077
8624,125.56854249492373,1113
8625,104.05382386916227,1004
8626,99.18376618407353,515
8627,102.28427124746186,1759
8628,86.698484809835,1606
8629,119.74011537017756,2193
8630,106.74011537017758,1422
8631,78.45584412271567,1368
8632,115.45584412271566,3117
8633,132.49747468305821,4297
8634,100.7989898732233,520
8635,88.28427124746186,1373
8636,94.1837661840735,529
8637,133.811183182043,3870
8638,133.2375900532358,3625
8639,131.8994949366117,1080
8640,203.4507934888324,6978
8641,75.87005768508878,1560
8642,125.7989898732233,1534
8643,122.29646455628155,3132
8644,138.19595949289322,2059
8645,124.9116882454314,1324
8646,144.98275605729685,1302
8647,104.7401153701775,1996
8648,69.42640687119281,1062
8649,122.01219330881968,2329
8650,104.811183182043,2698
8651,110.94112549695424,1644
8652,105.18376618407352,760
8653,54.21320343559643,236
8654,128.29646455628153,1565
8655,79.04163056034257,1374
8656,98.74011537017758,2534
8657,133.5979797464466,2253
8658,114.52691193458118,483
8659,97.45584412271569,487
8660,96.52691193458115,1186
8661,96.8822509939085,1018
8662,92.5979797464466,2015
8663,104.35533905932736,442
8664,95.32590180780447,1836
8665,155.22539674441612,4923
8666,130.50966799187793,4375
8667,103.21320343559638,1110
8668,113.58073580374342,1925
8669,108.32590180780448,2044
8670,92.76955262170044,2009
8671,121.28427124746185,3256
8672,61.31370849898474,374
8673,97.32590180780448,1031
8674,142.81118318204295,1873
8675,88.74011537017753,745
8676,106.22539674441613,2655
8677,85.55634918610404,1146
8678,82.45584412271566,1836
8679,72.49747468305826,729
8680,77.42640687119284,1208
8681,119.68124086713176,2467
8682,140.811183182043,3333
8683,97.87005768508878,1574
8684,165.25483399593912,3860
8685,97.32590180780444,1658
8686,131.4558441227157,2253
8687,162.81118318204318,3424
8688,72.59797974644664,1143
8689,132.0538238691623,1578
8690,98.79898987322332,1230
8691,119.81118318204302,3145
8692,231.16652224137098,4181
8693,124.26702730475866,2297
8694,117.84062043356587,832
8695,107.69848480983494,1700
8696,76.42640687119281,146
8697,101.08326112068518,1642
8698,111.94112549695426,1257
8699,113.58073580374344,1866
8700,90.56854249492372,1352
8701,168.75230867899728,1318
8702,129.85281374238562,2308
8703,166.6934341759517,1255
8704,144.61017305526627,738
8705,94.56854249492376,1123
8706,163.29646455628168,6008
8707,96.6690475583121,651
8708,170.46803743153555,2039
8709,126.61017305526634,1723
8710,127.40916292848962,1125
8711,106.22539674441614,1687
8712,126.29646455628158,3028
8713,129.58073580374344,3572
8714,101.32590180780444,1392
8715,154.75230867899728,1906
8716,174.92388155425147,8315
8717,112.69848480983495,578
8718,121.5685424949237,2312
8719,94.78174593052013,792
8720,109.29646455628158,1092
8721,110.72792206135786,209
8722,94.48528137423858,119
8723,103.95331880577395,654
8724,80.62741699796949,929
8725,125.29646455628155,2846
8726,127.4264068711928,2090
8727,83.59797974644661,933
8728,131.4264068711928,1684
8729,109.7989898732233,579
8730,90.98275605729683,233
8731,137.75230867899725,874
8732,106.0538238691623,949
8733,130.79898987322332,3519
8734,106.39696961966993,1285
8735,103.49747468305827,420
8736,102.63961030678917,308
8737,127.66904755831209,596
8738,144.56854249492372,3155
8739,116.26702730475866,832
8740,147.2964645562816,1252
8741,99.87005768508877,1021
8742,91.91168824543135,1074
8743,236.17871555019045,10453
8744,139.74011537017753,1359
8745,121.25483399593901,593
8746,122.49747468305827,1851
8747,113.18376618407353,1047
8748,143.2964645562816,1363
8749,92.32590180780447,939
8750,152.12489168102778,4380
8751,113.25483399593901,429
8752,145.9949493661165,1318
8753,73.94112549695427,550
8754,149.06601717798205,1882
8755,129.56854249492372,2452
8756,107.7106781186547,2470
8757,141.71067811865473,2965
8758,165.16652224137056,3236
8759,110.71067811865463,287
8760,125.04163056034261,469
8761,115.05382386916233,3174
8762,88.8406204335659,1089
8763,110.98275605729684,615
8764,126.43860018001251,1824
8765,90.25483399593898,1274
8766,92.59797974644664,777
8767,80.25483399593897,179
8768,123.42640687119282,1454
8769,139.33809511662415,361
8770,135.15432893255064,1127
8771,92.91168824543138,331
8772,116.99494936611651,340
8773,108.18376618407349,2149
8774,110.74011537017753,2601
8775,106.35533905932736,536
8776,128.92388155425104,1453
8777,118.87005768508875,1279
8778,154.20815280171303,1156
8779,118.01219330881972,1204
8780,148.2375900532359,2497
8781,95.49747468305824,672
8782,80.38477631085021,1148
8783,131.78174593052012,903
8784,90.11269837220806,1464
8785,79.94112549695424,1853
8786,122.98275605729681,1577
8787,119.53910524340084,1039
8788,91.84062043356589,1044
8789,129.08326112068517,990
8790,141.1248916810278,3501
8791,131.53910524340083,1983
8792,81.18376618407355,253
8793,129.7106781186546,2863
8794,141.53910524340085,2480
8795,151.91168824543155,5622
8796,123.36753236814702,1172
8797,105.63961030678921,1606
8798,150.02438661763944,1266
8799,100.32590180780446,984
8800,115.33809511662417,2627
8801,130.1543289325506,1254
8802,138.92388155425107,421
8803,151.8111831820431,1328
8804,82.76955262170046,822
8805,75.11269837220807,445
8806,103.4680374315354,381
8807,201.80613254816012,2954
8808,97.81118318204305,1704
8809,66.91168824543138,480
8810,208.79393923934023,2037
8811,91.88225099390847,1131
8812,116.01219330881969,3637
8813,153.58073580374352,1691
8814,124.53910524340085,2160
8815,184.86500705120565,2131
8816,214.76450198781743,1824
8817,74.89949493661166,180
8818,65.72792206135784,203
8819,166.4091629284897,1599
8820,189.0071426749367,2458
8821,212.55129855222097,2181
8822,72.52691193458115,819
8823,109.12489168102776,625
8824,86.69848480983495,521
8825,191.6934341759518,3192
8826,50.31370849898475,367
8827,56.2132034355964,622
8828,163.06601717798225,2346
8829,99.15432893255063,1060
8830,117.09545442950487,701
8831,92.32590180780444,559
8832,45.355339059327385,223
8833,83.15432893255064,1130
8834,69.52691193458116,451
8835,248.0487732352796,2582
8836,85.66904755831209,557
8837,153.09545442950497,1051
8838,151.62236636408622,835
8839,126.05382386916227,2336
8840,67.6274169979695,652
8841,88.6690475583121,837
8842,89.12489168102775,626
8843,88.35533905932732,688
8844,172.27922061357864,3253
8845,58.11269837220808,374
8846,59.242640687119284,547
8847,68.35533905932735,277
8848,93.08326112068515,459
8849,73.39696961966993,81
8850,66.4974746830583,280
8851,128.50966799187796,1841
8852,119.6690475583121,1227
8853,107.22539674441609,474
8854,97.71067811865468,1132
8855,92.6690475583121,602
8856,149.69343417595167,2344
8857,172.9949493661167,1794
8858,79.69848480983497,1266
8859,65.91168824543138,716
8860,108.56854249492373,1154
8861,85.91168824543139,1112
8862,160.40916292848988,2861
8863,145.9949493661166,1135
8864,63.69848480983496,805
8865,110.9827560572968,746
8866,106.94112549695421,1239
8867,181.99494936611674,1844
8868,61.012193308819725,537
8869,56.8700576850888,234
8870,131.15432893255064,1133
8871,63.455844122715675,296
8872,143.02438661763938,1678
8873,108.05382386916231,815
8874,75.32590180780447,176
8875,89.98275605729685,532
8876,95.15432893255064,1032
8877,127.61017305526633,1146
8878,105.36753236814704,981
8879,154.58073580374352,2458
8880,113.91168824543135,1105
8881,72.38477631085024,345
8882,111.91168824543136,542
8883,38.31370849898477,295
8884,103.22539674441607,1966
8885,177.10764773832486,1982
8886,137.74011537017756,1204
8887,101.98275605729683,840
8888,136.7228714274744,2594
8889,106.05382386916231,1550
8890,135.58073580374344,3685
8891,192.99494936611677,2521
8892,135.66904755831206,1217
8893,95.811183182043,1184
8894,74.01219330881972,380
8895,118.92388155425105,2023
8896,58.38477631085024,152
8897,209.04877323527924,3317
8898,77.25483399593898,239
8899,85.98275605729684,466
8900,136.56854249492372,598
8901,125.38477631085023,387
8902,129.98275605729683,2124
8903,146.0538238691624,1723
8904,133.49747468305821,1124
8905,114.61017305526633,3003
8906,128.49747468305827,3900
8907,166.23759005323603,4661
8908,119.7106781186547,1826
8909,118.84062043356589,1494
8910,87.08326112068517,368
8911,113.81118318204304,1140
8912,154.5979797464467,4718
8913,127.99494936611653,1359
8914,144.71067811865464,7005
8915,124.28427124746185,2304
8916,97.0121933088197,863
8917,120.56854249492375,3419
8918,88.01219330881969,1003
8919,140.18376618407353,4579
8920,116.98275605729685,2093
8921,141.63961030678917,2281
8922,185.4974746830585,6202
8923,131.01219330881972,853
8924,137.33809511662423,529
8925,105.46803743153538,578
8926,144.95331880577407,5048
8927,83.39696961966995,705
8928,131.56854249492375,6646
8929,315.5096679918784,9775
8930,147.2548339959391,5999
8931,109.35533905932736,387
8932,113.08326112068514,1093
8933,117.25483399593897,2511
8934,88.49747468305827,715
8935,150.4386001800127,972
8936,161.02438661763946,1507
8937,107.08326112068518,2155
8938,185.23759005323618,2698
8939,139.50966799187802,1296
8940,124.25483399593897,1493
8941,171.50966799187816,3821
8942,169.0243866176396,9121
8943,97.14213562373092,2762
8944,96.29646455628155,297
8945,148.62741699796948,823
8946,111.11269837220806,1603
8947,112.19595949289321,524
8948,116.28427124746187,1186
8949,173.82337649086287,3224
8950,94.38477631085023,971
8951,127.8406204335659,1743
8952,115.42640687119285,2246
8953,110.6396103067892,652
8954,227.09545442950494,11573
8955,161.89444430272837,8917
8956,123.75230867899725,2702
8957,139.8406204335659,3138
8958,113.254833995939,2171
8959,117.15432893255064,293
8960,154.94112549695427,6905
8961,121.52691193458114,5328
8962,131.52691193458114,3087
8963,106.25483399593897,1070
8964,122.81118318204304,2463
8965,119.53910524340088,3021
8966,91.49747468305823,260
8967,180.8822509939086,2125
8968,94.69848480983497,455
8969,99.59797974644663,1729
8970,220.78174593052054,4100
8971,125.88225099390851,1405
8972,130.0121933088197,4103
8973,130.53910524340088,2115
8974,117.8406204335659,536
8975,90.42640687119281,996
8976,126.58073580374342,789
8977,106.2253967444161,233
8978,98.81118318204298,596
8979,118.53910524340087,1332
8980,155.56854249492397,7165
8981,131.76955262170043,1558
8982,116.49747468305826,3211
8983,126.72792206135783,3151
8984,124.52691193458116,3122
8985,122.66904755831209,3648
8986,128.12489168102775,1566
8987,127.6396103067892,2351
8988,170.61017305526656,3880
8989,114.8406204335659,794
8990,146.04163056034264,5387
8991,123.74011537017756,2864
8992,158.09545442950505,6242
8993,126.53910524340085,2222
8994,121.88225099390849,1424
8995,99.25483399593898,1432
8996,135.12489168102775,3789
8997,145.19595949289328,3372
8998,132.08326112068517,4374
8999,138.2670273047587,2775
9000,1505.3149339882664,5482
9001,1546.4987001723405,6390
9002,2085.4835482706903,6828
9003,1372.0479066835073,6504
9004,2156.9099551418767,7775
9005,2470.5150775632324,6570
9006,2689.3262607452607,7583
9007,1626.711903607937,6709
9008,2418.201369064255,6836
9009,1859.8317446550827,7520
9010,1252.9646455628215,4399
9011,1911.0327547818595,5612
9012,1125.6681810065393,3606
9013,1309.3027406794465,4948
9014,1518.0134187981018,6859
9015,2098.8977618330614,4991
9016,2514.858223313735,6909
9017,1540.5281374238632,5168
9018,1319.491557497403,5087
9019,2455.7993488106968,6128
9020,1909.8906191581282,7148
9021,1384.5037508062228,2568
9022,2879.061325481535,7278
9023,2503.242999624587,7470
9024,1398.4326829943573,5204
9025,1738.1088732276075,6938
9026,2070.1698397717064,6968
9027,1319.1484117468954,3902
9028,1163.295598004509,5005
9029,934.9575028878837,4329
9030,995.4011537017799,3193
9031,1661.8662325404882,6632
9032,1393.0306627408045,4379
9033,1912.0743853422023,7136
9034,1590.6113985445488,5548
9035,1793.0327547818595,6397
9036,1451.983981546579,4618
9037,1811.9028124669483,7073
9038,1383.503750806223,3320
9039,2053.6551211459464,7162
9040,1699.8367952889655,6554
9041,1357.3149339882666,5530
9042,1245.621499812314,4566
9043,2721.191267796462,7271
9044,2015.1109652686625,5901
9045,1205.1067811865526,3750
9046,1805.8733752154258,6455
9047,1245.2367235014635,4786
9048,1788.7901140947401,7021
9049,2012.7728701520375,6900
9050,2131.0815280171314,7139
9051,1480.3149339882666,4567
9052,1791.9911242215167,7498
9053,1683.2388155425185,3502
9054,1926.843937963903,6523
9055,1541.5281374238632,7553
9056,1411.2905473706264,4283
9057,1547.3565645486094,4539
9058,1911.8023074035602,5104
9059,1282.3910524340147,5059
9060,1446.1433611130126,3854
9061,1284.9768388716416,6006
9062,1939.1870837144106,5777
9063,1377.6042558696113,4646
9064,1597.9545442950564,5414
9065,2222.0226535140787,7878
9066,2471.242999624589,6179
9067,1365.6753236814768,2602
9068,1584.581961293026,7202
9069,1120.8691911333158,2900
9070,1248.1950929411207,4824
9071,1098.4966081312853,4699
9072,3110.1273426594985,7921
9073,2108.395236516117,7865
9074,1876.0621920333822,5358
9075,2463.2013690642552,7522
9076,2775.534413546961,7576
9077,2567.4267658086524,7877
9078,2383.863273947629,4776
9079,1621.5230867899804,7422
9080,1012.827560572973,3914
9081,848.903679018721,3469
9082,1430.0600999923272,4474
9083,1727.7240969167572,5860
9084,1720.9789309126966,7953
9085,1534.4692629208178,6050
9086,2168.780012826965,7212
9087,2268.792206135775,6877
9088,1721.907863100831,7180
9089,1971.8855685242459,6885
9090,1372.775828744865,5496
9091,1912.0743853422023,7262
9092,1616.5525240415036,5634
9093,2245.218613006967,6834
9094,2080.0155108391546,4947
9095,1322.9352083112985,4187
9096,1581.4692629208178,6400
9097,2032.0987719598425,7148
9098,2044.8266940212004,7502
9099,1941.559666716441,5854
9100,654.0538238691628,7680
9101,483.5979797464469,3157
9102,859.0832611206855,5601
9103,1156.296464556282,7780
9104,737.2253967444167,6956
9105,627.5979797464469,4475
9106,566.2842712474621,2183
9107,590.2842712474621,5464
9108,733.4558441227159,3996
9109,714.9827560572974,7190
9110,785.8406204335663,6377
9111,650.4264068711931,4552
9112,1477.740115370178,6555
9113,1064.9116882454318,7229
9114,1110.882250993909,4902
9115,688.870057685089,4573
9116,858.0832611206856,6609
9117,679.7695526217008,4812
9118,627.0121933088201,3732
9119,1068.3969696196702,7696
9120,370.3847763108504,2868
9121,1277.9116882454318,6553
9122,1143.8406204335663,6449
9123,826.7106781186551,5121
9124,564.597979746447,3516
9125,1175.3259018078047,6412
9126,1033.0832611206856,6319
9127,560.0416305603428,4717
9128,884.5685424949243,4384
9129,524.7695526217007,4327
9130,991.6690475583124,5495
9131,751.2132034355966,3914
9132,596.1126983722083,5655
9133,1448.5391052434013,7701
9134,580.6274169979697,3989
9135,1227.4264068711932,4530
9136,839.4974746830587,5764
9137,1453.1543289325512,6493
9138,540.0416305603428,3205
9139,1002.0538238691627,6950
9140,1316.1543289325512,6613
9141,1220.6396103067896,7775
9142,918.3259018078048,4981
9143,1275.4264068711932,7016
9144,483.6984848098352,4384
9145,646.2132034355966,2637
9146,1122.9827560572974,7164
9147,983.6396103067898,7589
9148,1672.4974746830587,5826
9149,1028.9827560572971,5471
9150,1045.8406204335663,5733
9151,509.2842712474621,2412
9152,1083.4974746830587,5903
9153,1013.4264068711932,5687
9154,883.2842712474621,4702
9155,1485.5391052434015,7505
9156,726.9116882454318,3858
9157,554.0416305603427,3147
9158,425.982756057297,4252
9159,1271.8822509939089,6500
9160,844.568542494924,5929
9161,878.6396103067898,6814
9162,673.2548339959394,4706
9163,890.3259018078047,5484
9164,1366.3675323681477,7791
9165,1318.568542494924,7443
9166,527.2132034355966,3828
9167,1216.8528137423862,4907
9168,727.8406204335663,4872
9169,872.3259018078049,5470
9170,1270.8528137423862,6289
9171,702.6274169979697,5031
9172,1276.8111831820436,6573
9173,637.7695526217008,5935
9174,651.4974746830587,5030
9175,788.5685424949243,7435
9176,812.0832611206855,3102
9177,1523.5685424949243,7464
9178,757.9827560572973,7127
9179,520.6984848098352,3792
9180,592.5269119345814,4652
9181,509.6274169979697,4858
9182,777.3969696196702,4908
9183,859.7401153701779,6555
9184,874.7989898732235,2329
9185,395.0832611206854,4683
9186,413.18376618407376,4354
9187,1605.752308678998,7797
9188,500.7989898732235,4317
9189,446.01219330882003,2644
9190,603.1126983722083,6075
9191,1694.2964645562822,8012
9192,798.9411254969546,4756
9193,867.0243866176402,8184
9194,523.5563491861042,4353
9195,593.3553390593277,3257
9196,578.7695526217008,6529
9197,609.2132034355966,1922
9198,462.74011537017793,5969
9199,856.8406204335663,6041
9200,146.95331880577402,1516
9201,67.38477631085021,418
9202,159.5807358037436,1979
9203,195.65180361560928,3930
9204,48.21320343559641,194
9205,35.899494936611674,131
9206,138.22539674441617,2512
9207,56.52691193458116,427
9208,161.1248916810279,1220
9209,131.2964645562816,1147
9210,46.21320343559642,240
9211,179.7523086789975,2643
9212,84.49747468305827,489
9213,131.88225099390849,888
9214,246.90663761154843,4778
9215,40.213203435596434,114
9216,107.74011537017755,1196
9217,170.02438661763966,2999
9218,50.79898987322331,259
9219,40.38477631085023,187
9220,27.656854249492383,54
9221,152.36753236814718,1416
9222,85.56854249492372,682
9223,119.56854249492373,1620
9224,181.58073580374366,2080
9225,133.9238815542511,2082
9226,85.52691193458115,610
9227,79.59797974644663,740
9228,153.12489168102786,2862
9229,111.39696961966992,719
9230,115.88225099390847,1169
9231,216.50966799187833,3035
9232,310.0487732352797,3580
9233,138.7106781186547,1776
9234,123.81118318204302,1904
9235,137.98275605729685,1263
9236,115.56854249492373,1005
9237,80.01219330881973,552
9238,140.50966799187805,1595
9239,108.18376618407355,431
9240,156.0538238691624,1274
9241,215.7228714274748,4835
9242,112.78174593052013,575
9243,136.5391052434009,2157
9244,119.2253967444161,1309
9245,161.65180361560914,2841
9246,136.0538238691623,1170
9247,173.61017305526656,1964
9248,80.32590180780446,403
9249,186.33809511662437,2612
9250,75.76955262170044,495
9251,84.39696961966995,866
9252,235.99494936611694,3521
9253,30.384776310850242,99
9254,78.76955262170044,665
9255,35.55634918610405,153
9256,110.29646455628156,569
9257,30.313708498984763,102
9258,134.15432893255064,1551
9259,236.3797256769672,1862
9260,258.39191898578713,3053
9261,60.28427124746189,421
9262,131.78174593052012,1461
9263,92.49747468305826,540
9264,259.42135623730996,4602
9265,30.213203435596434,145
9266,123.36753236814702,1591
9267,80.35533905932733,836
9268,128.6396103067892,1356
9269,48.21320343559641,255
9270,28.142135623730955,65
9271,71.87005768508878,709
9272,106.32590180780446,1248
9273,153.2964645562817,2796
9274,176.79393923934012,2215
9275,104.0538238691623,641
9276,119.81118318204302,819
9277,36.45584412271572,92
9278,123.811183182043,1879
9279,213.3797256769672,3495
9280,54.870057685088774,248
9281,81.59797974644661,912
9282,200.33809511662457,3141
9283,207.33809511662452,3930
9284,164.36753236814724,3113
9285,146.71067811865476,1183
9286,67.35533905932733,390
9287,99.91168824543138,840
9288,129.46803743153538,994
9289,27.798989873223338,55
9290,166.19595949289342,2456
9291,73.35533905932735,654
9292,143.02438661763952,1353
9293,75.59797974644663,696
9294,141.71067811865476,1788
9295,32.627416997969526,208
9296,174.20815280171323,2049
9297,19.313708498984763,44
9298,187.40916292848985,2022
9299,135.19595949289322,920
9300,143.22539674441606,3028
9301,107.4680374315354,1804
9302,90.59797974644661,1355
9303,147.46803743153544,2611
9304,116.88225099390846,1340
9305,114.91168824543134,1657
9306,110.0538238691623,985
9307,84.94112549695424,1759
9308,137.61017305526636,2505
9309,161.5807358037436,4459
9310,166.92388155425124,3166
9311,152.85281374238565,3319
9312,92.15432893255064,1125
9313,123.2253967444161,2480
9314,117.0538238691623,2200
9315,117.15432893255063,1734
9316,131.88225099390849,1975
9317,140.26702730475876,4080
9318,116.32590180780444,1760
9319,92.01219330881969,1390
9320,85.15432893255065,617
9321,150.26702730475878,2163
9322,120.32590180780444,1904
9323,98.32590180780446,587
9324,137.63961030678922,1828
9325,119.15432893255064,1408
9326,105.32590180780444,1056
9327,133.15432893255067,1124
9328,155.85281374238573,4113
9329,146.9827560572969,2131
9330,119.98275605729683,1550
9331,118.84062043356587,2130
9332,151.95331880577396,1917
9333,97.91168824543138,788
9334,108.88225099390847,1740
9335,96.32590180780444,1309
9336,174.8233764908629,3180
9337,140.5391052434009,3527
9338,137.61017305526636,3584
9339,162.40916292848985,2205
9340,98.91168824543136,1793
9341,82.35533905932735,640
9342,110.08326112068515,1321
9343,154.53910524340097,2870
9344,94.46803743153538,533
9345,127.95331880577393,1669
9346,133.22539674441612,2815
9347,148.39696961966996,3039
9348,133.1248916810278,1684
9349,83.254833995939,805
9350,133.0538238691623,982
9351,155.7106781186548,2562
9352,87.01219330881972,1037
9353,112.05382386916231,2349
9354,137.71067811865464,2169
9355,168.40916292848974,2441
9356,141.53910524340088,2271
9357,139.29646455628156,2194
9358,108.15432893255065,1524
9359,77.1837661840735,751
9360,171.0660171779822,2148
9361,150.6812408671318,2249
9362,128.49747468305821,2486
9363,154.1665222413705,1770
9364,127.76955262170044,412
9365,101.42640687119281,1238
9366,142.8111831820431,2967
9367,181.8528137423858,3410
9368,128.367532368147,1323
9369,76.25483399593901,1044
9370,99.56854249492375,1376
9371,120.15432893255063,1897
9372,122.15432893255063,1069
9373,124.78174593052012,1390
9374,148.95331880577402,4537
9375,100.15432893255063,1605
9376,144.2670273047588,2854
9377,105.8406204335659,1104
9378,109.42640687119282,1376
9379,97.18376618407352,808
9380,165.58073580374366,2499
9381,129.5979797464466,807
9382,111.98275605729683,599
9383,119.56854249492373,1618
9384,112.01219330881969,1790
9385,95.56854249492373,844
9386,104.35533905932733,1021
9387,135.8822509939085,2545
9388,109.42640687119278,1074
9389,133.76955262170043,582
9390,137.3969696196699,3743
9391,85.42640687119281,723
9392,108.15432893255061,1427
9393,135.26702730475876,1541
9394,185.99494936611683,4201
9395,88.49747468305827,724
9396,133.95331880577396,1724
9397,117.39696961966992,3119
9398,113.66904755831209,859
9399,121.4264068711928,1092
9400,162.50966799187816,3642
9401,110.36753236814704,1116
9402,138.46803743153544,1720
9403,100.39696961966992,720
9404,131.58073580374344,1913
9405,124.95331880577393,1718
9406,163.09545442950503,2951
9407,151.8233764908628,2357
9408,148.85281374238565,1862
9409,124.4386001800125,1409
9410,151.82337649086287,1582
9411,133.43860018001251,1181
9412,188.79393923934015,3134
9413,109.71067811865467,994
9414,143.58073580374355,1943
9415,118.19595949289324,841
9416,113.91168824543136,1823
9417,102.71067811865466,463
9418,121.36753236814704,1096
9419,146.02438661763955,1659
9420,115.05382386916229,1199
9421,121.29646455628158,2802
9422,159.30865786510145,2002
9423,120.19595949289322,1850
9424,133.36753236814707,1217
9425,144.3380951166243,1604
9426,191.86500705120565,4229
9427,94.63961030678921,765
9428,80.49747468305829,575
9429,137.75230867899734,2158
9430,129.36753236814704,1588
9431,119.6101730552663,1202
9432,134.22539674441614,1256
9433,164.40916292848982,2877
9434,174.96551211459393,1682
9435,124.02438661763941,1517
9436,130.71067811865467,1840
9437,106.71067811865467,683
9438,122.88225099390847,1876
9439,101.29646455628158,1127
9440,120.68124086713178,1122
9441,139.7523086789973,1933
9442,142.68124086713183,1159
9443,105.71067811865467,997
9444,176.75230867899745,1849
9445,150.82337649086287,1926
9446,150.19595949289334,1600
9447,116.36753236814704,1295
9448,153.40916292848976,2231
9449,96.29646455628159,996
9450,107.88225099390847,902
9451,176.1665222413706,3791
9452,127.2253967444161,1488
9453,184.99494936611686,3498
9454,180.99494936611683,2931
9455,168.48023074035532,2838
9456,138.82337649086278,1661
9457,145.8528137423857,2859
9458,122.0243866176394,1117
9459,105.81118318204301,1308
9460,103.74011537017755,1090
9461,137.02438661763944,1920
9462,142.33809511662423,1313
9463,91.22539674441612,676
9464,115.12489168102775,1519
9465,113.81118318204301,1003
9466,121.4386001800125,743
9467,130.8528137423856,1928
9468,122.63961030678921,1242
9469,127.95331880577393,1818
9470,107.46803743153538,947
9471,105.46803743153538,1380
9472,138.85281374238565,1449
9473,145.92388155425115,2085
9474,118.78174593052013,1424
9475,136.43860018001257,3185
9476,132.0243866176394,1125
9477,121.46803743153538,1510
9478,175.96551211459393,2098
9479,100.98275605729685,768
9480,153.1665222413705,2128
9481,114.53910524340085,1195
9482,113.53910524340084,1376
9483,126.12489168102775,1288
9484,138.26702730475873,1971
9485,96.15432893255064,746
9486,133.0954544295049,2030
9487,124.19595949289321,1036
9488,179.0365799264594,3080
9489,195.2792206135788,2943
9490,133.61017305526636,958
9491,153.50966799187808,2235
9492,113.46803743153538,1691
9493,144.71067811865473,1330
9494,119.78174593052012,1201
9495,114.6396103067892,1093
9496,142.92388155425115,2032
9497,147.26702730475876,1836
9498,185.86500705120565,3781
9499,97.0538238691623,1444
9500,74.97056274847714,321
9501,84.22539674441612,411
9502,82.76955262170044,711
9503,96.98275605729684,543
9504,137.58073580374344,1375
9505,92.39696961966993,150
9506,96.18376618407352,430
9507,143.65180361560894,616
9508,85.91168824543136,800
9509,105.56854249492373,677
9510,116.74011537017755,949
9511,141.99494936611663,1468
9512,119.18376618407352,1510
9513,83.1837661840735,243
9514,100.91168824543134,1143
9515,98.45584412271569,558
9516,88.81118318204302,493
9517,144.02438661763952,990
9518,138.50966799187808,1246
9519,106.01219330881969,804
9520,91.49747468305826,413
9521,119.53910524340083,1960
9522,87.15432893255064,614
9523,126.12489168102776,2443
9524,99.5979797464466,1932
9525,87.76955262170046,1064
9526,80.56854249492373,447
9527,110.39696961966992,1652
9528,143.4386001800126,181
9529,91.45584412271569,1161
9530,159.55129855222066,3256
9531,99.35533905932732,897
9532,130.85281374238562,805
9533,93.59797974644661,739
9534,150.05382386916244,4488
9535,107.81118318204304,1275
9536,131.12489168102775,1249
9537,133.2964645562816,1917
9538,151.55129855222066,1405
9539,152.8822509939085,2111
9540,94.94112549695424,328
9541,113.63961030678921,2350
9542,106.81118318204301,821
9543,115.81118318204301,1147
9544,123.19595949289322,1000
9545,117.68124086713176,976
9546,90.39696961966992,618
9547,135.91168824543135,1559
9548,154.4802307403552,2406
9549,128.91168824543132,1352
9550,130.42640687119282,669
9551,87.76955262170043,887
9552,84.29646455628159,389
9553,108.01219330881973,598
9554,134.36753236814707,1424
9555,110.18376618407352,736
9556,90.21320343559643,362
9557,145.9949493661166,1935
9558,99.53910524340088,1028
9559,142.2964645562816,1317
9560,103.15432893255063,1280
9561,116.4386001800125,984
9562,160.82337649086284,2869
9563,82.76955262170043,856
9564,90.66904755831212,1471
9565,113.39696961966996,2124
9566,85.32590180780448,600
9567,72.15432893255067,811
9568,76.76955262170046,571
9569,93.69848480983497,1544
9570,106.91168824543135,583
9571,79.62741699796949,1138
9572,91.29646455628158,526
9573,96.52691193458115,1426
9574,135.12489168102775,3783
9575,147.61017305526644,1334
9576,117.22539674441612,1251
9577,99.98275605729684,734
9578,94.36753236814704,419
9579,85.76955262170044,804
9580,108.2132034355964,1335
9581,109.25483399593898,2513
9582,101.84062043356592,1292
9583,119.18376618407349,1208
9584,91.98275605729684,632
9585,91.6396103067892,521
9586,136.46803743153538,1878
9587,71.25483399593901,919
9588,117.71067811865467,2756
9589,119.88225099390849,516
9590,94.52691193458115,665
9591,88.98275605729684,590
9592,116.68124086713175,284
9593,70.42640687119282,654
9594,135.16652224137033,2016
9595,115.39696961966995,2938
9596,97.01219330881969,1402
9597,93.32590180780446,735
9598,118.66904755831207,3052
9599,158.46803743153558,2368
9600,126.81118318204298,3380
9601,133.3675323681471,1631
9602,99.08326112068517,1784
9603,102.94112549695426,1657
9604,134.2081528017129,2204
9605,148.91168824543152,1240
9606,89.35533905932738,746
9607,140.367532368147,1838
9608,115.59797974644658,2659
9609,86.56854249492375,1334
9610,146.9533188057739,4298
9611,90.45584412271572,370
9612,112.45584412271569,546
9613,114.97056274847712,1839
9614,107.15432893255067,2087
9615,121.88225099390849,2496
9616,146.74011537017753,3138
9617,125.36753236814702,1068
9618,158.91168824543144,1397
9619,81.56854249492376,740
9620,64.01219330881975,670
9621,147.11269837220803,3693
9622,122.811183182043,3250
9623,151.92388155425112,2793
9624,84.45584412271569,548
9625,145.05382386916236,3267
9626,105.53910524340088,2979
9627,110.46803743153541,1989
9628,101.12489168102779,1824
9629,109.7989898732233,530
9630,93.55634918610404,296
9631,165.69848480983512,4487
9632,108.18376618407353,1256
9633,62.45584412271572,598
9634,73.87005768508877,652
9635,162.9827560572968,2535
9636,62.87005768508878,407
9637,180.87005768508894,3121
9638,182.33809511662446,3239
9639,84.55634918610401,1021
9640,82.66904755831212,1257
9641,127.71067811865463,1558
9642,162.9533188057741,1843
9643,129.48528137423858,1212
9644,112.09545442950485,2231
9645,94.2842712474619,1358
9646,80.81118318204304,251
9647,93.08326112068521,1143
9648,79.76955262170043,827
9649,89.49747468305826,1084
9650,130.5269119345811,2938
9651,106.3553390593273,2031
9652,104.6812408671318,2500
9653,105.32590180780448,2634
9654,104.94112549695426,803
9655,132.18376618407348,4034
9656,114.84062043356593,3039
9657,131.05382386916227,1579
9658,116.08326112068514,540
9659,114.02438661763942,1487
9660,179.72287142747467,5565
9661,117.91168824543135,1661
9662,105.95331880577393,856
9663,187.56854249492383,3685
9664,90.62741699796952,865
9665,82.18376618407352,675
9666,136.92388155425107,2666
9667,90.94112549695424,2939
9668,103.29646455628156,1106
9669,102.74011537017755,1534
9670,94.08326112068518,754
9671,125.32590180780443,1970
9672,99.74011537017756,869
9673,97.04163056034257,988
9674,141.66904755831206,2425
9675,101.14213562373094,1523
9676,156.4264068711929,2333
9677,143.15432893255064,1456
9678,108.88225099390847,3563
9679,159.30865786510125,5146
9680,97.6396103067892,1488
9681,127.4680374315354,2449
9682,158.5929291125634,3455
9683,75.18376618407353,553
9684,125.11269837220804,3432
9685,79.55634918610403,703
9686,123.11269837220806,519
9687,136.8406204335659,4694
9688,176.63961030678917,3580
9689,114.98275605729684,3018
9690,112.49747468305827,2659
9691,124.40916292848964,2622
9692,71.69848480983497,1003
9693,95.8406204335659,710
9694,93.38477631085023,2379
9695,151.25483399593898,3199
9696,114.12489168102778,1258
9697,168.78174593052032,988
9698,97.87005768508875,1298
9699,74.72792206135783,865
9700,152.37972567696687,2786
9701,158.75230867899748,1505
9702,104.01219330881969,756
9703,210.10764773832514,2568
9704,132.8528137423856,634
9705,164.82337649086298,4396
9706,106.74011537017755,2164
9707,160.06601717798225,1669
9708,73.28427124746185,622
9709,105.88225099390847,1806
9710,77.49747468305827,667
9711,133.4802307403551,3667
9712,167.66904755831206,2046
9713,113.63961030678921,2037
9714,136.9238815542511,4524
9715,103.81118318204305,1499
9716,132.50966799187796,1100
9717,151.33809511662437,2201
9718,141.35533905932732,3572
9719,100.49747468305829,738
9720,129.50966799187796,2127
9721,168.86500705120537,1888
9722,88.56854249492375,634
9723,120.35533905932736,774
9724,142.9949493661166,1030
9725,107.78174593052013,313
9726,149.71067811865473,2279
9727,116.88225099390847,1026
9728,109.49747468305829,494
9729,141.99494936611663,2684
9730,117.15432893255067,1677
9731,152.8406204335659,3999
9732,129.74011537017753,1733
9733,141.39696961966996,3861
9734,122.68124086713173,1568
9735,123.61017305526627,874
9736,152.95331880577402,2527
9737,137.61017305526627,4043
9738,103.98275605729681,817
9739,86.94112549695427,885
9740,152.08326112068525,4818
9741,226.63455967290642,3570
9742,119.45584412271569,460
9743,114.68124086713176,2876
9744,134.254833995939,940
9745,176.45079348883232,1349
9746,129.8528137423856,3067
9747,148.22539674441612,3067
9748,94.5685424949237,730
9749,78.4264068711928,934
9750,111.22539674441609,483
9751,77.91168824543138,1047
9752,162.9949493661167,4285
9753,113.5685424949237,3012
9754,107.75230867899724,1287
9755,168.56854249492372,4264
9756,96.81118318204304,1409
9757,132.7106781186547,1164
9758,100.18376618407352,1402
9759,93.81118318204298,2156
9760,127.9827560572968,2085
9761,85.91168824543135,460
9762,130.66904755831212,1073
9763,89.01219330881969,393
9764,79.1837661840735,622
9765,108.84062043356587,2539
9766,122.8406204335659,2162
9767,118.15432893255067,959
9768,181.18376618407353,2465
9769,97.49747468305827,786
9770,117.58073580374342,468
9771,126.0243866176394,1488
9772,158.09545442950488,2784
9773,143.254833995939,710
9774,103.3969696196699,871
9775,176.03657992645952,3466
9776,119.49747468305829,2044
9777,122.66904755831207,3339
9778,119.91168824543138,967
9779,155.23759005323586,2444
9780,155.15432893255078,2162
9781,112.50966799187796,463
9782,71.52691193458116,332
9783,151.82337649086293,4645
9784,193.96551211459388,5701
9785,144.78174593052023,4831
9786,136.36753236814704,665
9787,174.69343417595164,6241
9788,143.50966799187802,2334
9789,95.45584412271567,902
9790,109.53910524340084,2998
9791,139.75230867899725,1425
9792,128.08326112068517,3469
9793,124.15432893255063,1236
9794,135.0121933088197,3214
9795,129.81118318204298,1504
9796,97.81118318204305,2282
9797,82.18376618407353,113
9798,95.35533905932732,1348
9799,133.46803743153538,2075
9800,112.98275605729684,215
9801,120.16652224137033,1251
9802,266.9066376115488,2628
9803,161.29646455628168,2034
9804,154.37972567696687,2875
9805,123.25483399593898,1495
9806,242.70562748477192,2844
9807,71.59797974644663,522
9808,185.92388155425124,2317
9809,115.91168824543139,2137
9810,153.8528137423856,2494
9811,209.66399692442914,2188
9812,159.55129855222071,2072
9813,158.03657992645932,1400
9814,54.52691193458117,220
9815,100.68124086713178,396
9816,105.53910524340085,635
9817,91.32590180780447,1345
9818,67.28427124746189,731
9819,164.3380951166244,1826
9820,73.08326112068518,482
9821,87.8406204335659,1788
9822,131.91168824543135,1763
9823,94.36753236814705,798
9824,116.59797974644661,792
9825,122.61017305526629,2587
9826,125.39696961966992,994
9827,154.19595949289322,1106
9828,49.87005768508881,430
9829,48.55634918610405,127
9830,124.92388155425105,2293
9831,84.0121933088197,290
9832,124.26702730475868,287
9833,95.74011537017755,1350
9834,102.63961030678921,1307
9835,126.81118318204302,1699
9836,163.9949493661167,1097
9837,76.35533905932736,872
9838,70.254833995939,531
9839,125.02438661763941,1504
9840,79.81118318204304,494
9841,170.3969696196699,2557
9842,190.8944443027286,2555
9843,80.08326112068518,703
9844,62.941125496954264,142
9845,130.91168824543138,1841
9846,129.78174593052012,1050
9847,131.30865786510128,1177
9848,72.5979797464466,1057
9849,104.25483399593898,684
9850,86.35533905932733,741
9851,112.85281374238559,1975
9852,98.56854249492375,1301
9853,57.38477631085023,164
9854,102.08326112068515,1235
9855,178.03657992645947,1203
9856,156.39696961967002,1652
9857,116.29646455628158,1222
9858,105.95331880577393,794
9859,148.16652224137033,2397
9860,90.81118318204301,606
9861,67.25483399593901,252
9862,136.4802307403551,1271
9863,148.84062043356593,4239
9864,74.49747468305829,722
9865,120.26702730475867,567
9866,152.1370849898475,1947
9867,88.98275605729683,348
9868,86.87005768508878,542
9869,85.22539674441612,467
9870,88.28427124746187,668
9871,201.96551211459396,3560
9872,207.07821048680222,3258
9873,80.11269837220807,374
9874,66.62741699796952,319
9875,72.84062043356589,603
9876,80.84062043356593,927
9877,66.91168824543138,432
9878,70.31370849898475,523
9879,232.39191898578702,2164
9880,72.4264068711928,416
9881,67.0121933088197,1110
9882,67.18376618407355,352
9883,105.12489168102776,676
9884,124.39696961966993,793
9885,77.25483399593898,558
9886,64.0416305603426,783
9887,149.74011537017762,978
9888,149.7523086789974,1330
9889,73.59797974644663,952
9890,95.08326112068517,651
9891,66.45584412271569,515
9892,104.81118318204302,1507
9893,91.18376618407353,992
9894,109.71067811865467,289
9895,122.40916292848961,1022
9896,104.87005768508877,563
9897,120.75230867899724,1341
9898,85.81118318204304,741
9899,59.0416305603426,270
9900,107.28427124746192,325
9901,114.74011537017759,2861
9902,112.6812408671318,3833
9903,141.16652224137033,1550
9904,103.08326112068521,1146
9905,128.33809511662417,3459
9906,155.4386001800125,3655
9907,113.53910524340084,1897
9908,111.59797974644658,1244
9909,146.7401153701777,7684
9910,102.5979797464466,1177
9911,142.45584412271575,2700
9912,128.4264068711928,1867
9913,112.66904755831206,477
9914,109.811183182043,691
9915,174.3675323681472,3502
9916,101.11269837220806,967
9917,185.62236636408633,3552
9918,99.28427124746187,1060
9919,139.0121933088198,2162
9920,100.32590180780446,255
9921,130.6812408671318,1528
9922,114.72792206135784,1261
9923,161.23759005323592,4036
9924,81.21320343559641,1660
9925,131.9827560572968,2547
9926,103.0121933088197,1434
9927,112.25483399593901,1466
9928,75.59797974644664,1180
9929,126.11269837220809,2358
9930,141.04163056034258,789
9931,124.53910524340085,2289
9932,120.53910524340083,1138
9933,122.35533905932735,181
9934,157.85281374238565,4397
9935,138.2964645562816,2710
9936,155.49747468305833,4676
9937,122.55634918610403,1699
9938,74.49747468305826,440
9939,127.05382386916226,4812
9940,129.46803743153538,4241
9941,88.28427124746186,644
9942,108.0538238691623,1207
9943,150.50966799187796,2398
9944,139.75230867899722,1558
9945,103.25483399593901,1572
9946,137.8822509939085,3604
9947,132.08326112068517,4124
9948,89.29646455628156,88
9949,87.79898987322332,524
9950,90.32590180780447,325
9951,132.62741699796948,1757
9952,138.32590180780448,1157
9953,95.32590180780444,882
9954,151.6101730552665,3375
9955,122.5685424949237,3007
9956,156.16652224137033,3344
9957,154.2964645562816,4734
9958,123.04163056034257,2705
9959,115.69848480983497,2020
9960,175.72287142747456,6497
9961,119.14213562373092,300
9962,112.66904755831209,421
9963,168.11269837220811,5271
9964,103.35533905932732,1524
9965,99.76955262170046,1058
9966,160.85281374238556,3115
9967,84.0121933088197,634
9968,74.01219330881973,249
9969,146.61017305526644,2763
9970,160.2964645562817,5490
9971,108.12489168102773,517
9972,234.23759005323626,9185
9973,105.29646455628158,2103
9974,131.22539674441612,1592
9975,98.49747468305827,481
9976,161.13708498984766,936
9977,167.09545442950503,1416
9978,164.25483399593924,3388
9979,89.0832611206852,802
9980,153.23759005323598,5013
9981,182.68124086713195,2074
9982,91.94112549695423,923
9983,92.98275605729685,1223
9984,160.99494936611663,2735
9985,124.95331880577397,1973
9986,98.15432893255064,1010
9987,124.39696961966993,1682
9988,88.94112549695423,2523
9989,154.9116882454314,4298
9990,188.89444430272837,3633
9991,157.6101730552664,3564
9992,116.91168824543135,374
9993,109.71067811865466,708
9994,101.39696961966993,276
9995,76.52691193458116,1068
9996,92.76955262170043,292
9997,82.2842712474619,371
9998,154.23759005323592,995
9999,91.32590180780446,558
10000,1795.3048327205015,5368
10001,1890.1576464628877,7067
10002,2218.892711199167,7822
10003,2913.6471119191597,7923
10004,2043.0987719598425,7541
10005,1875.4885989045754,6479
10006,1019.501658765168,3954
10007,2612.5932880500186,7625
10008,1086.555482634331,4467
10009,1494.9301576774162,5437
10010,1295.6753236814766,4335
10011,2016.6551211459466,7420
10012,2052.500792213395,7830
10013,1670.6774157225316,7100
10014,1333.0773439350296,5732
10015,1769.4642122869352,5154
10016,2679.2379489906893,7400
10017,1262.2783540618063,3956
10018,1328.9890321804617,4403
10019,1769.5058428472778,6264
10020,1570.4987001723402,5751
10021,2203.5373721398405,6885
10022,1680.2388155425185,6268
10023,1732.5230867899807,5346
10024,1831.8611819066057,5945
10025,1680.2510088513386,5226
10026,1801.8784258493083,5932
10027,3022.4704884100124,7561
10028,871.7026688919444,4167
10029,1818.665222413712,4040
10030,1302.3199846221491,5068
10031,1656.1383104791303,5730
10032,2204.909955141874,6542
10033,2639.1201999845975,7915
10034,1532.7707781109823,4543
10035,2438.958728377131,6381
10036,1788.7068529740545,5905
10037,1294.0062761231643,5642
10038,1333.1484117468951,3631
10039,955.501658765168,4151
10040,1261.6925676241792,4293
10041,1637.025612106922,6117
10042,1425.373808491312,4519
10043,1296.035713374687,5363
10044,1403.3027406794467,6225
10045,1823.8611819066055,7231
10046,1642.4936495384577,6644
10047,1932.9444430272913,5695
10048,944.1290757631376,4514
10049,2031.5840533340809,7958
10050,991.6854249492419,4134
10051,1626.256059485221,6422
10052,1246.1362184380753,4481
10053,1670.7240969167572,6900
10054,1586.6408357960715,6115
10055,1736.3931444750697,5692
10056,1160.023520065867,4490
10057,1219.579869251971,5692
10058,2505.98816562865,7332
10059,1986.897761833066,4372
10060,1445.6580797387742,5816
10061,1800.518036156098,7492
10062,1696.0966799187875,6850
10063,1938.2581515262762,4746
10064,1860.9494936611738,5302
10065,1520.670273047594,4504
10066,2370.0886706920473,8008
10067,1728.2632021601587,6847
10068,970.5432893255108,4311
10069,833.6194077712589,2811
10070,1782.2632021601587,6447
10071,1646.025612106922,7696
10072,2432.1130573096816,7762
10073,1447.4570696119977,4755
10074,1191.0773439350298,5294
10075,1852.091629284905,5284
10076,1260.9474016201189,4578
10077,1482.699710299117,5649
10078,1648.1677477306528,7063
10079,2164.596246642892,7282
10080,1450.5870119269086,7273
10081,1590.2388155425185,6211
10082,1438.1727983645355,5954
10083,1593.895669792011,4309
10084,1519.3981951089522,5278
10085,1399.5870119269086,4604
10086,1841.5474734076208,5736
10087,1856.8489885977856,7021
10088,2283.6917010723864,7186
10089,1736.049998724562,5305
10090,2695.936433800522,7405
10091,1371.2611101191037,4816
10092,1508.971788237759,6262
10093,1154.023520065867,4104
10094,1196.5088014401056,4127
10095,2766.1080066757704,8163
10096,1949.4885989045754,7020
10097,1383.0600999923272,5281
10098,1936.8317446550827,4990
10099,2066.5840533340793,6722
10100,654.0538238691628,7680
10101,483.5979797464469,3157
10102,859.0832611206855,5601
10103,1156.296464556282,7780
10104,737.2253967444167,6956
10105,627.5979797464469,4475
10106,566.2842712474621,2183
10107,590.2842712474621,5464
10108,733.4558441227159,3996
10109,714.9827560572974,7190
10110,785.8406204335663,6377
10111,650.4264068711931,4552
10112,1477.740115370178,6555
10113,1064.9116882454318,7229
10114,1110.882250993909,4902
10115,688.870057685089,4573
10116,858.0832611206856,6609
10117,679.7695526217008,4812
10118,627.0121933088201,3732
10119,1068.3969696196702,7696
10120,370.3847763108504,2868
10121,1277.9116882454318,6553
10122,1143.8406204335663,6449
10123,826.7106781186551,5121
10124,564.597979746447,3516
10125,1175.3259018078047,6412
10126,1033.0832611206856,6319
10127,560.0416305603428,4717
10128,884.5685424949243,4384
10129,524.7695526217007,4327
10130,991.6690475583124,5495
10131,751.2132034355966,3914
10132,596.1126983722083,5655
10133,1448.5391052434013,7701
10134,580.6274169979697,3989
10135,1227.4264068711932,4530
10136,839.4974746830587,5764
10137,1453.1543289325512,6493
10138,540.0416305603428,3205
10139,1002.0538238691627,6950
10140,1316.1543289325512,6613
10141,1220.6396103067896,7775
10142,918.3259018078048,4981
10143,1275.4264068711932,7016
10144,483.6984848098352,4384
10145,646.2132034355966,2637
10146,1122.9827560572974,7164
10147,983.6396103067898,7589
10148,1672.4974746830587,5826
10149,1028.9827560572971,5471
10150,1045.8406204335663,5733
10151,509.2842712474621,2412
10152,1083.4974746830587,5903
10153,1013.4264068711932,5687
10154,883.2842712474621,4702
10155,1485.5391052434015,7505
10156,726.9116882454318,3858
10157,554.0416305603427,3147
10158,425.982756057297,4252
10159,1271.8822509939089,6500
10160,844.568542494924,5929
10161,878.6396103067898,6814
10162,673.2548339959394,4706
10163,890.3259018078047,5484
10164,1366.3675323681477,7791
10165,1318.568542494924,7443
10166,527.2132034355966,3828
10167,1216.8528137423862,4907
10168,727.8406204335663,4872
10169,872.3259018078049,5470
10170,1270.8528137423862,6289
10171,702.6274169979697,5031
10172,1276.8111831820436,6573
10173,637.7695526217008,5935
10174,651.4974746830587,5030
10175,788.5685424949243,7435
10176,812.0832611206855,3102
10177,1523.5685424949243,7464
10178,757.9827560572973,7127
10179,520.6984848098352,3792
10180,592.5269119345814,4652
10181,509.6274169979697,4858
10182,777.3969696196702,4908
10183,859.7401153701779,6555
10184,874.7989898732235,2329
10185,395.0832611206854,4683
10186,413.18376618407376,4354
10187,1605.752308678998,7797
10188,500.7989898732235,4317
10189,446.01219330882003,2644
10190,603.1126983722083,6075
10191,1694.2964645562822,8012
10192,798.9411254969546,4756
10193,867.0243866176402,8184
10194,523.5563491861042,4353
10195,593.3553390593277,3257
10196,578.7695526217008,6529
10197,609.2132034355966,1922
10198,462.74011537017793,5969
10199,856.8406204335663,6041
10200,146.95331880577402,1516
10201,67.38477631085021,418
10202,159.5807358037436,1979
10203,195.65180361560928,3930
10204,48.21320343559641,194
10205,35.899494936611674,131
10206,138.22539674441617,2512
10207,56.52691193458116,427
10208,161.1248916810279,1220
10209,131.2964645562816,1147
10210,46.21320343559642,240
10211,179.7523086789975,2643
10212,84.49747468305827,489
10213,131.88225099390849,888
10214,246.90663761154843,4778
10215,40.213203435596434,114
10216,107.74011537017755,1196
10217,170.02438661763966,2999
10218,50.79898987322331,259
10219,40.38477631085023,187
10220,27.656854249492383,54
10221,152.36753236814718,1416
10222,85.56854249492372,682
10223,119.56854249492373,1620
10224,181.58073580374366,2080
10225,133.9238815542511,2082
10226,85.52691193458115,610
10227,79.59797974644663,740
10228,153.12489168102786,2862
10229,111.39696961966992,719
10230,115.88225099390847,1169
10231,216.50966799187833,3035
10232,310.0487732352797,3580
10233,138.7106781186547,1776
10234,123.81118318204302,1904
10235,137.98275605729685,1263
10236,115.56854249492373,1005
10237,80.01219330881973,552
10238,140.50966799187805,1595
10239,108.18376618407355,431
10240,156.0538238691624,1274
10241,215.7228714274748,4835
10242,112.78174593052013,575
10243,136.5391052434009,2157
10244,119.2253967444161,1309
10245,161.65180361560914,2841
10246,136.0538238691623,1170
10247,173.61017305526656,1964
10248,80.32590180780446,403
10249,186.33809511662437,2612
10250,75.76955262170044,495
10251,84.39696961966995,866
10252,235.99494936611694,3521
10253,30.384776310850242,99
10254,78.76955262170044,665
10255,35.55634918610405,153
10256,110.29646455628156,569
10257,30.313708498984763,102
10258,134.15432893255064,1551
10259,236.3797256769672,1862
10260,258.39191898578713,3053
10261,60.28427124746189,421
10262,131.78174593052012,1461
10263,92.49747468305826,540
10264,259.42135623730996,4602
10265,30.213203435596434,145
10266,123.36753236814702,1591
10267,80.35533905932733,836
10268,128.6396103067892,1356
10269,48.21320343559641,255
10270,28.142135623730955,65
10271,71.87005768508878,709
10272,106.32590180780446,1248
10273,153.2964645562817,2796
10274,176.79393923934012,2215
10275,104.0538238691623,641
10276,119.81118318204302,819
10277,36.45584412271572,92
10278,123.811183182043,1879
10279,213.3797256769672,3495
10280,54.870057685088774,248
10281,81.59797974644661,912
10282,200.33809511662457,3141
10283,207.33809511662452,3930
10284,164.36753236814724,3113
10285,146.71067811865476,1183
10286,67.35533905932733,390
10287,99.91168824543138,840
10288,129.46803743153538,994
10289,27.798989873223338,55
10290,166.19595949289342,2456
10291,73.35533905932735,654
10292,143.02438661763952,1353
10293,75.59797974644663,696
10294,141.71067811865476,1788
10295,32.627416997969526,208
10296,174.20815280171323,2049
10297,19.313708498984763,44
10298,187.40916292848985,2022
10299,135.19595949289322,920
10300,127.98275605729681,3544
10301,123.36753236814702,1344
10302,160.61017305526647,3336
10303,100.39696961966992,1419
10304,138.91168824543135,3156
10305,95.49747468305829,393
10306,131.811183182043,2085
10307,138.63961030678928,2164
10308,131.35533905932732,846
10309,94.49747468305827,1056
10310,140.32590180780448,1292
10311,102.56854249492373,1866
10312,74.28427124746187,798
10313,121.12489168102775,566
10314,143.29646455628156,2024
10315,138.74011537017753,3006
10316,115.05382386916229,1287
10317,123.76955262170041,853
10318,126.19595949289321,1871
10319,139.46803743153546,2689
10320,122.4386001800125,1828
10321,112.39696961966992,959
10322,140.05382386916236,3004
10323,105.71067811865466,1162
10324,130.88225099390849,1634
10325,113.63961030678921,1354
10326,122.49747468305826,2702
10327,93.1837661840735,1442
10328,132.32590180780443,1832
10329,122.98275605729683,1741
10330,171.19595949289328,3701
10331,121.39696961966992,2329
10332,123.01219330881972,625
10333,95.52691193458114,1344
10334,128.81118318204298,1412
10335,130.88225099390846,703
10336,129.98275605729683,1368
10337,158.58073580374358,3238
10338,92.25483399593898,728
10339,127.35533905932732,1304
10340,127.91168824543136,2646
10341,98.25483399593898,1681
10342,115.88225099390849,2052
10343,120.76955262170041,1772
10344,113.15432893255065,622
10345,135.5685424949237,2071
10346,120.22539674441612,1787
10347,112.81118318204301,1540
10348,144.33809511662423,2280
10349,136.15432893255064,2795
10350,165.26702730475887,2176
10351,124.98275605729681,1538
10352,124.05382386916229,2681
10353,121.36753236814704,1217
10354,127.56854249492372,1540
10355,134.56854249492378,2170
10356,106.25483399593897,1679
10357,107.254833995939,1968
10358,170.9238815542513,2218
10359,121.56854249492373,1743
10360,126.76955262170044,754
10361,117.05382386916227,1925
10362,134.98275605729685,2069
10363,105.63961030678921,2223
10364,114.08326112068515,2523
10365,111.6396103067892,1089
10366,118.91168824543135,1832
10367,134.56854249492378,2409
10368,110.15432893255064,1492
10369,146.46803743153544,2860
10370,90.6690475583121,1017
10371,131.22539674441612,2551
10372,101.15432893255063,638
10373,148.12489168102786,4181
10374,151.78174593052023,2234
10375,140.32590180780448,2367
10376,102.53910524340085,387
10377,136.22539674441614,1719
10378,158.88225099390863,3334
10379,141.09545442950497,1534
10380,127.71067811865466,2960
10381,140.0121933088198,2581
10382,111.3969696196699,1319
10383,101.254833995939,739
10384,140.5685424949238,3047
10385,159.92388155425124,2323
10386,143.36753236814715,1538
10387,129.88225099390849,2818
10388,124.39696961966992,1147
10389,89.49747468305827,1415
10390,130.46803743153538,1831
10391,143.8233764908628,1116
10392,114.39696961966992,1313
10393,83.8406204335659,1389
10394,135.53910524340085,1794
10395,126.81118318204298,1494
10396,96.15432893255063,958
10397,100.81118318204302,1577
10398,100.15432893255061,1018
10399,107.4264068711928,1402
10400,119.78174593052013,1666
10401,122.61017305526632,1527
10402,117.29646455628158,1194
10403,121.6396103067892,2345
10404,100.6396103067892,956
10405,135.19595949289325,1605
10406,155.09545442950503,2261
10407,158.4091629284898,2396
10408,100.88225099390849,817
10409,146.50966799187805,2194
10410,87.254833995939,641
10411,97.81118318204301,990
10412,135.19595949289328,3146
10413,87.91168824543136,517
10414,151.1959594928933,1940
10415,116.29646455628158,1500
10416,121.43860018001249,1344
10417,130.50966799187796,1137
10418,141.92388155425118,1716
10419,166.6518036156091,3415
10420,118.71067811865467,1642
10421,134.68124086713183,1842
10422,119.88225099390847,922
10423,134.1665222413704,1870
10424,126.0243866176394,1432
10425,108.32590180780446,1270
10426,106.4680374315354,1521
10427,98.05382386916229,688
10428,99.81118318204302,1988
10429,130.8528137423856,2417
10430,155.65180361560905,4705
10431,170.06601717798225,3064
10432,124.95331880577395,1593
10433,120.85281374238559,1320
10434,85.39696961966993,790
10435,112.56854249492373,1216
10436,133.19595949289322,1916
10437,105.8822509939085,937
10438,116.71067811865466,1115
10439,88.56854249492373,1233
10440,104.39696961966992,884
10441,144.4386001800126,2490
10442,171.9949493661168,3640
10443,107.74011537017756,1190
10444,173.37972567696698,1270
10445,133.8822509939085,951
10446,130.33809511662417,1080
10447,119.95331880577392,1360
10448,123.88225099390849,604
10449,125.46803743153538,1334
10450,107.63961030678921,1493
10451,185.96551211459402,3109
10452,124.36753236814702,665
10453,127.4386001800125,1342
10454,113.29646455628156,1059
10455,111.63961030678921,914
10456,123.98275605729681,1296
10457,170.3086578651015,2820
10458,161.82337649086287,3273
10459,95.56854249492375,611
10460,117.05382386916229,734
10461,162.40916292848988,2553
10462,195.27922061357876,4112
10463,133.2670273047587,2890
10464,137.78174593052017,1925
10465,133.509667991878,1441
10466,147.99494936611666,2573
10467,148.92388155425118,1781
10468,101.98275605729683,1195
10469,139.85281374238568,1481
10470,148.6101730552664,1886
10471,117.36753236814704,1541
10472,133.22539674441614,1405
10473,116.46803743153538,1032
10474,113.98275605729683,1495
10475,104.05382386916229,809
10476,114.78174593052013,1101
10477,107.81118318204302,968
10478,85.32590180780447,697
10479,82.15432893255065,439
10480,124.02438661763941,1366
10481,173.379725676967,1646
10482,133.43860018001251,1016
10483,134.50966799187802,1941
10484,120.4386001800125,903
10485,105.29646455628158,994
10486,123.95331880577395,1537
10487,135.6812408671318,1506
10488,99.56854249492375,494
10489,116.29646455628156,989
10490,128.2670273047587,1110
10491,108.05382386916229,1006
10492,135.61017305526636,1642
10493,166.65180361560914,2137
10494,124.29646455628156,1316
10495,145.02438661763952,2360
10496,158.0660171779822,2598
10497,116.4386001800125,2388
10498,88.74011537017756,964
10499,121.05382386916229,953
10500,116.66904755831207,1124
10501,141.7106781186547,1166
10502,86.18376618407355,586
10503,114.02438661763942,919
10504,167.75230867899754,2190
10505,113.95331880577392,1498
10506,115.0538238691623,1777
10507,134.06601717798202,592
10508,131.4386001800125,1446
10509,138.0243866176394,1713
10510,132.05382386916227,2297
10511,116.02438661763941,932
10512,115.52691193458114,3005
10513,120.43860018001251,1197
10514,129.95331880577396,2949
10515,108.63961030678921,1830
10516,130.12489168102778,1761
10517,110.35533905932735,911
10518,125.75230867899724,744
10519,91.7989898732233,998
10520,91.32590180780447,851
10521,114.28427124746186,1186
10522,126.81118318204305,2565
10523,112.66904755831207,1841
10524,127.2375900532358,754
10525,93.88225099390849,662
10526,132.22539674441612,894
10527,140.7228714274744,1332
10528,109.39696961966992,1263
10529,143.81118318204312,4662
10530,166.65180361560908,1995
10531,98.74011537017756,782
10532,88.63961030678921,680
10533,99.36753236814704,742
10534,145.13708498984755,967
10535,125.50966799187793,880
10536,98.71067811865466,805
10537,127.19595949289322,1446
10538,104.12489168102778,867
10539,111.22539674441607,692
10540,85.46803743153541,505
10541,145.96551211459376,840
10542,73.1837661840735,279
10543,104.29646455628158,963
10544,82.52691193458116,515
10545,89.11269837220803,1461
10546,128.8406204335659,1094
10547,132.66904755831212,2334
10548,99.29646455628156,497
10549,82.49747468305827,425
10550,103.08326112068517,1244
10551,108.6812408671318,558
10552,162.58073580374352,3241
10553,103.91168824543138,782
10554,103.25483399593898,905
10555,95.0832611206852,369
10556,170.85281374238576,4603
10557,112.15432893255063,1371
10558,150.63961030678928,1639
10559,116.08326112068515,2242
10560,118.95331880577393,1048
10561,112.45584412271566,700
10562,137.6812408671318,2135
10563,116.53910524340085,1058
10564,91.8406204335659,339
10565,137.39696961966996,1692
10566,126.22539674441609,2878
10567,83.25483399593902,1081
10568,124.04163056034257,838
10569,106.25483399593897,1312
10570,120.1959594928932,1736
10571,115.94112549695423,1287
10572,122.76955262170044,209
10573,127.53910524340085,1422
10574,133.4264068711928,2969
10575,133.15432893255064,3308
10576,94.32590180780446,784
10577,148.12489168102783,2747
10578,152.79393923934003,1001
10579,140.1665222413704,915
10580,109.87005768508878,449
10581,122.2253967444161,1118
10582,111.254833995939,1338
10583,112.53910524340085,839
10584,148.71067811865473,2007
10585,154.23759005323598,1956
10586,85.22539674441612,803
10587,106.66904755831209,1114
10588,97.98275605729685,871
10589,133.52691193458116,2272
10590,111.39696961966992,1895
10591,95.18376618407352,990
10592,157.7817459305203,5418
10593,76.66904755831212,733
10594,139.02438661763946,4145
10595,144.4091629284897,1136
10596,106.08326112068517,1975
10597,134.50966799187796,2142
10598,108.71067811865468,868
10599,90.22539674441612,1003
10600,96.76955262170041,1935
10601,97.89949493661167,433
10602,102.32590180780448,709
10603,105.42640687119282,2289
10604,85.87005768508878,1976
10605,111.76955262170041,2388
10606,162.32590180780443,4702
10607,95.8700576850888,1026
10608,85.56854249492375,1720
10609,69.04163056034258,893
10610,68.6690475583121,689
10611,79.5979797464466,922
10612,116.89444430272819,4426
10613,99.98275605729687,2665
10614,131.066017177982,3885
10615,77.69848480983495,755
10616,81.0416305603426,309
10617,147.75230867899745,5747
10618,99.5269119345812,711
10619,76.87005768508881,157
10620,163.28427124746196,4788
10621,99.39696961966993,1760
10622,143.15432893255067,4222
10623,118.49747468305826,2996
10624,128.22539674441612,2305
10625,87.59797974644667,1087
10626,167.12489168102783,3530
10627,108.56854249492376,1524
10628,113.71067811865466,2786
10629,60.35533905932736,635
10630,71.21320343559641,419
10631,69.79898987322332,1027
10632,134.71067811865467,1873
10633,92.39696961966996,788
10634,99.69848480983495,1278
10635,116.02438661763938,2675
10636,122.74011537017756,3171
10637,128.53910524340085,1938
10638,132.46803743153538,3720
10639,138.46803743153538,2317
10640,99.18376618407356,849
10641,129.12489168102778,2343
10642,126.91168824543136,3240
10643,78.94112549695423,1041
10644,100.0121933088197,2104
10645,67.11269837220809,284
10646,148.2842712474619,4182
10647,176.1959594928932,2893
10648,148.1959594928932,2181
10649,106.811183182043,813
10650,126.26702730475868,789
10651,146.46803743153535,3653
10652,92.28427124746186,2008
10653,80.72792206135786,933
10654,191.4264068711929,1226
10655,74.01219330881972,376
10656,76.11269837220804,827
10657,93.48528137423857,494
10658,178.3380951166244,4550
10659,102.29646455628158,1892
10660,128.2375900532358,2580
10661,98.91168824543139,1022
10662,83.5979797464466,1005
10663,143.63961030678917,3144
10664,126.87005768508877,978
10665,120.59797974644664,1988
10666,122.88225099390843,2590
10667,70.52691193458116,208
10668,88.28427124746187,843
10669,114.46803743153535,1074
10670,121.29646455628156,806
10671,116.35533905932733,1917
10672,88.254833995939,1020
10673,101.42640687119281,874
10674,102.6396103067892,1168
10675,137.9827560572968,4213
10676,110.63961030678917,1561
10677,112.02438661763941,3478
10678,87.15432893255063,1170
10679,97.6690475583121,2706
10680,124.71067811865468,723
10681,126.1837661840735,2383
10682,114.5979797464466,1345
10683,95.46803743153538,2222
10684,99.32590180780446,1893
10685,99.98275605729685,2837
10686,155.05382386916236,4183
10687,174.74011537017768,3476
10688,84.28427124746187,2051
10689,82.28427124746189,535
10690,127.59797974644663,3283
10691,86.31370849898475,332
10692,101.254833995939,2588
10693,67.5269119345812,220
10694,117.79898987322333,202
10695,68.8406204335659,292
10696,109.94112549695426,812
10697,74.66904755831212,992
10698,157.7401153701776,5119
10699,93.62741699796949,2470
10700,207.10764773832489,5003
10701,138.88225099390849,3962
10702,101.3969696196699,621
10703,78.32590180780448,78
10704,136.16652224137033,1074
10705,152.23759005323595,6952
10706,111.94112549695424,1367
10707,131.69848480983495,2823
10708,80.49747468305829,391
10709,140.43860018001257,2519
10710,162.23759005323598,2161
10711,118.71067811865464,2577
10712,126.1959594928932,3544
10713,78.39696961966996,1842
10714,131.8406204335659,1998
10715,134.7228714274744,1472
10716,106.49747468305829,821
10717,124.35533905932733,1632
10718,135.8650070512053,4321
10719,98.68124086713179,1962
10720,126.98275605729681,1008
10721,133.32590180780443,1201
10722,135.09545442950488,2827
10723,137.40916292848965,2147
10724,108.98275605729683,2403
10725,122.56854249492372,1677
10726,132.12489168102775,586
10727,110.14213562373092,1100
10728,94.15432893255065,684
10729,189.59292911256335,8098
10730,171.1837661840736,6710
10731,128.923881554251,966
10732,156.19595949289325,2151
10733,127.2375900532358,812
10734,78.0832611206852,505
10735,119.69848480983498,790
10736,81.32590180780447,377
10737,111.4680374315354,1725
10738,114.29646455628156,851
10739,149.39696961966996,1952
10740,193.63961030678962,8764
10741,95.02438661763944,1950
10742,102.6690475583121,1667
10743,132.9705627484771,1396
10744,118.63961030678921,1719
10745,137.55129855222054,4315
10746,159.10764773832483,4911
10747,96.63961030678924,1480
10748,127.66904755831209,2899
10749,105.33809511662416,1269
10750,115.58073580374345,1025
10751,143.16652224137036,2160
10752,131.16652224137033,1372
10753,110.8406204335659,1726
10754,154.52691193458125,4793
10755,77.87005768508878,563
10756,87.49747468305829,838
10757,170.12489168102775,1395
10758,98.74011537017755,1355
10759,106.254833995939,1306
10760,143.5512985522207,3468
10761,130.08326112068517,1752
10762,93.0538238691623,446
10763,104.05382386916233,1056
10764,132.16652224137033,3091
10765,104.2964645562816,2486
10766,116.01219330881973,565
10767,107.12489168102776,1691
10768,129.9827560572968,1975
10769,143.6812408671318,2406
10770,129.91168824543138,1277
10771,153.30865786510137,4092
10772,120.12489168102773,1925
10773,126.94112549695421,2695
10774,131.30865786510128,4293
10775,141.05382386916227,495
10776,78.28427124746187,285
10777,120.88225099390847,760
10778,112.68124086713179,1069
10779,154.55129855222077,5149
10780,206.85281374238576,6946
10781,96.81118318204298,1227
10782,128.58073580374344,3252
10783,121.66904755831207,2987
10784,130.46803743153532,1782
10785,102.08326112068515,1441
10786,143.36753236814712,2078
10787,115.02438661763942,1719
10788,157.30865786510145,4192
10789,126.88225099390844,3905
10790,111.49747468305829,1265
10791,149.65180361560897,1173
10792,91.11269837220807,794
10793,88.8700576850888,713
10794,123.6101730552663,1626
10795,123.254833995939,3574
10796,113.49747468305826,1380
10797,119.68124086713178,484
10798,136.78174593052015,3764
10799,140.5807358037435,3025
10800,126.05382386916227,1480
10801,61.42640687119282,557
10802,76.42640687119282,476
10803,110.74011537017752,660
10804,137.1543289325507,900
10805,50.69848480983499,281
10806,116.15432893255061,516
10807,63.0416305603426,1148
10808,154.5512985522207,1782
10809,162.13708498984766,1807
10810,92.94112549695427,512
10811,93.88225099390849,769
10812,64.4974746830583,619
10813,172.7401153701775,2509
10814,123.12489168102775,1348
10815,84.254833995939,1101
10816,120.36753236814707,2065
10817,67.25483399593901,366
10818,175.5929291125635,2499
10819,119.15432893255064,793
10820,150.58073580374352,2238
10821,88.78174593052013,1849
10822,72.01219330881973,939
10823,87.98275605729683,704
10824,104.32590180780444,1441
10825,91.39696961966992,217
10826,140.33809511662415,2565
10827,124.36753236814704,1188
10828,130.49747468305827,1132
10829,86.95331880577396,216
10830,222.73506473629467,2642
10831,96.56854249492372,610
10832,99.98275605729684,882
10833,165.74011537017753,1177
10834,202.82337649086298,2288
10835,136.20815280171294,1524
10836,156.78174593052023,1605
10837,66.32590180780447,265
10838,124.02438661763942,1993
10839,248.80613254816015,2276
10840,60.25483399593901,210
10841,101.254833995939,1286
10842,133.6101730552663,735
10843,121.09545442950487,877
10844,139.75230867899728,1964
10845,113.91168824543138,1637
10846,89.81118318204304,815
10847,67.18376618407353,361
10848,313.74725804511496,2611
10849,97.74011537017756,1071
10850,172.23759005323606,2627
10851,174.06601717798213,2036
10852,52.69848480983497,452
10853,65.76955262170044,360
10854,198.00714267493677,2155
10855,125.89444430272817,2736
10856,89.81118318204302,457
10857,86.11269837220804,612
10858,55.87005768508879,540
10859,69.07106781186548,168
10860,44.35533905932738,42
10861,85.88225099390849,368
10862,91.19595949289322,1251
10863,110.12489168102775,2187
10864,89.32590180780446,1087
10865,88.2253967444161,1163
10866,70.25483399593904,853
10867,71.15432893255067,650
10868,74.76955262170043,633
10869,114.85281374238559,2145
10870,51.2842712474619,97
10871,102.39696961966995,478
10872,58.52691193458118,482
10873,214.42135623730988,2628
10874,53.941125496954264,180
10875,139.55129855222063,1155
10876,87.35533905932735,270
10877,117.74011537017755,3159
10878,96.19595949289325,857
10879,100.25483399593898,441
10880,77.254833995939,1002
10881,78.59797974644661,1411
10882,81.97056274847712,269
10883,94.39696961966992,450
10884,161.8233764908629,1268
10885,64.94112549695427,929
10886,112.0243866176394,345
10887,192.48023074035535,3040
10888,117.2670273047587,1264
10889,125.88225099390844,389
10890,69.11269837220807,406
10891,204.16652224137056,2727
10892,113.2670273047587,1353
10893,122.53910524340085,1066
10894,70.66904755831212,142
10895,193.1787155501905,2129
10896,65.35533905932735,527
10897,81.254833995939,1413
10898,162.69343417595172,2839
10899,139.81118318204304,1954
10900,123.78174593052012,1077
10901,133.84062043356587,2131
10902,141.4558441227157,4942
10903,145.2670273047587,5338
10904,118.92388155425107,885
10905,147.16652224137044,2777
10906,186.79393923934006,9847
10907,136.3380951166242,495
10908,93.11269837220806,1416
10909,110.62741699796949,1893
10910,154.30865786510128,914
10911,134.89949493661166,892
10912,85.81118318204302,337
10913,109.98275605729684,871
10914,126.39696961966992,733
10915,115.21320343559638,1669
10916,101.11269837220806,426
10917,117.42640687119282,3457
10918,99.94112549695427,1672
10919,91.05382386916229,394
10920,115.6396103067892,1556
10921,96.66904755831207,1412
10922,169.53910524340108,3215
10923,180.53910524340105,4454
10924,171.48023074035524,3031
10925,116.81118318204298,1301
10926,139.9116882454314,4982
10927,114.91168824543135,4597
10928,123.45584412271569,1195
10929,117.81118318204304,605
10930,144.36753236814712,4750
10931,95.53910524340084,502
10932,108.49747468305824,1795
10933,161.85281374238582,2164
10934,121.22539674441609,306
10935,131.16652224137036,4472
10936,100.71067811865468,3395
10937,132.36753236814707,2438
10938,128.94112549695427,3747
10939,117.56854249492375,2686
10940,136.39696961966996,5402
10941,167.69343417595178,5745
10942,93.05382386916231,1001
10943,180.50966799187825,4938
10944,120.88225099390846,3180
10945,100.32590180780447,844
10946,99.63961030678921,1881
10947,105.56854249492372,1940
10948,130.2253967444161,1251
10949,102.98275605729681,1039
10950,125.69848480983497,1718
10951,90.91168824543136,200
10952,119.45584412271567,1852
10953,159.0243866176395,5769
10954,145.3380951166243,727
10955,132.09545442950488,1627
10956,159.92388155425127,5634
10957,74.74011537017755,246
10958,83.0121933088197,292
10959,105.72792206135784,763
10960,78.25483399593898,275
10961,134.32590180780446,4721
10962,142.36753236814712,7066
10963,133.76955262170048,1694
10964,155.7989898732233,4616
10965,121.66904755831204,4309
10966,90.56854249492376,1467
10967,121.59797974644661,1921
10968,137.16652224137033,3776
10969,87.49747468305826,227
10970,136.43860018001251,1944
10971,218.95331880577422,2700
10972,160.2253967444162,3020
10973,130.36753236814704,2292
10974,138.75230867899725,1602
10975,77.04163056034257,1204
10976,136.43860018001254,2468
10977,133.88225099390843,1048
10978,117.76955262170044,737
10979,120.5979797464466,1131
10980,89.66904755831213,1884
10981,130.02438661763944,1454
10982,129.16652224137033,1378
10983,98.04163056034258,252
10984,85.91168824543136,358
10985,109.04163056034258,836
10986,86.94112549695429,814
10987,135.74011537017753,3338
10988,129.88225099390846,1619
10989,110.38477631085024,309
10990,192.62236636408645,1713
10991,134.91168824543144,2524
10992,156.0365799264592,2618
10993,162.8822509939086,2073
10994,134.98275605729685,1024
10995,92.04163056034261,137
10996,152.86500705120537,1537
10997,114.81118318204304,606
10998,106.25483399593902,833
10999,132.59797974644664,1664
11000,1694.167747730653,5881
11001,1060.7981233214502,4457
11002,1226.709811566882,5105
11003,2098.6673144547626,7936
11004,1791.5230867899807,6302
11005,1402.6164491784311,3361
11006,1640.8124086713253,6503
11007,1986.4002871500072,5286
11008,2582.711037056111,8109
11009,1663.0672426672647,7166
11010,1298.9352083112988,4879
11011,1937.459161653053,7166
11012,1439.403245742835,5457
11013,2630.1374439273004,7823
11014,1671.5230867899809,6550
11015,1730.8784258493083,4103
11016,1321.491557497403,4139
11017,1423.4154390516549,4967
11018,1094.839753881793,3503
11019,1470.10173055267,6203
11020,3136.4654377761167,7856
11021,1144.7808793787476,2553
11022,1778.8073580374428,6206
11023,1456.3443712397893,5255
11024,1274.44992693706,4167
11025,1726.322076663204,4460
11026,2035.0865786510224,8059
11027,1466.10173055267,4215
11028,1446.2733034279238,3896
11029,1571.8540392316681,5254
11030,1671.866232540488,5328
11031,1579.4987001723405,5657
11032,1993.6723650886493,7604
11033,2432.515077563236,6404
11034,1929.3464632808443,5937
11035,1210.9646455628215,4865
11036,2504.782104867987,7976
11037,1562.0134187981018,4625
11038,1332.775828744865,5289
11039,740.1219330882002,1831
11040,992.1707063234805,3130
11041,1675.4520189781151,5661
11042,1384.7169542418196,4045
11043,2351.620633260516,8133
11044,1687.493649538458,5820
11045,2221.7089450150934,8108
11046,1422.2611101191035,5232
11047,1228.5209947489254,4216
11048,1380.9179643685961,5273
11049,2165.591196009007,5112
11050,2069.7556262093326,6463
11051,1856.4591616530527,7106
11052,1770.0083681642193,7653
11053,2354.27748751001,6373
11054,2000.713995648992,7013
11055,1036.1412690719578,3364
11056,1445.3149339882666,6165
11057,1889.3170260293216,6707
11058,1252.621499812314,3758
11059,1577.7413408594596,6301
11060,2226.7211383239132,7472
11061,1160.7392488184048,2915
11062,2157.9688296449203,7506
11063,1233.8103166302703,5064
11064,1530.3981951089522,4100
11065,2527.769911559165,7442
11066,2928.600430724927,7954
11067,2199.3952365161113,7957
11068,1882.1160159025449,6620
11069,1547.599205235729,4988
11070,1479.7585848021624,6778
11071,1727.581961293026,7759
11072,1592.7291475506397,5233
11073,1544.1261171703102,5611
11074,1928.986073587634,4552
11075,2748.120199984601,7997
11076,2127.55461608255,6804
11077,1769.3637072235467,6738
11078,1274.9646455628215,3433
11079,1215.7220048757022,5860
11080,1464.7880220536852,4070
11081,1524.5819612930259,4739
11082,1774.961686969994,6969
11083,940.2173875177059,3148
11084,1659.895669792011,4761
11085,2822.5222202381424,6275
11086,1165.9940828143442,5015
11087,1416.1727983645353,4810
11088,1377.1189744953726,5764
11089,1437.8468965567308,3919
11090,2157.395236516115,5818
11091,1571.2266222336984,5453
11092,2055.998266896453,6478
11093,1381.10173055267,5911
11094,2269.0054095713717,7435
11095,1832.0916292849051,4797
11096,1162.5382386916283,5260
11097,1353.9474016201189,4048
11098,1168.5260453828082,5821
11099,1164.3666658163745,5738
11100,654.0538238691628,7680
11101,483.5979797464469,3157
11102,859.0832611206855,5601
11103,1156.296464556282,7780
11104,737.2253967444167,6956
11105,627.5979797464469,4475
11106,566.2842712474621,2183
11107,590.2842712474621,5464
11108,733.4558441227159,3996
11109,714.9827560572974,7190
11110,785.8406204335663,6377
11111,650.4264068711931,4552
11112,1477.740115370178,6555
11113,1064.9116882454318,7229
11114,1110.882250993909,4902
11115,688.870057685089,4573
11116,858.0832611206856,6609
11117,679.7695526217008,4812
11118,627.0121933088201,3732
11119,1068.3969696196702,7696
11120,370.3847763108504,2868
11121,1277.9116882454318,6553
11122,1143.8406204335663,6449
11123,826.7106781186551,5121
11124,564.597979746447,3516
11125,1175.3259018078047,6412
11126,1033.0832611206856,6319
11127,560.0416305603428,4717
11128,884.5685424949243,4384
11129,524.7695526217007,4327
11130,991.6690475583124,5495
11131,751.2132034355966,3914
11132,596.1126983722083,5655
11133,1448.5391052434013,7701
11134,580.6274169979697,3989
11135,1227.4264068711932,4530
11136,839.4974746830587,5764
11137,1453.1543289325512,6493
11138,540.0416305603428,3205
11139,1002.0538238691627,6950
11140,1316.1543289325512,6613
11141,1220.6396103067896,7775
11142,918.3259018078048,4981
11143,1275.4264068711932,7016
11144,483.6984848098352,4384
11145,646.2132034355966,2637
11146,1122.9827560572974,7164
11147,983.6396103067898,7589
11148,1672.4974746830587,5826
11149,1028.9827560572971,5471
11150,1045.8406204335663,5733
11151,509.2842712474621,2412
11152,1083.4974746830587,5903
11153,1013.4264068711932,5687
11154,883.2842712474621,4702
11155,1485.5391052434015,7505
11156,726.9116882454318,3858
11157,554.0416305603427,3147
11158,425.982756057297,4252
11159,1271.8822509939089,6500
11160,844.568542494924,5929
11161,878.6396103067898,6814
11162,673.2548339959394,4706
11163,890.3259018078047,5484
11164,1366.3675323681477,7791
11165,1318.568542494924,7443
11166,527.2132034355966,3828
11167,1216.8528137423862,4907
11168,727.8406204335663,4872
11169,872.3259018078049,5470
11170,1270.8528137423862,6289
11171,702.6274169979697,5031
11172,1276.8111831820436,6573
11173,637.7695526217008,5935
11174,651.4974746830587,5030
11175,788.5685424949243,7435
11176,812.0832611206855,3102
11177,1523.5685424949243,7464
11178,757.9827560572973,7127
11179,520.6984848098352,3792
11180,592.5269119345814,4652
11181,509.6274169979697,4858
11182,777.3969696196702,4908
11183,859.7401153701779,6555
11184,874.7989898732235,2329
11185,395.0832611206854,4683
11186,413.18376618407376,4354
11187,1605.752308678998,7797
11188,500.7989898732235,4317
11189,446.01219330882003,2644
11190,603.1126983722083,6075
11191,1694.2964645562822,8012
11192,798.9411254969546,4756
11193,867.0243866176402,8184
11194,523.5563491861042,4353
11195,593.3553390593277,3257
11196,578.7695526217008,6529
11197,609.2132034355966,1922
11198,462.74011537017793,5969
11199,856.8406204335663,6041
11200,146.95331880577402,1516
11201,67.38477631085021,418
11202,159.5807358037436,1979
11203,195.65180361560928,3930
11204,48.21320343559641,194
11205,35.899494936611674,131
11206,138.22539674441617,2512
11207,56.52691193458116,427
11208,161.1248916810279,1220
11209,131.2964645562816,1147
11210,46.21320343559642,240
11211,179.7523086789975,2643
11212,84.49747468305827,489
11213,131.88225099390849,888
11214,246.90663761154843,4778
11215,40.213203435596434,114
11216,107.74011537017755,1196
11217,170.02438661763966,2999
11218,50.79898987322331,259
11219,40.38477631085023,187
11220,27.656854249492383,54
11221,152.36753236814718,1416
11222,85.56854249492372,682
11223,119.56854249492373,1620
11224,181.58073580374366,2080
11225,133.9238815542511,2082
11226,85.52691193458115,610
11227,79.59797974644663,740
11228,153.12489168102786,2862
11229,111.39696961966992,719
11230,115.88225099390847,1169
11231,216.50966799187833,3035
11232,310.0487732352797,3580
11233,138.7106781186547,1776
11234,123.81118318204302,1904
11235,137.98275605729685,1263
11236,115.56854249492373,1005
11237,80.01219330881973,552
11238,140.50966799187805,1595
11239,108.18376618407355,431
11240,156.0538238691624,1274
11241,215.7228714274748,4835
11242,112.78174593052013,575
11243,136.5391052434009,2157
11244,119.2253967444161,1309
11245,161.65180361560914,2841
11246,136.0538238691623,1170
11247,173.61017305526656,1964
11248,80.32590180780446,403
11249,186.33809511662437,2612
11250,75.76955262170044,495
11251,84.39696961966995,866
11252,235.99494936611694,3521
11253,30.384776310850242,99
11254,78.76955262170044,665
11255,35.55634918610405,153
11256,110.29646455628156,569
11257,30.313708498984763,102
11258,134.15432893255064,1551
11259,236.3797256769672,1862
11260,258.39191898578713,3053
11261,60.28427124746189,421
11262,131.78174593052012,1461
11263,92.49747468305826,540
11264,259.42135623730996,4602
11265,30.213203435596434,145
11266,123.36753236814702,1591
11267,80.35533905932733,836
11268,128.6396103067892,1356
11269,48.21320343559641,255
11270,28.142135623730955,65
11271,71.87005768508878,709
11272,106.32590180780446,1248
11273,153.2964645562817,2796
11274,176.79393923934012,2215
11275,104.0538238691623,641
11276,119.81118318204302,819
11277,36.45584412271572,92
11278,123.811183182043,1879
11279,213.3797256769672,3495
11280,54.870057685088774,248
11281,81.59797974644661,912
11282,200.33809511662457,3141
11283,207.33809511662452,3930
11284,164.36753236814724,3113
11285,146.71067811865476,1183
11286,67.35533905932733,390
11287,99.91168824543138,840
11288,129.46803743153538,994
11289,27.798989873223338,55
11290,166.19595949289342,2456
11291,73.35533905932735,654
11292,143.02438661763952,1353
11293,75.59797974644663,696
11294,141.71067811865476,1788
11295,32.627416997969526,208
11296,174.20815280171323,2049
11297,19.313708498984763,44
11298,187.40916292848985,2022
11299,135.19595949289322,920
11300,137.12489168102775,1812
11301,116.32590180780444,1547
11302,114.22539674441609,1655
11303,119.6690475583121,1372
11304,172.43860018001268,4026
11305,134.91168824543138,1675
11306,92.18376618407352,835
11307,116.53910524340084,1542
11308,115.81118318204301,2678
11309,145.53910524340097,3457
11310,113.05382386916229,1876
11311,128.6396103067892,2119
11312,117.56854249492373,1387
11313,112.05382386916229,1335
11314,150.3380951166243,1703
11315,103.84062043356592,383
11316,104.87005768508878,313
11317,132.43860018001251,1702
11318,87.4264068711928,910
11319,139.66904755831214,1816
11320,181.33809511662432,3562
11321,103.32590180780446,1822
11322,103.22539674441612,2267
11323,131.3969696196699,875
11324,85.84062043356589,679
11325,129.6396103067892,2333
11326,164.0243866176395,2384
11327,110.0416305603426,1365
11328,121.71067811865467,1581
11329,81.35533905932735,748
11330,134.68124086713183,1590
11331,142.50966799187805,1896
11332,144.2253967444162,2692
11333,86.0416305603426,810
11334,157.19595949289342,2426
11335,74.35533905932735,618
11336,81.76955262170043,778
11337,163.5807358037436,2531
11338,90.18376618407353,1333
11339,161.26702730475876,2131
11340,167.85281374238582,2924
11341,110.35533905932735,742
11342,134.18376618407356,3217
11343,86.97056274847714,319
11344,100.56854249492373,844
11345,113.71067811865466,1609
11346,122.81118318204301,1768
11347,108.15432893255063,1361
11348,127.2253967444161,2305
11349,162.02438661763952,4480
11350,113.08326112068517,1106
11351,175.92388155425135,3973
11352,122.46803743153538,1945
11353,135.32590180780448,2028
11354,113.66904755831207,1681
11355,139.12489168102786,2476
11356,91.49747468305827,987
11357,147.12489168102775,2237
11358,124.05382386916227,2340
11359,130.91168824543135,291
11360,141.36753236814712,2451
11361,160.02438661763958,3947
11362,98.84062043356589,1106
11363,86.52691193458116,433
11364,104.4680374315354,893
11365,137.56854249492378,2479
11366,104.49747468305827,1086
11367,128.0121933088197,1623
11368,129.88225099390849,1501
11369,144.81118318204307,3369
11370,105.32590180780444,994
11371,103.5979797464466,1088
11372,82.94112549695426,911
11373,117.8406204335659,1751
11374,119.74011537017755,2388
11375,146.08326112068525,3320
11376,98.94112549695426,919
11377,138.05382386916233,1169
11378,108.56854249492373,1463
11379,117.71067811865466,1509
11380,107.08326112068515,1636
11381,175.09545442950497,4334
11382,154.43860018001263,2276
11383,165.09545442950503,2316
11384,159.4680374315355,3242
11385,90.59797974644661,1108
11386,107.84062043356589,2363
11387,97.11269837220806,1034
11388,130.49747468305827,2481
11389,147.98275605729697,1677
11390,145.81118318204307,1639
11391,117.2253967444161,1825
11392,155.7523086789974,4033
11393,143.05382386916236,3039
11394,87.18376618407355,1294
11395,161.36753236814715,3595
11396,140.22539674441617,2570
11397,129.49747468305827,1291
11398,154.85281374238568,3834
11399,138.29646455628165,2754
11400,118.61017305526632,844
11401,115.36753236814704,1593
11402,138.19595949289328,1458
11403,129.12489168102775,2123
11404,91.91168824543136,790
11405,105.46803743153538,795
11406,97.32590180780446,982
11407,161.06601717798222,1641
11408,121.12489168102775,1498
11409,132.02438661763944,2042
11410,158.7523086789974,3664
11411,124.29646455628156,891
11412,154.23759005323598,3197
11413,122.53910524340084,1300
11414,135.2964645562816,1383
11415,146.16652224137044,2877
11416,147.92388155425115,2137
11417,136.61017305526633,1985
11418,123.61017305526632,1073
11419,97.39696961966993,625
11420,123.0243866176394,1602
11421,109.6396103067892,925
11422,133.43860018001251,1286
11423,104.88225099390849,747
11424,104.6396103067892,1366
11425,165.58073580374366,2397
11426,94.81118318204302,576
11427,115.71067811865467,2092
11428,136.1248916810278,1262
11429,130.8528137423856,1711
11430,127.2253967444161,1543
11431,162.65180361560905,2731
11432,122.19595949289322,1348
11433,159.06601717798216,3511
11434,131.7106781186547,1716
11435,145.16652224137042,2429
11436,131.85281374238562,1177
11437,145.95331880577402,2090
11438,106.32590180780446,1989
11439,174.30865786510157,4450
11440,146.92388155425118,1467
11441,78.0832611206852,482
11442,102.63961030678921,826
11443,193.45079348883257,4697
11444,91.56854249492375,823
11445,164.5807358037436,2802
11446,107.63961030678921,1021
11447,92.74011537017756,796
11448,140.19595949289328,1737
11449,122.19595949289321,1311
11450,149.7523086789974,2467
11451,136.99494936611657,1926
11452,107.32590180780446,757
11453,163.16652224137056,2500
11454,107.78174593052015,840
11455,125.53910524340084,1391
11456,102.254833995939,1312
11457,21.899494936611667,34
11458,123.02438661763941,812
11459,137.78174593052017,1019
11460,132.68124086713183,1253
11461,105.98275605729684,1618
11462,101.0538238691623,818
11463,167.06601717798222,1888
11464,156.16652224137044,2675
11465,80.66904755831209,215
11466,128.6101730552663,1416
11467,82.32590180780447,811
11468,141.7817459305202,1321
11469,113.05382386916229,1202
11470,126.36753236814702,1221
11471,115.19595949289322,1099
11472,116.36753236814702,1543
11473,130.85281374238562,1799
11474,158.33809511662437,2482
11475,166.33809511662437,3573
11476,104.63961030678921,1374
11477,105.81118318204302,1308
11478,131.12489168102778,1869
11479,117.19595949289322,1149
11480,177.55129855222083,4228
11481,110.05382386916229,1330
11482,126.36753236814704,1881
11483,121.78174593052012,1862
11484,143.50966799187805,2083
11485,142.0660171779821,1596
11486,116.29646455628158,1138
11487,97.12489168102776,922
11488,118.02438661763941,1314
11489,134.12489168102778,2222
11490,109.12489168102776,913
11491,28.213203435596434,68
11492,113.12489168102775,918
11493,140.5391052434009,1681
11494,88.8406204335659,427
11495,158.5807358037436,2050
11496,140.43860018001254,1433
11497,106.22539674441612,1199
11498,197.0365799264595,3158
11499,145.26702730475878,2230
11500,99.4264068711928,767
11501,124.71067811865468,2734
11502,122.39696961966993,1271
11503,73.55634918610403,264
11504,116.08326112068517,2457
11505,103.08326112068517,1075
11506,139.85281374238562,3306
11507,134.43860018001251,2604
11508,89.22539674441609,726
11509,133.7401153701776,1933
11510,124.28427124746187,505
11511,106.55634918610403,230
11512,119.29646455628158,4678
11513,74.5979797464466,204
11514,94.28427124746187,1332
11515,139.15432893255064,1274
11516,117.32590180780447,1678
11517,93.05382386916229,561
11518,86.56854249492376,818
11519,104.61017305526632,675
11520,91.18376618407353,144
11521,98.56854249492375,698
11522,75.11269837220806,395
11523,129.5807358037434,739
11524,92.98275605729684,568
11525,103.66904755831209,122
11526,154.6690475583122,2044
11527,88.32590180780447,564
11528,141.75230867899734,1104
11529,132.02438661763944,1071
11530,120.56854249492373,1579
11531,105.74011537017756,1400
11532,137.43860018001254,1955
11533,79.22539674441613,431
11534,79.11269837220804,618
11535,99.78174593052013,299
11536,175.06601717798227,2297
11537,136.19595949289322,2648
11538,91.29646455628158,453
11539,96.69848480983497,476
11540,118.81118318204298,906
11541,75.08326112068521,100
11542,128.09545442950485,663
11543,96.78174593052015,478
11544,139.3969696196699,1891
11545,85.49747468305826,405
11546,98.46803743153538,664
11547,156.40916292848974,1910
11548,146.13708498984755,1442
11549,113.4680374315354,1189
11550,72.76955262170046,888
11551,103.74011537017752,231
11552,117.74011537017755,1643
11553,116.84062043356593,1019
11554,106.78174593052012,692
11555,109.22539674441609,1337
11556,91.0832611206852,1066
11557,129.0243866176394,3173
11558,156.75230867899745,2476
11559,87.11269837220806,580
11560,122.91168824543134,1482
11561,102.49747468305826,621
11562,128.61017305526633,1804
11563,117.42640687119281,1632
11564,104.12489168102778,628
11565,146.05382386916236,1736
11566,107.87005768508877,707
11567,160.72287142747456,3029
11568,114.08326112068518,887
11569,149.85281374238573,1861
11570,109.84062043356587,1418
11571,156.6518036156089,2316
11572,114.01219330881972,2277
11573,123.01219330881972,2964
11574,154.651803615609,2472
11575,124.19595949289321,1364
11576,105.53910524340087,1252
11577,123.56854249492373,2638
11578,84.98275605729685,1035
11579,101.42640687119281,1153
11580,197.20815280171323,4376
11581,105.98275605729685,1414
11582,107.62741699796949,620
11583,141.65180361560897,1240
11584,136.89444430272823,1660
11585,87.49747468305831,1569
11586,126.94112549695424,525
11587,90.22539674441612,367
11588,136.32590180780448,2421
11589,129.4091629284896,787
11590,89.39696961966992,771
11591,109.25483399593898,1273
11592,152.48023074035518,1033
11593,131.811183182043,1761
11594,104.39696961966995,1791
11595,178.86500705120562,1745
11596,91.0538238691623,744
11597,134.2842712474619,2004
11598,92.84062043356589,858
11599,79.94112549695423,560
11600,115.91168824543135,1014
11601,147.91168824543146,3211
11602,80.59797974644661,775
11603,75.15432893255067,812
11604,133.94112549695427,2087
11605,125.56854249492376,2744
11606,126.56854249492375,1711
11607,100.91168824543135,2083
11608,100.84062043356592,1773
11609,85.72792206135786,704
11610,176.78174593052026,2188
11611,77.59797974644664,1177
11612,114.7401153701775,1898
11613,152.8944443027283,3995
11614,131.33809511662417,3567
11615,110.97056274847712,1997
11616,125.74011537017755,2075
11617,135.75230867899725,2157
11618,112.12489168102775,3665
11619,99.72792206135783,797
11620,110.04163056034257,2065
11621,132.91168824543135,4005
11622,62.840620433565924,149
11623,191.7817459305203,3370
11624,92.35533905932735,379
11625,88.84062043356592,1458
11626,107.14213562373095,2018
11627,119.12489168102775,1028
11628,94.11269837220807,1998
11629,113.91168824543132,864
11630,91.98275605729684,1089
11631,158.5096679918782,3387
11632,77.28427124746185,2075
11633,101.36753236814704,2210
11634,112.91168824543139,828
11635,92.0832611206852,792
11636,83.66904755831209,955
11637,121.07106781186546,1915
11638,105.69848480983498,2859
11639,104.42640687119282,1326
11640,93.71067811865467,1368
11641,164.651803615609,5760
11642,122.66904755831207,3310
11643,94.76955262170046,2008
11644,81.0416305603426,1123
11645,139.5391052434009,4791
11646,80.94112549695423,906
11647,146.50966799187808,2470
11648,72.45584412271569,804
11649,108.63961030678917,4238
11650,95.63961030678921,2749
11651,101.66904755831212,2259
11652,189.59797974644664,3409
11653,174.61017305526659,5725
11654,73.35533905932732,437
11655,83.72792206135786,269
11656,122.08326112068514,2326
11657,147.1665222413705,1929
11658,148.84062043356602,1486
11659,156.6518036156089,4168
11660,138.9533188057739,1924
11661,128.76955262170043,3149
11662,106.52691193458112,1317
11663,81.63961030678924,1467
11664,100.69848480983498,984
11665,55.112698372208094,314
11666,92.76955262170043,1811
11667,186.05382386916247,4346
11668,111.32590180780448,2252
11669,99.55634918610404,1555
11670,113.91168824543138,1400
11671,110.88225099390851,2776
11672,91.94112549695427,1727
11673,131.9533188057739,1452
11674,126.9533188057739,1556
11675,115.42640687119278,1394
11676,114.95331880577392,1998
11677,127.53910524340085,4181
11678,120.74011537017759,2169
11679,86.32590180780444,1445
11680,90.0121933088197,876
11681,123.46803743153536,6248
11682,83.8700576850888,353
11683,149.37972567696684,4670
11684,93.21320343559641,1134
11685,128.94112549695424,2686
11686,126.19595949289325,2054
11687,132.36753236814707,1445
11688,57.87005768508878,135
11689,72.49747468305827,384
11690,96.94112549695424,844
11691,82.11269837220806,328
11692,128.18376618407348,3429
11693,145.4264068711929,2817
11694,97.53910524340087,1404
11695,71.91168824543136,1421
11696,125.61017305526629,1812
11697,113.74011537017755,1962
11698,99.69848480983497,2613
11699,124.78174593052012,1980
11700,114.15432893255065,813
11701,116.3969696196699,782
11702,123.5979797464466,2354
11703,119.91168824543134,2016
11704,100.4264068711928,1241
11705,163.65180361560923,2237
11706,88.98275605729685,204
11707,101.52691193458116,603
11708,102.0416305603426,563
11709,116.71067811865467,1739
11710,115.72792206135783,3204
11711,132.63961030678922,2165
11712,134.40916292848962,658
11713,108.95331880577396,583
11714,161.81118318204327,2127
11715,146.32590180780443,2688
11716,177.37972567696693,4620
11717,104.69848480983498,422
11718,143.1665222413703,1665
11719,122.09545442950487,3521
11720,95.74011537017756,1235
11721,124.88225099390849,1481
11722,129.88225099390849,2157
11723,161.48023074035513,4927
11724,81.97056274847712,618
11725,123.3969696196699,1472
11726,113.3847763108502,3001
11727,98.45584412271569,433
11728,93.39696961966995,1049
11729,130.40916292848965,3229
11730,172.50966799187833,5854
11731,130.33809511662417,2542
11732,171.7645019878172,2219
11733,128.4386001800125,3591
11734,104.84062043356592,482
11735,137.53910524340085,1225
11736,98.55634918610403,545
11737,124.8822509939085,699
11738,101.28427124746189,414
11739,124.50966799187796,2738
11740,126.367532368147,431
11741,102.11269837220806,1293
11742,165.55129855222086,2129
11743,103.46803743153536,258
11744,90.74011537017755,2799
11745,80.69848480983497,1235
11746,137.06601717798196,886
11747,130.72287142747436,1195
11748,155.8406204335659,2348
11749,124.09545442950485,4234
11750,114.29646455628159,1974
11751,130.09545442950485,2108
11752,102.78174593052013,636
11753,128.22539674441612,3095
11754,125.26702730475868,3950
11755,122.29646455628156,2664
11756,137.8528137423856,2556
11757,157.50966799187802,4156
11758,105.8406204335659,2363
11759,99.66904755831209,966
11760,113.26702730475868,1022
11761,87.08326112068515,1524
11762,102.29646455628156,2246
11763,100.3969696196699,968
11764,100.45584412271567,857
11765,129.09545442950485,1504
11766,121.66904755831204,1611
11767,113.35533905932735,3525
11768,100.11269837220803,1976
11769,150.8528137423856,1599
11770,140.95331880577396,3056
11771,110.28427124746185,1706
11772,94.32590180780443,1638
11773,94.39696961966995,1962
11774,145.19595949289322,2500
11775,95.35533905932733,758
11776,99.74011537017753,2491
11777,99.15432893255064,772
11778,129.56854249492375,3281
11779,134.50966799187796,2222
11780,125.66904755831209,857
11781,159.5807358037437,3752
11782,135.6812408671318,2546
11783,166.02438661763964,2557
11784,109.8406204335659,681
11785,111.84062043356589,1278
11786,159.3380951166242,3828
11787,115.78174593052012,113
11788,105.39696961966992,323
11789,86.81118318204304,831
11790,175.4802307403553,7097
11791,111.19595949289324,3483
11792,186.48023074035527,1484
11793,181.85281374238576,5463
11794,135.2375900532358,2379
11795,99.71067811865466,798
11796,169.4091629284896,217
11797,104.46803743153541,1236
11798,132.32590180780448,2038
11799,103.84062043356592,466
11800,116.49747468305829,557
11801,83.98275605729683,1523
11802,146.16652224137042,1207
11803,47.76955262170046,740
11804,140.23759005323583,1900
11805,131.50966799187796,489
11806,84.0832611206852,904
11807,163.48023074035535,1970
11808,87.12489168102778,429
11809,125.43860018001251,1266
11810,196.83556979968264,2659
11811,99.81118318204304,586
11812,53.25483399593902,704
11813,97.61017305526632,338
11814,134.43860018001254,1298
11815,131.92388155425107,2290
11816,140.48023074035513,2442
11817,80.59797974644664,1020
11818,104.71067811865466,2121
11819,125.811183182043,1977
11820,70.45584412271567,680
11821,123.12489168102775,2932
11822,84.08326112068522,660
11823,97.25483399593898,926
11824,85.11269837220807,931
11825,45.94112549695428,348
11826,144.85281374238568,2141
11827,56.35533905932738,236
11828,68.04163056034261,338
11829,131.46803743153535,1382
11830,73.42640687119281,1467
11831,99.84062043356592,1827
11832,96.46803743153538,1322
11833,104.66904755831207,1514
11834,102.92388155425107,519
11835,136.29646455628156,596
11836,86.01219330881973,360
11837,99.63961030678921,1192
11838,101.12489168102776,729
11839,72.15432893255064,266
11840,136.06601717798202,1296
11841,105.12489168102775,270
11842,102.08326112068517,310
11843,91.36753236814704,224
11844,187.63961030678917,2589
11845,120.74011537017755,2641
11846,150.96551211459376,1080
11847,173.5807358037437,2562
11848,120.8528137423856,2370
11849,136.72287142747442,1713
11850,75.35533905932732,461
11851,72.81118318204304,973
11852,84.01219330881973,1544
11853,74.84062043356589,527
11854,123.75230867899722,1073
11855,143.96551211459374,870
11856,152.8233764908628,2356
11857,179.6518036156092,1810
11858,146.96551211459376,1064
11859,99.8700576850888,1387
11860,95.01219330881972,793
11861,130.26702730475867,2456
11862,78.4974746830583,645
11863,179.3086578651014,1436
11864,116.36753236814702,1028
11865,110.92388155425104,1191
11866,51.21320343559641,395
11867,97.254833995939,457
11868,119.68124086713178,793
11869,73.69848480983497,410
11870,85.35533905932735,564
11871,80.39696961966995,407
11872,150.9949493661166,1554
11873,81.04163056034258,374
11874,123.85281374238559,1178
11875,107.92388155425105,2613
11876,196.59292911256364,2097
11877,46.11269837220807,141
11878,83.254833995939,560
11879,52.52691193458117,315
11880,85.52691193458118,462
11881,68.45584412271567,514
11882,116.98275605729684,865
11883,78.01219330881975,542
11884,97.95331880577393,2379
11885,64.42640687119281,758
11886,182.39191898578682,3058
11887,117.53910524340084,1588
11888,102.25483399593897,1437
11889,103.6690475583121,1031
11890,107.15432893255061,1798
11891,94.01219330881969,1423
11892,70.42640687119281,949
11893,66.14213562373095,182
11894,69.52691193458115,741
11895,129.91168824543132,1523
11896,166.8822509939086,1271
11897,50.76955262170047,81
11898,80.35533905932735,282
11899,89.1837661840735,390
11900,221.7401153701777,10500
11901,114.68124086713176,797
11902,116.85281374238558,1766
11903,100.12489168102776,839
11904,102.32590180780444,180
11905,146.15432893255073,5534
11906,133.78174593052017,2897
11907,140.63961030678928,2178
11908,101.98275605729687,1784
11909,122.0538238691623,1634
11910,101.45584412271566,1353
11911,149.9533188057741,1853
11912,183.7228714274744,5461
11913,101.94112549695423,1300
11914,132.50966799187796,1203
11915,94.15432893255065,1812
11916,146.98275605729683,3155
11917,147.89444430272823,2481
11918,97.55634918610403,361
11919,115.72792206135786,3149
11920,145.923881554251,1674
11921,135.33809511662417,1337
11922,74.4264068711928,639
11923,131.71067811865464,3673
11924,159.65180361560917,1429
11925,84.35533905932733,1296
11926,126.36753236814705,3929
11927,78.01219330881975,1000
11928,151.0660171779821,3019
11929,179.8111831820432,5635
11930,134.94112549695427,4354
11931,120.53910524340085,1876
11932,111.39696961966995,1450
11933,160.09545442950508,2855
11934,80.15432893255067,431
11935,112.28427124746187,2224
11936,152.85281374238554,4798
11937,91.254833995939,1413
11938,161.0660171779821,2409
11939,150.43860018001251,819
11940,155.89444430272823,2677
11941,147.88225099390854,6119
11942,118.61017305526629,675
11943,174.71067811865476,3083
11944,86.38477631085021,771
11945,121.31370849898477,186
11946,103.49747468305829,1243
11947,130.0121933088197,2107
11948,92.42640687119282,294
11949,192.8528137423857,7224
11950,93.35533905932732,2071
11951,128.39696961966996,1941
11952,175.539105243401,4737
11953,139.22539674441612,2607
11954,114.36753236814702,577
11955,125.2842712474619,3387
11956,101.81118318204302,546
11957,139.76955262170046,3611
11958,138.36753236814704,2608
11959,101.39696961966995,3570
11960,106.71067811865467,1176
11961,100.84062043356589,733
11962,130.08326112068514,4562
11963,88.35533905932732,354
11964,159.25483399593912,4225
11965,145.698484809835,948
11966,145.0121933088197,4028
11967,133.09545442950485,4113
11968,135.65180361560894,999
11969,106.49747468305827,794
11970,202.3797256769671,2547
11971,102.15432893255064,767
11972,111.02438661763944,2943
11973,134.40916292848962,1253
11974,128.8528137423856,2585
11975,135.74011537017753,3282
11976,100.52691193458118,963
11977,111.8406204335659,4042
11978,118.12489168102772,1472
11979,137.88225099390849,2907
11980,85.0832611206852,239
11981,144.74011537017756,5695
11982,140.509667991878,4047
11983,110.18376618407355,2709
11984,148.19595949289328,3069
11985,96.59797974644663,2062
11986,101.08326112068515,745
11987,158.45079348883235,3533
11988,139.66904755831206,4382
11989,77.49747468305829,344
11990,129.53910524340085,2496
11991,160.09545442950494,659
11992,150.02438661763944,3181
11993,82.0121933088197,1002
11994,140.91168824543132,3054
11995,96.698484809835,141
11996,146.71067811865473,2786
11997,133.7695526217005,1224
11998,128.46803743153538,1824
11999,131.7989898732233,4278
12000,1951.3292193381417,7201
12001,1512.557574675386,6184
12002,2584.615582626616,7703
12003,1834.0621920333824,6593
12004,1819.3170260293216,7133
12005,1736.6774157225316,4252
12006,744.9087296526035,2164
12007,1648.6824663564141,6139
12008,1266.0945878777325,5251
12009,1129.2955980045087,4108
12010,1016.6854249492418,4280
12011,1198.9940828143442,4758
12012,1305.0062761231643,5394
12013,2603.7110370561136,7687
12014,1302.959594928939,3819
12015,2653.421715174764,7974
12016,1917.8733752154258,6206
12017,2742.865365988655,7664
12018,1279.1362184380753,3921
12019,1727.2510088513386,6866
12020,1139.751442127225,4450
12021,1582.297690045564,3463
12022,1567.6530291048914,5842
12023,2584.385135248312,5521
12024,1313.4204896855374,4912
12025,2777.723230364918,7641
12026,2647.4095218659454,7322
12027,1323.503750806223,4610
12028,1517.7707781109825,4513
12029,2237.6551211459337,7912
12030,972.3300858899142,4169
12031,2051.655121145946,7901
12032,1874.8733752154258,6044
12033,2109.2703448350912,7997
12034,1827.4347750354125,6357
12035,2031.6134905856038,6725
12036,1099.1118318204349,3612
12037,1066.668181006539,4053
12038,1445.0306627408045,4826
12039,2010.9322497184712,8029
12040,1053.957502887884,4037
12041,1378.515944115043,3435
12042,1466.8174593052079,4051
12043,953.8031739553329,4537
12044,1061.7686860699275,3118
12045,1665.221571599816,6132
12046,1212.6214998123137,5229
12047,1869.1454531540678,6556
12048,1265.1362184380753,4191
12049,3230.879651338486,7479
12050,1660.4520189781151,5201
12051,2470.3607486306832,7833
12052,1632.167747730653,4441
12053,1816.920056409651,5466
12054,2190.7627688842595,7237
12055,1727.3931444750697,6224
12056,1137.7392488184048,5296
12057,994.8569978244957,4317
12058,1576.8540392316681,4936
12059,2314.721138323906,7424
12060,1957.843937963903,7719
12061,1186.709811566882,4728
12062,1531.9129137347136,7256
12063,1011.9280656363611,3375
12064,2152.7383822666206,7454
12065,1782.091629284905,5720
12066,1608.167747730653,5909
12067,2234.7505755754355,6828
12068,1677.2510088513386,7330
12069,2006.843937963903,5269
12070,1577.1261171703102,5316
12071,1453.4448763031776,5213
12072,1461.1433611130128,5621
12073,1589.2266222336984,6157
12074,1081.6976182580618,3226
12075,2745.0907627330694,7896
12076,972.5849198858534,3477
12077,1563.7829714198024,6183
12078,1200.609306503494,3666
12079,1482.3149339882666,5351
12080,1280.3910524340145,5680
12081,1156.994082814344,5066
12082,1299.8641404994332,5012
12083,1436.10173055267,5435
12084,2377.1181079435714,7768
12085,2212.110965268648,7067
12086,1541.3860018001321,6592
12087,1398.7880220536852,4795
12088,1641.4692629208178,5595
12089,1100.6387437550163,3879
12090,2065.7556262093326,4611
12091,2006.341412646962,6966
12092,1891.7312395916945,4388
12093,1700.0966799187875,6675
12094,1428.6753236814768,4441
12095,1666.711903607937,4001
12096,2113.8510806388344,6795
12097,1806.505842847278,6831
12098,2010.8855685242459,7729
12099,1585.9667376038763,5528
12100,654.0538238691628,7680
12101,483.5979797464469,3157
12102,859.0832611206855,5601
12103,1156.296464556282,7780
12104,737.2253967444167,6956
12105,627.5979797464469,4475
12106,566.2842712474621,2183
12107,590.2842712474621,5464
12108,733.4558441227159,3996
12109,714.9827560572974,7190
12110,785.8406204335663,6377
12111,650.4264068711931,4552
12112,1477.740115370178,6555
12113,1064.9116882454318,7229
12114,1110.882250993909,4902
12115,688.870057685089,4573
12116,858.0832611206856,6609
12117,679.7695526217008,4812
12118,627.0121933088201,3732
12119,1068.3969696196702,7696
12120,370.3847763108504,2868
12121,1277.9116882454318,6553
12122,1143.8406204335663,6449
12123,826.7106781186551,5121
12124,564.597979746447,3516
12125,1175.3259018078047,6412
12126,1033.0832611206856,6319
12127,560.0416305603428,4717
12128,884.5685424949243,4384
12129,524.7695526217007,4327
12130,991.6690475583124,5495
12131,751.2132034355966,3914
12132,596.1126983722083,5655
12133,1448.5391052434013,7701
12134,580.6274169979697,3989
12135,1227.4264068711932,4530
12136,839.4974746830587,5764
12137,1453.1543289325512,6493
12138,540.0416305603428,3205
12139,1002.0538238691627,6950
12140,1316.1543289325512,6613
12141,1220.6396103067896,7775
12142,918.3259018078048,4981
12143,1275.4264068711932,7016
12144,483.6984848098352,4384
12145,646.2132034355966,2637
12146,1122.9827560572974,7164
12147,983.6396103067898,7589
12148,1672.4974746830587,5826
12149,1028.9827560572971,5471
12150,1045.8406204335663,5733
12151,509.2842712474621,2412
12152,1083.4974746830587,5903
12153,1013.4264068711932,5687
12154,883.2842712474621,4702
12155,1485.5391052434015,7505
12156,726.9116882454318,3858
12157,554.0416305603427,3147
12158,425.982756057297,4252
12159,1271.8822509939089,6500
12160,844.568542494924,5929
12161,878.6396103067898,6814
12162,673.2548339959394,4706
12163,890.3259018078047,5484
12164,1366.3675323681477,7791
12165,1318.568542494924,7443
12166,527.2132034355966,3828
12167,1216.8528137423862,4907
12168,727.8406204335663,4872
12169,872.3259018078049,5470
12170,1270.8528137423862,6289
12171,702.6274169979697,5031
12172,1276.8111831820436,6573
12173,637.7695526217008,5935
12174,651.4974746830587,5030
12175,788.5685424949243,7435
12176,812.0832611206855,3102
12177,1523.5685424949243,7464
12178,757.9827560572973,7127
12179,520.6984848098352,3792
12180,592.5269119345814,4652
12181,509.6274169979697,4858
12182,777.3969696196702,4908
12183,859.7401153701779,6555
12184,874.7989898732235,2329
12185,395.0832611206854,4683
12186,413.18376618407376,4354
12187,1605.752308678998,7797
12188,500.7989898732235,4317
12189,446.01219330882003,2644
12190,603.1126983722083,6075
12191,1694.2964645562822,8012
12192,798.9411254969546,4756
12193,867.0243866176402,8184
12194,523.5563491861042,4353
12195,593.3553390593277,3257
12196,578.7695526217008,6529
12197,609.2132034355966,1922
12198,462.74011537017793,5969
12199,856.8406204335663,6041
12200,146.95331880577402,1516
12201,67.38477631085021,418
12202,159.5807358037436,1979
12203,195.65180361560928,3930
12204,48.21320343559641,194
12205,35.899494936611674,131
12206,138.22539674441617,2512
12207,56.52691193458116,427
12208,161.1248916810279,1220
12209,131.2964645562816,1147
12210,46.21320343559642,240
12211,179.7523086789975,2643
12212,84.49747468305827,489
12213,131.88225099390849,888
12214,246.90663761154843,4778
12215,40.213203435596434,114
12216,107.74011537017755,1196
12217,170.02438661763966,2999
12218,50.79898987322331,259
12219,40.38477631085023,187
12220,27.656854249492383,54
12221,152.36753236814718,1416
12222,85.56854249492372,682
12223,119.56854249492373,1620
12224,181.58073580374366,2080
12225,133.9238815542511,2082
12226,85.52691193458115,610
12227,79.59797974644663,740
12228,153.12489168102786,2862
12229,111.39696961966992,719
12230,115.88225099390847,1169
12231,216.50966799187833,3035
12232,310.0487732352797,3580
12233,138.7106781186547,1776
12234,123.81118318204302,1904
12235,137.98275605729685,1263
12236,115.56854249492373,1005
12237,80.01219330881973,552
12238,140.50966799187805,1595
12239,108.18376618407355,431
12240,156.0538238691624,1274
12241,215.7228714274748,4835
12242,112.78174593052013,575
12243,136.5391052434009,2157
12244,119.2253967444161,1309
12245,161.65180361560914,2841
12246,136.0538238691623,1170
12247,173.61017305526656,1964
12248,80.32590180780446,403
12249,186.33809511662437,2612
12250,75.76955262170044,495
12251,84.39696961966995,866
12252,235.99494936611694,3521
12253,30.384776310850242,99
12254,78.76955262170044,665
12255,35.55634918610405,153
12256,110.29646455628156,569
12257,30.313708498984763,102
12258,134.15432893255064,1551
12259,236.3797256769672,1862
12260,258.39191898578713,3053
12261,60.28427124746189,421
12262,131.78174593052012,1461
12263,92.49747468305826,540
12264,259.42135623730996,4602
12265,30.213203435596434,145
12266,123.36753236814702,1591
12267,80.35533905932733,836
12268,128.6396103067892,1356
12269,48.21320343559641,255
12270,28.142135623730955,65
12271,71.87005768508878,709
12272,106.32590180780446,1248
12273,153.2964645562817,2796
12274,176.79393923934012,2215
12275,104.0538238691623,641
12276,119.81118318204302,819
12277,36.45584412271572,92
12278,123.811183182043,1879
12279,213.3797256769672,3495
12280,54.870057685088774,248
12281,81.59797974644661,912
12282,200.33809511662457,3141
12283,207.33809511662452,3930
12284,164.36753236814724,3113
12285,146.71067811865476,1183
12286,67.35533905932733,390
12287,99.91168824543138,840
12288,129.46803743153538,994
12289,27.798989873223338,55
12290,166.19595949289342,2456
12291,73.35533905932735,654
12292,143.02438661763952,1353
12293,75.59797974644663,696
12294,141.71067811865476,1788
12295,32.627416997969526,208
12296,174.20815280171323,2049
12297,19.313708498984763,44
12298,187.40916292848985,2022
12299,135.19595949289322,920
12300,156.09545442950505,2223
12301,177.58073580374372,5960
12302,152.5391052434009,1834
12303,157.50966799187813,3402
12304,102.76955262170043,1060
12305,139.61017305526633,1645
12306,100.94112549695427,552
12307,139.78174593052012,2296
12308,93.76955262170044,222
12309,124.19595949289321,1302
12310,139.68124086713183,1438
12311,91.39696961966993,893
12312,117.05382386916229,2173
12313,105.84062043356587,1917
12314,107.49747468305826,1764
12315,144.95331880577405,1582
12316,149.05382386916233,2226
12317,84.25483399593898,1022
12318,111.15432893255061,971
12319,103.4264068711928,1238
12320,128.32590180780443,3322
12321,109.49747468305827,1666
12322,128.95331880577396,2451
12323,125.36753236814704,2825
12324,173.19595949289334,3262
12325,113.3969696196699,1688
12326,164.68124086713198,3275
12327,136.26702730475873,1357
12328,93.08326112068518,722
12329,122.53910524340084,1202
12330,90.98275605729684,945
12331,122.46803743153538,2548
12332,105.39696961966993,2095
12333,100.32590180780444,1032
12334,130.254833995939,2932
12335,101.32590180780446,483
12336,96.35533905932732,1213
12337,118.32590180780446,1363
12338,95.11269837220807,193
12339,139.19595949289328,1824
12340,160.1665222413705,3182
12341,142.36753236814712,2517
12342,93.35533905932733,1301
12343,130.71067811865464,2863
12344,156.7106781186547,4545
12345,112.88225099390849,1391
12346,122.88225099390847,1023
12347,157.78174593052026,1645
12348,95.25483399593898,649
12349,130.9827560572968,2802
12350,121.36753236814702,2109
12351,126.05382386916227,1253
12352,103.84062043356589,1537
12353,107.49747468305827,2747
12354,105.71067811865466,764
12355,103.74011537017753,797
12356,144.953318805774,2435
12357,116.08326112068517,2150
12358,119.53910524340084,2686
12359,128.59797974644664,1093
12360,130.19595949289322,1511
12361,137.32590180780448,1856
12362,142.05382386916227,2998
12363,126.56854249492372,2422
12364,165.82337649086287,4453
12365,104.87005768508877,585
12366,137.9116882454314,2271
12367,169.61017305526644,5195
12368,104.76955262170043,1233
12369,96.18376618407353,1050
12370,97.74011537017755,1503
12371,114.56854249492373,2149
12372,114.15432893255064,2173
12373,111.15432893255064,983
12374,150.95331880577402,4005
12375,146.92388155425115,1907
12376,99.0538238691623,775
12377,172.33809511662432,4341
12378,132.6396103067892,1951
12379,146.81118318204307,2394
12380,89.52691193458116,943
12381,114.22539674441609,2020
12382,138.78174593052017,1804
12383,118.52691193458116,662
12384,118.78174593052012,1646
12385,120.81118318204301,1395
12386,157.39696961966996,3203
12387,145.7817459305203,1837
12388,144.9827560572969,2769
12389,138.76955262170048,551
12390,81.74011537017755,449
12391,96.81118318204302,955
12392,101.4680374315354,910
12393,107.25483399593897,1071
12394,112.15432893255063,1952
12395,122.254833995939,1576
12396,151.09545442950494,3150
12397,128.39696961966993,1110
12398,145.88225099390849,2317
12399,95.74011537017756,1247
12400,136.50966799187796,1861
12401,167.55129855222083,2594
12402,157.40916292848982,2516
12403,127.78174593052012,1232
12404,143.43860018001257,2605
12405,117.05382386916227,951
12406,148.16652224137047,1731
12407,118.36753236814704,937
12408,168.65180361560914,2969
12409,104.71067811865468,1165
12410,134.26702730475876,1554
12411,149.58073580374358,1748
12412,99.88225099390849,932
12413,162.92388155425124,3449
12414,122.4386001800125,1058
12415,120.36753236814702,1982
12416,175.2081528017132,3891
12417,109.12489168102776,753
12418,137.12489168102778,1579
12419,147.50966799187808,2058
12420,165.65180361560905,3238
12421,86.32590180780446,770
12422,182.69343417595184,2017
12423,105.2253967444161,987
12424,110.46803743153538,1151
12425,140.02438661763944,1455
12426,179.48023074035538,3930
12427,152.82337649086287,2064
12428,108.74011537017755,971
12429,135.26702730475873,2034
12430,138.43860018001257,2613
12431,105.81118318204302,818
12432,127.78174593052013,1432
12433,87.08326112068518,579
12434,154.7523086789974,2635
12435,146.85281374238568,4088
12436,183.3086578651016,3075
12437,114.98275605729681,1266
12438,111.81118318204301,2696
12439,119.53910524340085,1310
12440,134.36753236814704,2135
12441,151.9238815542512,1699
12442,88.15432893255064,449
12443,149.651803615609,1309
12444,140.09545442950497,2005
12445,143.61017305526642,1939
12446,162.7228714274745,2873
12447,174.72287142747462,2908
12448,130.19595949289325,1195
12449,126.68124086713178,1694
12450,125.78174593052013,2920
12451,163.02438661763958,2678
12452,125.4680374315354,2420
12453,182.96551211459393,3092
12454,157.1665222413705,1892
12455,148.8233764908628,2360
12456,126.2253967444161,1128
12457,91.81118318204302,961
12458,117.12489168102776,1289
12459,124.46803743153538,2073
12460,198.5218613006981,3206
12461,152.16652224137047,1658
12462,155.4091629284898,1987
12463,140.4091629284897,1435
12464,110.71067811865467,915
12465,116.29646455628158,1017
12466,137.19595949289328,1973
12467,151.1665222413705,1712
12468,128.36753236814704,1911
12469,121.02438661763941,1312
12470,103.98275605729684,1207
12471,118.22539674441612,1209
12472,167.06601717798216,2210
12473,88.6690475583121,214
12474,145.99494936611663,1581
12475,162.40916292848985,2189
12476,96.74011537017755,1111
12477,173.89444430272846,3237
12478,124.02438661763941,1373
12479,162.0660171779822,2714
12480,126.19595949289321,1375
12481,105.81118318204302,1203
12482,129.4386001800125,2067
12483,113.811183182043,1201
12484,138.7106781186547,2955
12485,127.46803743153538,1491
12486,99.22539674441612,765
12487,116.95331880577395,1160
12488,133.2670273047587,2148
12489,141.0954544295049,1793
12490,149.99494936611666,2443
12491,222.24978336205612,4530
12492,142.65180361560897,2119
12493,196.55129855222089,2955
12494,138.7523086789973,2531
12495,156.65180361560905,2004
12496,154.095454429505,2328
12497,125.85281374238559,1788
12498,131.2670273047587,1774
12499,146.65180361560903,1895
12500,72.87005768508878,313
12501,98.98275605729683,1124
12502,115.91168824543134,643
12503,96.74011537017753,604
12504,97.74011537017756,723
12505,153.16652224137053,2246
12506,92.74011537017756,952
12507,133.04163056034258,1046
12508,124.39696961966992,1691
12509,77.66904755831207,190
12510,87.0832611206852,626
12511,91.56854249492375,691
12512,133.22539674441612,1120
12513,119.39696961966992,140
12514,118.49747468305826,1224
12515,146.2253967444162,2803
12516,84.254833995939,640
12517,108.6396103067892,1151
12518,90.63961030678921,569
12519,131.99494936611654,1245
12520,126.35533905932732,1546
12521,102.61017305526632,600
12522,83.87005768508881,352
12523,159.03657992645932,946
12524,101.12489168102775,446
12525,89.49747468305829,960
12526,113.84062043356592,1656
12527,130.5979797464466,4040
12528,93.1837661840735,832
12529,115.08326112068518,1847
12530,144.0243866176395,3442
12531,91.74011537017753,850
12532,120.59797974644661,795
12533,96.8406204335659,527
12534,83.8700576850888,321
12535,137.46803743153544,1698
12536,77.4264068711928,315
12537,77.76955262170046,507
12538,105.29646455628156,673
12539,92.15432893255065,947
12540,87.11269837220807,614
12541,84.05382386916231,702
12542,132.4558441227157,680
12543,133.33809511662415,712
12544,176.78174593052012,2425
12545,157.5807358037435,3261
12546,150.75230867899725,2566
12547,146.08326112068534,1085
12548,118.21320343559638,757
12549,103.4680374315354,832
12550,89.7989898732233,1343
12551,71.01219330881975,1338
12552,109.18376618407353,766
12553,142.29646455628162,1919
12554,102.15432893255065,1092
12555,104.66904755831209,2489
12556,110.6396103067892,1157
12557,110.0121933088197,2320
12558,125.2253967444161,872
12559,138.63961030678917,1066
12560,121.28427124746186,598
12561,104.74011537017753,791
12562,90.63961030678922,579
12563,111.28427124746185,572
12564,105.29646455628158,1944
12565,105.87005768508877,2360
12566,148.5391052434009,3614
12567,112.4264068711928,609
12568,124.63961030678917,1839
12569,80.15432893255065,407
12570,120.12489168102778,3520
12571,98.56854249492372,747
12572,113.71067811865464,1536
12573,103.15432893255063,1643
12574,120.2964645562816,1497
12575,113.35533905932733,1293
12576,130.15432893255064,997
12577,97.52691193458114,345
12578,142.49747468305833,2274
12579,122.09545442950488,1531
12580,113.78174593052013,721
12581,130.19595949289322,2721
12582,142.6812408671318,1585
12583,143.82337649086284,1399
12584,105.12489168102773,273
12585,121.50966799187798,2611
12586,105.22539674441614,2267
12587,106.15432893255063,1218
12588,112.08326112068517,1031
12589,109.45584412271569,976
12590,124.88225099390846,3180
12591,136.16652224137033,1329
12592,87.15432893255065,697
12593,100.3969696196699,636
12594,125.92388155425105,853
12595,85.01219330881972,297
12596,124.91168824543138,1321
12597,140.75230867899728,1857
12598,116.53910524340084,1110
12599,97.78174593052015,659
12600,81.08326112068521,269
12601,125.0538238691623,1248
12602,97.74011537017758,795
12603,101.4558441227157,2346
12604,121.81118318204301,2287
12605,119.94112549695426,2340
12606,179.4558441227158,6669
12607,168.33809511662443,6025
12608,79.74011537017756,1116
12609,107.45584412271566,3167
12610,108.3259018078045,1403
12611,63.66904755831211,170
12612,138.71067811865467,2903
12613,135.1837661840735,6002
12614,126.78174593052009,1877
12615,123.02438661763941,1549
12616,70.97056274847711,436
12617,95.05382386916233,1624
12618,101.0121933088197,3779
12619,95.52691193458118,743
12620,87.91168824543138,328
12621,105.92388155425107,234
12622,149.52186130069782,5994
12623,81.39696961966993,563
12624,121.84062043356587,1844
12625,112.89949493661166,716
12626,98.39696961966987,2018
12627,102.84062043356587,1746
12628,184.953318805774,4351
12629,67.14213562373095,267
12630,152.63961030678936,4405
12631,125.02438661763937,3047
12632,92.79898987322332,521
12633,133.811183182043,3420
12634,67.42640687119282,203
12635,100.81118318204304,2331
12636,91.42640687119284,1754
12637,92.94112549695426,1246
12638,163.8406204335659,3542
12639,54.14213562373095,290
12640,78.8700576850888,481
12641,95.66904755831206,2519
12642,91.2132034355964,1561
12643,134.91168824543135,3532
12644,114.94112549695427,858
12645,257.17871555019065,7154
12646,112.52691193458115,1647
12647,124.36753236814704,1501
12648,70.69848480983494,533
12649,75.39696961966993,673
12650,118.79898987322332,1034
12651,62.083261120685215,1078
12652,138.76955262170043,3599
12653,118.66904755831212,1139
12654,89.39696961966993,1611
12655,102.9827560572968,421
12656,136.94112549695424,3607
12657,116.08326112068522,2031
12658,89.32590180780444,1728
12659,139.9827560572968,2391
12660,184.3797256769672,5664
12661,122.66904755831207,2252
12662,86.0121933088197,1926
12663,130.36753236814704,1144
12664,84.15432893255067,960
12665,80.65685424949238,990
12666,72.52691193458115,546
12667,124.76955262170041,1446
12668,94.5979797464466,2010
12669,96.01219330881973,986
12670,106.12489168102773,1254
12671,156.4386001800126,4906
12672,91.39696961966995,522
12673,108.3847763108502,3791
12674,149.79393923934,3288
12675,156.68124086713192,2349
12676,136.16652224137033,2886
12677,94.5979797464466,2209
12678,79.0832611206852,414
12679,115.1837661840735,1310
12680,109.15432893255067,623
12681,175.65180361560914,5180
12682,111.4264068711928,3430
12683,98.39696961966992,1715
12684,134.25483399593895,2717
12685,132.98275605729685,2954
12686,86.04163056034263,359
12687,106.48528137423857,386
12688,97.28427124746189,2852
12689,93.72792206135783,1328
12690,96.46803743153538,324
12691,191.25483399593924,3051
12692,161.33809511662426,3757
12693,92.38477631085021,621
12694,185.79393923934003,4040
12695,170.36753236814724,4769
12696,85.22539674441612,204
12697,163.18376618407368,4774
12698,139.3969696196699,808
12699,110.38477631085024,1535
12700,143.95331880577402,3876
12701,137.49747468305827,837
12702,117.94112549695424,760
12703,144.74011537017753,2739
12704,86.63961030678921,320
12705,98.25483399593895,2019
12706,76.6274169979695,687
12707,82.0416305603426,1672
12708,131.53910524340083,1452
12709,124.36753236814702,413
12710,128.6396103067892,2644
12711,90.4264068711928,1281
12712,125.59797974644658,1485
12713,154.7106781186548,3663
12714,142.87005768508877,891
12715,139.75230867899725,1137
12716,133.2670273047587,571
12717,121.19595949289318,657
12718,109.6396103067892,1021
12719,88.18376618407353,399
12720,119.88225099390849,379
12721,178.6934341759518,3278
12722,95.66904755831204,1032
12723,126.32590180780447,1484
12724,80.4264068711928,391
12725,123.59797974644661,984
12726,128.923881554251,1067
12727,129.21320343559643,3481
12728,114.25483399593901,2384
12729,94.81118318204301,1216
12730,115.74011537017753,2303
12731,151.4386001800127,1237
12732,130.7401153701776,2924
12733,160.72792206135784,1154
12734,96.38477631085023,428
12735,92.56854249492375,486
12736,84.42640687119278,138
12737,128.16652224137033,1362
12738,136.46803743153538,2470
12739,159.61017305526636,3701
12740,96.97056274847711,1183
12741,83.81118318204302,658
12742,126.72287142747436,1579
12743,130.25483399593898,1597
12744,126.84062043356589,1365
12745,90.6274169979695,1272
12746,115.36753236814704,1919
12747,146.02438661763955,3744
12748,146.40916292848974,3496
12749,148.74011537017753,4173
12750,136.12489168102775,2939
12751,82.84062043356587,826
12752,157.74011537017768,7133
12753,109.8406204335659,737
12754,127.39696961966989,3536
12755,112.12489168102778,2066
12756,105.0832611206852,763
12757,128.74011537017753,3495
12758,112.6690475583121,186
12759,111.02438661763941,1982
12760,111.32590180780444,1398
12761,167.63961030678936,1469
12762,158.91168824543135,1478
12763,112.88225099390849,244
12764,112.63961030678921,1298
12765,138.05382386916233,4748
12766,89.28427124746186,575
12767,113.29646455628156,2434
12768,118.91168824543132,3533
12769,139.82337649086276,1374
12770,130.6812408671318,1756
12771,105.84062043356592,1247
12772,136.1543289325506,2546
12773,91.94112549695427,531
12774,139.56854249492375,710
12775,86.35533905932732,930
12776,124.12489168102775,1128
12777,132.19595949289322,2423
12778,102.28427124746187,285
12779,162.27922061357864,1246
12780,128.16652224137033,2361
12781,144.61017305526647,1665
12782,108.19595949289322,2668
12783,82.63961030678924,391
12784,155.33809511662426,1903
12785,119.69848480983495,1448
12786,120.53910524340083,826
12787,135.68124086713178,2933
12788,117.58073580374344,622
12789,102.53910524340087,695
12790,133.89444430272815,903
12791,117.46803743153536,1411
12792,86.69848480983498,783
12793,127.05382386916229,1513
12794,135.32590180780443,2140
12795,112.46803743153542,2860
12796,179.6101730552664,4080
12797,139.22539674441612,857
12798,121.42640687119277,4932
12799,80.0832611206852,240
12800,82.05382386916231,785
12801,79.254833995939,1242
12802,108.39696961966989,1340
12803,97.29646455628158,136
12804,203.4507934888327,2461
12805,83.98275605729684,377
12806,60.04163056034259,840
12807,79.39696961966992,986
12808,123.19595949289322,2721
12809,100.88225099390847,1511
12810,80.91168824543136,825
12811,80.63961030678922,773
12812,67.49747468305829,352
12813,197.3086578651014,2174
12814,195.6223663640863,1342
12815,55.97056274847714,91
12816,137.95331880577393,1535
12817,90.88225099390847,290
12818,101.46803743153535,1045
12819,90.32590180780446,236
12820,104.81118318204301,1906
12821,67.6690475583121,775
12822,102.18376618407352,443
12823,85.81118318204301,797
12824,107.91168824543135,932
12825,134.78174593052015,1577
12826,88.0832611206852,604
12827,79.8406204335659,249
12828,157.8650070512055,2209
12829,79.32590180780447,473
12830,50.21320343559641,188
12831,74.69848480983497,272
12832,85.59797974644664,769
12833,58.59797974644665,73
12834,83.66904755831206,646
12835,70.74011537017756,231
12836,66.01219330881973,502
12837,212.59292911256364,2257
12838,154.30865786510142,2778
12839,70.38477631085023,146
12840,103.69848480983495,817
12841,121.254833995939,2003
12842,55.041630560342604,383
12843,103.63961030678924,1056
12844,71.01219330881972,549
12845,211.16147160748756,2688
12846,117.39696961966992,1767
12847,76.35533905932733,1106
12848,108.02438661763942,945
12849,83.94112549695423,952
12850,86.69848480983495,1452
12851,88.76955262170041,555
12852,66.4974746830583,733
12853,101.6396103067892,2597
12854,91.76955262170044,566
12855,94.28427124746186,491
12856,143.75230867899734,4262
12857,55.69848480983497,318
12858,182.16652224137033,1692
12859,97.05382386916229,313
12860,88.98275605729683,553
12861,146.2375900532359,1315
12862,138.16652224137036,1088
12863,174.4802307403553,3357
12864,81.18376618407353,155
12865,94.4680374315354,364
12866,100.15432893255064,1449
12867,93.98275605729684,934
12868,91.254833995939,1056
12869,46.041630560342625,263
12870,62.25483399593901,255
12871,72.01219330881972,261
12872,121.25483399593898,1024
12873,71.35533905932735,701
12874,69.15432893255067,574
12875,80.15432893255063,317
12876,59.455844122715696,308
12877,209.59292911256364,2621
12878,59.941125496954264,772
12879,46.62741699796953,259
12880,77.35533905932735,629
12881,75.74011537017756,471
12882,95.0832611206852,934
12883,113.46803743153541,469
12884,60.42640687119284,492
12885,80.32590180780447,431
12886,143.48023074035513,1591
12887,143.20815280171297,4291
12888,61.52691193458116,217
12889,64.79898987322332,148
12890,131.58073580374344,1336
12891,136.29646455628153,349
12892,70.94112549695427,203
12893,84.4680374315354,1436
12894,88.32590180780446,1145
12895,79.59797974644663,532
12896,86.25483399593901,1075
12897,139.2964645562816,3844
12898,116.6101730552663,850
12899,78.91168824543136,186
12900,117.52691193458115,550
12901,120.19595949289325,2047
12902,137.06601717798196,565
12903,187.82337649086304,3922
12904,89.08326112068521,1316
12905,123.39696961966995,1769
12906,114.36753236814702,661
12907,143.9705627484771,3720
12908,166.811183182043,6491
12909,91.49747468305831,1507
12910,93.98275605729683,603
12911,106.59797974644661,1366
12912,131.254833995939,1230
12913,124.35533905932735,1787
12914,96.81118318204304,1265
12915,133.84062043356587,3053
12916,139.63961030678917,2150
12917,110.87005768508877,1975
12918,121.49747468305824,1088
12919,84.0832611206852,116
12920,184.936074863071,2801
12921,124.19595949289324,665
12922,86.97056274847711,791
12923,90.8406204335659,376
12924,144.08326112068525,2111
12925,158.65180361560905,6106
12926,158.8528137423857,3072
12927,139.08326112068528,2821
12928,113.19595949289321,287
12929,86.76955262170046,747
12930,111.66904755831212,454
12931,137.49747468305827,2680
12932,154.1248916810278,4080
12933,135.6812408671318,2625
12934,88.1837661840735,392
12935,121.76955262170043,656
12936,118.55634918610404,3817
12937,174.68124086713192,3481
12938,155.6223663640862,1577
12939,183.06601717798222,2982
12940,125.39696961966996,3362
12941,146.32590180780457,5026
12942,137.71067811865464,2320
12943,126.91168824543134,1166
12944,95.97056274847715,130
12945,150.63961030678922,4472
12946,131.2132034355964,1855
12947,155.92388155425127,1633
12948,102.91168824543135,1097
12949,166.208152801713,1763
12950,79.72792206135786,553
12951,112.53910524340087,583
12952,74.62741699796953,1096
12953,101.39696961966992,788
12954,149.71067811865464,1255
12955,148.78174593052017,4250
12956,127.48023074035507,3541
12957,109.7989898732233,1130
12958,129.11269837220806,2827
12959,96.76955262170041,1585
12960,125.84062043356592,2562
12961,97.46803743153538,471
12962,155.25483399593904,4385
12963,150.61017305526644,3282
12964,175.0243866176396,7847
12965,134.66904755831212,1805
12966,163.19595949289334,3862
12967,89.35533905932733,1332
12968,113.08326112068517,699
12969,134.18376618407353,561
12970,128.69848480983495,2569
12971,168.75230867899737,3329
12972,118.07106781186548,150
12973,102.94112549695426,2043
12974,115.53910524340088,1454
12975,80.31370849898475,618
12976,102.79898987322332,2359
12977,83.01219330881973,951
12978,162.56854249492392,4568
12979,124.2253967444161,2138
12980,81.28427124746186,810
12981,86.42640687119282,502
12982,156.61017305526644,3989
12983,114.46803743153538,395
12984,138.254833995939,2262
12985,106.36753236814704,2512
12986,151.9116882454315,3827
12987,120.46803743153535,1134
12988,130.0243866176394,2912
12989,155.3380951166243,2085
12990,82.45584412271566,663
12991,109.02438661763942,3771
12992,112.45584412271567,1523
12993,104.91168824543139,2468
12994,132.43860018001251,5684
12995,68.8700576850888,406
12996,154.4091629284896,565
12997,147.32590180780454,6125
12998,126.94112549695424,680
12999,112.32590180780447,407
13000,1493.4154390516549,5032
13001,1487.800215362505,7642
13002,1437.4154390516549,5600
13003,1855.3048327205013,6584
13004,2409.9343417594973,8070
13005,1455.1727983645353,4760
13006,1395.202235616058,4842
13007,2219.650070512047,7662
13008,1391.4326829943575,6043
13009,1604.439825669295,3703
13010,2233.4368670764534,6749
13011,1297.8641404994332,4430
13012,1007.3839097590769,3376
13013,2317.6622638208587,7538
13014,1754.5058428472778,5655
13015,1914.1454531540678,7054
13016,1793.8611819066057,6142
13017,2495.2013690642493,7947
13018,1447.2733034279238,6193
13019,1796.2632021601587,5947
13020,1777.8662325404882,5686
13021,988.7859300126302,3066
13022,1689.7240969167572,4800
13023,1443.243866176401,3298
13024,1735.1088732276075,6515
13025,1007.1707063234804,4363
13026,1194.6509370638366,4207
13027,1313.9352083112988,4834
13028,1268.905771059776,5117
13029,2108.0520907656132,6213
13030,2263.076477383238,7442
13031,1763.1921343482932,4263
13032,1917.7139956489918,6479
13033,2455.698843747305,7018
13034,1023.2834046956889,4217
13035,2058.58405333408,7207
13036,2664.6815998045854,7873
13037,1796.8733752154258,5926
13038,1539.8124086713253,5181
13039,2503.3729419395027,7226
13040,1268.3494218736719,4827
13041,1436.1433611130128,4496
13042,1112.5260453828084,4244
13043,2354.561758757467,6896
13044,1470.4865068635204,6340
13045,1828.4175310927099,5087
13046,2375.331311379163,6136
13047,2020.4297244015297,6919
13048,2072.584053334079,5745
13049,1726.8662325404882,3417
13050,2074.696751706287,6191
13051,1411.7880220536852,5727
13052,1260.1067811865523,5370
13053,2155.7261889578035,7815
13054,1963.660171779829,6897
13055,1339.1484117468954,4361
13056,1205.0945878777325,3407
13057,2022.5129855222156,7019
13058,1786.8906191581284,6527
13059,1206.43773362824,3528
13060,1662.7829714198026,6070
13061,1484.9129137347136,5030
13062,1787.049998724562,4982
13063,980.7859300126302,4419
13064,1490.0722933011473,4704
13065,1367.5626253092685,6166
13066,1505.3860018001321,4448
13067,1755.7606768432172,6292
13068,1129.0529573173897,4397
13069,1161.43773362824,3778
13070,1567.0722933011473,5705
13071,2344.189175755437,6633
13072,2504.47344700289,7974
13073,1770.77792078592,6627
13074,1221.5088014401056,4874
13075,2247.3779925734025,6008
13076,1308.5920625607914,4391
13077,1630.6530291048916,6708
13078,1459.2611101191037,5912
13079,2040.1109652686625,6948
13080,1238.7220048757022,5286
13081,1379.0600999923272,4405
13082,1723.3220766632041,7425
13083,1945.9860735876343,6454
13084,1981.1282092113652,7443
13085,1667.8662325404885,4413
13086,1572.1433611130128,6497
13087,1139.9108216936586,4029
13088,1358.5920625607914,6199
13089,2226.2064196981532,6754
13090,1358.6042558696113,5359
13091,1905.3170260293216,5810
13092,1274.8225099390904,3442
13093,1846.1748904055905,4208
13094,2137.5251788310256,7212
13095,2284.2358569496705,7526
13096,1817.8195513462629,7105
13097,1406.4326829943575,4846
13098,1752.493649538458,5611
13099,2368.632826569332,7328
13100,654.0538238691628,7680
13101,483.5979797464469,3157
13102,859.0832611206855,5601
13103,1156.296464556282,7780
13104,737.2253967444167,6956
13105,627.5979797464469,4475
13106,566.2842712474621,2183
13107,590.2842712474621,5464
13108,733.4558441227159,3996
13109,714.9827560572974,7190
13110,785.8406204335663,6377
13111,650.4264068711931,4552
13112,1477.740115370178,6555
13113,1064.9116882454318,7229
13114,1110.882250993909,4902
13115,688.870057685089,4573
13116,858.0832611206856,6609
13117,679.7695526217008,4812
13118,627.0121933088201,3732
13119,1068.3969696196702,7696
13120,370.3847763108504,2868
13121,1277.9116882454318,6553
13122,1143.8406204335663,6449
13123,826.7106781186551,5121
13124,564.597979746447,3516
13125,1175.3259018078047,6412
13126,1033.0832611206856,6319
13127,560.0416305603428,4717
13128,884.5685424949243,4384
13129,524.7695526217007,4327
13130,991.6690475583124,5495
13131,751.2132034355966,3914
13132,596.1126983722083,5655
13133,1448.5391052434013,7701
13134,580.6274169979697,3989
13135,1227.4264068711932,4530
13136,839.4974746830587,5764
13137,1453.1543289325512,6493
13138,540.0416305603428,3205
13139,1002.0538238691627,6950
13140,1316.1543289325512,6613
13141,1220.6396103067896,7775
13142,918.3259018078048,4981
13143,1275.4264068711932,7016
13144,483.6984848098352,4384
13145,646.2132034355966,2637
13146,1122.9827560572974,7164
13147,983.6396103067898,7589
13148,1672.4974746830587,5826
13149,1028.9827560572971,5471
13150,1045.8406204335663,5733
13151,509.2842712474621,2412
13152,1083.4974746830587,5903
13153,1013.4264068711932,5687
13154,883.2842712474621,4702
13155,1485.5391052434015,7505
13156,726.9116882454318,3858
13157,554.0416305603427,3147
13158,425.982756057297,4252
13159,1271.8822509939089,6500
13160,844.568542494924,5929
13161,878.6396103067898,6814
13162,673.2548339959394,4706
13163,890.3259018078047,5484
13164,1366.3675323681477,7791
13165,1318.568542494924,7443
13166,527.2132034355966,3828
13167,1216.8528137423862,4907
13168,727.8406204335663,4872
13169,872.3259018078049,5470
13170,1270.8528137423862,6289
13171,702.6274169979697,5031
13172,1276.8111831820436,6573
13173,637.7695526217008,5935
13174,651.4974746830587,5030
13175,788.5685424949243,7435
13176,812.0832611206855,3102
13177,1523.5685424949243,7464
13178,757.9827560572973,7127
13179,520.6984848098352,3792
13180,592.5269119345814,4652
13181,509.6274169979697,4858
13182,777.3969696196702,4908
13183,859.7401153701779,6555
13184,874.7989898732235,2329
13185,395.0832611206854,4683
13186,413.18376618407376,4354
13187,1605.752308678998,7797
13188,500.7989898732235,4317
13189,446.01219330882003,2644
13190,603.1126983722083,6075
13191,1694.2964645562822,8012
13192,798.9411254969546,4756
13193,867.0243866176402,8184
13194,523.5563491861042,4353
13195,593.3553390593277,3257
13196,578.7695526217008,6529
13197,609.2132034355966,1922
13198,462.74011537017793,5969
13199,856.8406204335663,6041
13200,146.95331880577402,1516
13201,67.38477631085021,418
13202,159.5807358037436,1979
13203,195.65180361560928,3930
13204,48.21320343559641,194
13205,35.899494936611674,131
13206,138.22539674441617,2512
13207,56.52691193458116,427
13208,161.1248916810279,1220
13209,131.2964645562816,1147
13210,46.21320343559642,240
13211,179.7523086789975,2643
13212,84.49747468305827,489
13213,131.88225099390849,888
13214,246.90663761154843,4778
13215,40.213203435596434,114
13216,107.74011537017755,1196
13217,170.02438661763966,2999
13218,50.79898987322331,259
13219,40.38477631085023,187
13220,27.656854249492383,54
13221,152.36753236814718,1416
13222,85.56854249492372,682
13223,119.56854249492373,1620
13224,181.58073580374366,2080
13225,133.9238815542511,2082
13226,85.52691193458115,610
13227,79.59797974644663,740
13228,153.12489168102786,2862
13229,111.39696961966992,719
13230,115.88225099390847,1169
13231,216.50966799187833,3035
13232,310.0487732352797,3580
13233,138.7106781186547,1776
13234,123.81118318204302,1904
13235,137.98275605729685,1263
13236,115.56854249492373,1005
13237,80.01219330881973,552
13238,140.50966799187805,1595
13239,108.18376618407355,431
13240,156.0538238691624,1274
13241,215.7228714274748,4835
13242,112.78174593052013,575
13243,136.5391052434009,2157
13244,119.2253967444161,1309
13245,161.65180361560914,2841
13246,136.0538238691623,1170
13247,173.61017305526656,1964
13248,80.32590180780446,403
13249,186.33809511662437,2612
13250,75.76955262170044,495
13251,84.39696961966995,866
13252,235.99494936611694,3521
13253,30.384776310850242,99
13254,78.76955262170044,665
13255,35.55634918610405,153
13256,110.29646455628156,569
13257,30.313708498984763,102
13258,134.15432893255064,1551
13259,236.3797256769672,1862
13260,258.39191898578713,3053
13261,60.28427124746189,421
13262,131.78174593052012,1461
13263,92.49747468305826,540
13264,259.42135623730996,4602
13265,30.213203435596434,145
13266,123.36753236814702,1591
13267,80.35533905932733,836
13268,128.6396103067892,1356
13269,48.21320343559641,255
13270,28.142135623730955,65
13271,71.87005768508878,709
13272,106.32590180780446,1248
13273,153.2964645562817,2796
13274,176.79393923934012,2215
13275,104.0538238691623,641
13276,119.81118318204302,819
13277,36.45584412271572,92
13278,123.811183182043,1879
13279,213.3797256769672,3495
13280,54.870057685088774,248
13281,81.59797974644661,912
13282,200.33809511662457,3141
13283,207.33809511662452,3930
13284,164.36753236814724,3113
13285,146.71067811865476,1183
13286,67.35533905932733,390
13287,99.91168824543138,840
13288,129.46803743153538,994
13289,27.798989873223338,55
13290,166.19595949289342,2456
13291,73.35533905932735,654
13292,143.02438661763952,1353
13293,75.59797974644663,696
13294,141.71067811865476,1788
13295,32.627416997969526,208
13296,174.20815280171323,2049
13297,19.313708498984763,44
13298,187.40916292848985,2022
13299,135.19595949289322,920
13300,99.08326112068517,1046
13301,125.98275605729683,2283
13302,98.39696961966992,1689
13303,147.7523086789973,3892
13304,131.95331880577393,3139
13305,111.29646455628158,1828
13306,158.43860018001266,3546
13307,109.74011537017755,1487
13308,99.32590180780446,3182
13309,123.15432893255064,2109
13310,99.35533905932732,1289
13311,141.53910524340085,2085
13312,160.65180361560914,2183
13313,121.46803743153538,1564
13314,114.08326112068517,2375
13315,147.05382386916244,2249
13316,102.66904755831207,1175
13317,129.5685424949237,1553
13318,84.8406204335659,1347
13319,101.74011537017755,1476
13320,164.32590180780448,4292
13321,121.6396103067892,3245
13322,165.99494936611674,2867
13323,137.02438661763946,1716
13324,85.69848480983497,1466
13325,98.49747468305827,1564
13326,178.16652224137056,2957
13327,173.5807358037437,4068
13328,151.50966799187805,2516
13329,120.61017305526632,1543
13330,109.66904755831207,770
13331,142.91168824543138,1699
13332,125.08326112068517,2868
13333,112.74011537017755,1226
13334,102.4264068711928,381
13335,95.8406204335659,1547
13336,154.539105243401,3329
13337,114.05382386916229,2143
13338,174.89444430272843,5214
13339,131.2253967444161,2750
13340,132.63961030678922,3122
13341,146.33809511662426,2654
13342,131.52691193458116,976
13343,125.01219330881972,2472
13344,103.98275605729684,1263
13345,111.2253967444161,1057
13346,160.05382386916227,3330
13347,115.56854249492373,1166
13348,152.39696961966996,1425
13349,90.4264068711928,1465
13350,182.37972567696713,3107
13351,98.66904755831209,1347
13352,99.35533905932735,1195
13353,107.22539674441609,1187
13354,149.78174593052023,3059
13355,137.59797974644664,1456
13356,111.74011537017755,2129
13357,98.35533905932733,570
13358,123.05382386916229,1770
13359,86.66904755831209,1446
13360,130.29646455628156,2242
13361,118.6396103067892,1747
13362,146.46803743153544,1793
13363,137.53910524340088,2519
13364,138.19595949289328,3181
13365,144.56854249492375,3944
13366,110.32590180780443,1689
13367,117.15432893255063,1534
13368,161.15432893255073,3696
13369,97.32590180780447,968
13370,107.32590180780444,1008
13371,116.98275605729681,1291
13372,98.18376618407352,1293
13373,98.25483399593898,1782
13374,134.45584412271575,1390
13375,162.33809511662432,4148
13376,75.76955262170046,374
13377,80.42640687119282,469
13378,123.35533905932733,1583
13379,133.53910524340088,1342
13380,124.01219330881972,1023
13381,97.3969696196699,684
13382,123.32590180780446,1313
13383,174.12489168102795,2702
13384,104.74011537017755,800
13385,154.68124086713192,3965
13386,149.81118318204312,2306
13387,157.6101730552664,1903
13388,125.66904755831209,2231
13389,102.98275605729683,796
13390,110.91168824543136,1580
13391,142.39696961966993,913
13392,109.05382386916229,1840
13393,133.36753236814707,1129
13394,134.84062043356587,1025
13395,102.56854249492373,1647
13396,139.05382386916233,2293
13397,150.61017305526644,2138
13398,163.92388155425115,4223
13399,152.50966799187805,2776
13400,104.2253967444161,1129
13401,129.78174593052012,2129
13402,99.84062043356589,798
13403,102.88225099390849,1118
13404,127.71067811865466,776
13405,128.78174593052015,1163
13406,115.88225099390847,1249
13407,121.19595949289321,1186
13408,157.09545442950508,1847
13409,117.12489168102776,815
13410,132.2670273047587,2303
13411,136.33809511662417,2236
13412,152.40916292848976,2445
13413,171.23759005323606,2841
13414,143.8528137423857,2761
13415,111.81118318204301,1672
13416,110.95331880577395,1838
13417,168.58073580374366,2369
13418,131.43860018001251,1325
13419,157.1665222413705,1138
13420,90.56854249492373,661
13421,125.95331880577395,585
13422,125.22539674441613,946
13423,128.8528137423856,1504
13424,122.53910524340084,1078
13425,143.29646455628165,2479
13426,136.61017305526636,1855
13427,144.92388155425115,2131
13428,149.7523086789974,2941
13429,123.95331880577393,1529
13430,156.33809511662437,2999
13431,154.65180361560908,1746
13432,134.75230867899728,2579
13433,184.16652224137064,3271
13434,97.81118318204301,898
13435,150.72287142747453,1618
13436,132.78174593052017,1349
13437,165.55129855222077,2311
13438,131.33809511662417,1952
13439,146.50966799187813,2545
13440,84.66904755831209,775
13441,127.6101730552663,1506
13442,175.13708498984775,2949
13443,133.3675323681471,1415
13444,98.98275605729683,538
13445,86.32590180780446,1167
13446,146.50966799187805,1843
13447,146.19595949289328,2423
13448,117.53910524340084,1636
13449,77.254833995939,717
13450,95.39696961966992,784
13451,125.09545442950485,1656
13452,135.3675323681471,1589
13453,161.06601717798225,2072
13454,126.85281374238558,1117
13455,120.88225099390847,1833
13456,104.29646455628159,1266
13457,119.29646455628156,1102
13458,134.26702730475873,2453
13459,103.2253967444161,814
13460,132.0954544295049,1346
13461,165.65180361560917,2271
13462,98.91168824543135,962
13463,95.49747468305827,897
13464,100.88225099390847,949
13465,141.92388155425112,1796
13466,203.93607486307124,3916
13467,162.9949493661167,2568
13468,144.92388155425112,2068
13469,111.39696961966992,1252
13470,115.78174593052013,777
13471,156.09545442950503,1722
13472,160.4802307403553,2458
13473,121.36753236814704,1298
13474,119.85281374238558,1217
13475,141.43860018001257,1895
13476,84.08326112068518,408
13477,125.68124086713176,1244
13478,136.02438661763946,1328
13479,102.74011537017755,793
13480,154.0243866176396,1620
13481,156.8944443027284,2173
13482,139.0243866176395,1513
13483,131.19595949289325,2156
13484,113.56854249492372,1506
13485,134.92388155425112,2152
13486,134.16652224137036,1105
13487,129.0243866176394,1460
13488,115.46803743153538,1694
13489,129.53910524340085,1430
13490,115.29646455628156,837
13491,119.29646455628156,1497
13492,132.7106781186547,1158
13493,139.43860018001257,1580
13494,129.71067811865467,2921
13495,104.2253967444161,958
13496,124.12489168102775,1207
13497,98.98275605729683,1023
13498,112.46803743153538,1456
13499,123.95331880577393,935
13500,121.254833995939,1826
13501,123.01219330881969,1052
13502,91.32590180780444,712
13503,131.18376618407353,1912
13504,86.38477631085021,631
13505,85.18376618407353,253
13506,119.32590180780447,1720
13507,95.98275605729683,963
13508,97.74011537017753,1149
13509,107.35533905932736,2102
13510,87.59797974644663,764
13511,112.61017305526632,1339
13512,137.22539674441606,1237
13513,117.02438661763944,1249
13514,114.12489168102778,1362
13515,118.01219330881968,2197
13516,83.69848480983497,1159
13517,130.49747468305824,1033
13518,82.32590180780447,726
13519,91.11269837220806,512
13520,91.39696961966993,500
13521,135.61017305526636,1383
13522,89.52691193458116,312
13523,101.25483399593898,196
13524,78.55634918610404,226
13525,77.35533905932735,722
13526,113.28427124746186,1695
13527,113.49747468305824,493
13528,122.75230867899727,1183
13529,83.74011537017753,281
13530,128.02438661763938,2409
13531,134.15432893255064,1823
13532,119.78174593052012,1204
13533,90.2132034355964,555
13534,92.35533905932736,856
13535,115.94112549695426,492
13536,107.53910524340084,746
13537,106.66904755831206,1369
13538,124.9827560572968,2126
13539,113.55634918610403,429
13540,132.7817459305201,1128
13541,84.94112549695427,292
13542,118.32590180780443,983
13543,95.8700576850888,521
13544,92.71067811865468,784
13545,119.19595949289322,1131
13546,112.8700576850888,661
13547,92.55634918610404,236
13548,115.8528137423856,915
13549,90.4680374315354,627
13550,82.66904755831212,770
13551,154.13708498984766,1216
13552,121.8233764908627,264
13553,116.46803743153538,1013
13554,91.32590180780448,927
13555,100.05382386916229,990
13556,95.01219330881972,905
13557,116.32590180780441,1547
13558,87.29646455628158,387
13559,75.35533905932736,641
13560,86.91168824543136,650
13561,118.09545442950488,942
13562,121.45584412271567,688
13563,115.5979797464466,1298
13564,92.87005768508877,1308
13565,135.8406204335659,3035
13566,140.15432893255067,2056
13567,111.76955262170043,408
13568,103.81118318204301,280
13569,114.88225099390846,617
13570,177.5929291125635,1134
13571,99.35533905932735,686
13572,119.0416305603426,636
13573,160.95331880577405,4593
13574,83.94112549695426,161
13575,104.36753236814702,393
13576,117.98275605729683,1210
13577,130.6101730552663,1157
13578,114.5979797464466,829
13579,147.8233764908628,1814
13580,100.81118318204301,981
13581,89.84062043356589,285
13582,139.4264068711928,2685
13583,121.11269837220807,492
13584,98.66904755831207,640
13585,139.2964645562816,767
13586,118.25483399593897,942
13587,130.88225099390849,2492
13588,142.92388155425107,1272
13589,158.23759005323603,1386
13590,117.12489168102773,993
13591,149.42640687119282,2078
13592,167.88225099390866,4967
13593,105.38477631085021,735
13594,76.25483399593901,503
13595,103.08326112068517,360
13596,86.08326112068517,602
13597,170.4507934888325,1378
13598,108.56854249492373,1051
13599,140.94112549695427,980
13600,120.91168824543139,1102
13601,71.04163056034258,509
13602,107.25483399593895,1362
13603,191.26702730475898,3956
13604,65.38477631085021,324
13605,129.2964645562816,3594
13606,104.21320343559643,213
13607,112.76955262170044,2157
13608,119.66904755831207,2693
13609,131.12489168102775,1218
13610,80.0538238691623,1256
13611,103.69848480983495,2213
13612,80.62741699796952,829
13613,118.0121933088197,2848
13614,97.76955262170043,1569
13615,48.97056274847715,180
13616,99.79898987322333,704
13617,90.18376618407353,2170
13618,117.85281374238558,2245
13619,123.254833995939,204
13620,125.79898987322329,4547
13621,81.49747468305831,862
13622,143.15432893255064,3733
13623,121.84062043356587,2027
13624,78.88225099390849,842
13625,118.4264068711928,1079
13626,102.15432893255063,1690
13627,87.9116882454314,1361
13628,190.96551211459405,9713
13629,98.28427124746186,1631
13630,81.35533905932733,882
13631,216.62741699796953,5144
13632,62.07106781186547,1089
13633,107.36753236814704,1809
13634,149.61017305526633,3653
13635,95.91168824543138,584
13636,84.28427124746187,747
13637,107.71067811865468,1339
13638,171.19595949289328,3098
13639,103.78174593052015,1083
13640,135.14213562373095,4366
13641,97.76955262170043,2478
13642,81.97056274847712,504
13643,118.59797974644661,2224
13644,147.11269837220803,2810
13645,91.25483399593898,840
13646,121.98275605729684,953
13647,134.74011537017753,3049
13648,84.94112549695424,782
13649,128.59797974644658,2063
13650,110.62741699796952,2498
13651,72.97056274847712,739
13652,144.8822509939085,3338
13653,140.08326112068514,2794
13654,116.62741699796948,2209
13655,124.46803743153538,1473
13656,137.95331880577393,3026
13657,87.0538238691623,1717
13658,90.29646455628159,1704
13659,135.98275605729683,1084
13660,121.71067811865468,2132
13661,142.32590180780443,630
13662,91.6690475583121,1089
13663,91.2132034355964,1297
13664,94.74011537017758,1116
13665,107.8822509939085,3830
13666,146.39696961967,4890
13667,118.52691193458116,2346
13668,114.74011537017753,1643
13669,125.66904755831207,2119
13670,84.52691193458115,1134
13671,108.0538238691623,1146
13672,47.284271247461895,422
13673,103.91168824543139,1589
13674,114.45584412271567,2427
13675,92.87005768508877,199
13676,88.69848480983498,551
13677,134.62741699796953,422
13678,85.01219330881968,1298
13679,116.49747468305826,1422
13680,94.25483399593895,2442
13681,113.35533905932735,1720
13682,115.92388155425103,1766
13683,146.78174593052015,3297
13684,119.71067811865467,1793
13685,129.84062043356587,4033
13686,144.11269837220806,2809
13687,65.4558441227157,248
13688,68.2132034355964,1341
13689,69.01219330881973,1000
13690,58.59797974644663,1164
13691,181.56854249492403,4352
13692,122.46803743153536,4199
13693,75.79898987322332,706
13694,107.22539674441607,1891
13695,73.8700576850888,478
13696,107.7695526217004,1295
13697,132.0954544295049,1031
13698,150.4386001800126,1653
13699,131.78174593052012,3636
13700,89.35533905932736,357
13701,123.87005768508875,1800
13702,124.12489168102772,1552
13703,88.22539674441612,1242
13704,136.8650070512053,1052
13705,172.3675323681472,4429
13706,90.95331880577397,1903
13707,124.71067811865467,2866
13708,141.11269837220814,2113
13709,73.81118318204304,89
13710,115.94112549695421,1658
13711,166.15432893255064,2500
13712,113.4386001800125,2609
13713,160.7401153701776,1725
13714,111.35533905932732,716
13715,134.4264068711928,1973
13716,153.89444430272826,3575
13717,102.7401153701775,1878
13718,161.82337649086287,1947
13719,124.36753236814704,285
13720,120.9827560572968,1420
13721,121.81118318204302,1442
13722,130.12489168102778,2859
13723,125.85281374238558,1329
13724,108.28427124746189,318
13725,157.92388155425112,3354
13726,69.4974746830583,645
13727,95.91168824543136,797
13728,128.46803743153538,979
13729,130.52691193458116,1022
13730,123.16652224137032,244
13731,172.26702730475876,3303
13732,89.91168824543135,1503
13733,99.69848480983495,1071
13734,116.81118318204302,1828
13735,108.15432893255063,1264
13736,103.39696961966987,1799
13737,93.42640687119282,1612
13738,114.82337649086271,3489
13739,97.91168824543135,1402
13740,185.48023074035532,3123
13741,113.46803743153538,915
13742,122.71067811865468,1006
13743,90.8406204335659,1034
13744,109.76955262170043,561
13745,123.30865786510128,3553
13746,194.9238815542513,3449
13747,121.05382386916229,1534
13748,84.35533905932735,364
13749,99.39696961966996,1080
13750,118.50966799187799,1249
13751,82.15432893255063,1348
13752,151.63961030678928,3239
13753,94.8406204335659,947
13754,100.49747468305829,1198
13755,131.94112549695421,4822
13756,126.13708498984745,3192
13757,102.4386001800125,2134
13758,120.15432893255065,1410
13759,92.29646455628158,851
13760,142.7817459305203,1875
13761,117.09545442950487,750
13762,106.35533905932733,511
13763,105.61017305526632,1474
13764,110.98275605729681,1952
13765,133.2670273047587,3969
13766,89.91168824543135,1057
13767,116.88225099390847,2285
13768,99.11269837220803,1153
13769,113.39696961966989,2583
13770,122.53910524340088,3289
13771,150.63961030678917,2679
13772,131.3969696196699,1503
13773,138.09545442950494,1154
13774,162.58073580374358,2012
13775,182.36753236814715,5669
13776,78.32590180780447,538
13777,112.88225099390847,1396
13778,99.61017305526634,1663
13779,105.6690475583121,1403
13780,139.39696961966993,2149
13781,103.53910524340087,766
13782,97.33809511662417,1631
13783,162.72287142747444,3239
13784,145.91168824543146,1920
13785,135.26702730475876,4016
13786,128.63961030678917,1539
13787,98.81118318204301,738
13788,132.40916292848962,2477
13789,145.7106781186547,2568
13790,101.61017305526632,341
13791,113.66904755831209,649
13792,81.46803743153541,346
13793,93.08326112068515,215
13794,103.15432893255063,842
13795,137.19595949289328,1798
13796,143.8528137423856,1928
13797,179.43860018001268,1832
13798,112.98275605729683,3027
13799,122.39696961966992,3191
13800,208.93607486307127,2302
13801,86.97056274847712,463
13802,204.76450198781745,3106
13803,104.12489168102776,672
13804,103.98275605729685,2000
13805,88.56854249492375,1232
13806,65.35533905932735,218
13807,96.08326112068517,1109
13808,168.6223663640863,1695
13809,70.15432893255067,394
13810,75.4974746830583,379
13811,75.94112549695424,494
13812,155.55129855222074,1998
13813,76.4974746830583,401
13814,84.81118318204304,729
13815,115.08326112068518,601
13816,51.01219330881974,279
13817,63.59797974644662,257
13818,98.05382386916227,1229
13819,101.05382386916231,568
13820,117.254833995939,738
13821,107.68124086713176,1469
13822,78.42640687119282,693
13823,150.63961030678934,998
13824,205.835569799683,1308
13825,78.63961030678922,692
13826,149.20815280171303,3034
13827,124.98275605729681,1035
13828,84.01219330881968,461
13829,67.04163056034258,195
13830,137.32590180780448,2358
13831,80.42640687119282,1102
13832,106.94112549695424,1957
13833,95.78174593052016,1196
13834,140.40916292848962,946
13835,78.08326112068518,1088
13836,97.78174593052015,1327
13837,38.55634918610405,98
13838,131.88225099390846,1844
13839,59.769552621700456,152
13840,59.01219330881973,643
13841,132.63961030678922,1337
13842,99.59797974644663,1475
13843,79.21320343559643,220
13844,118.0243866176394,837
13845,77.21320343559641,427
13846,117.88225099390844,2065
13847,99.15432893255065,949
13848,84.56854249492373,1100
13849,90.15432893255064,826
13850,182.66399692442886,2676
13851,115.75230867899725,1573
13852,65.6274169979695,122
13853,84.18376618407352,735
13854,79.2132034355964,704
13855,163.02438661763958,3195
13856,79.08326112068521,747
13857,82.22539674441613,743
13858,117.16652224137033,1770
13859,81.63961030678922,1149
13860,75.59797974644661,654
13861,159.75230867899725,1647
13862,142.42640687119285,732
13863,79.28427124746185,698
13864,100.91168824543135,639
13865,132.75230867899722,852
13866,100.08326112068518,426
13867,97.49747468305827,1363
13868,101.22539674441609,352
13869,36.38477631085024,64
13870,107.33809511662417,911
13871,67.69848480983498,190
13872,112.0538238691623,1797
13873,187.14927829866755,2668
13874,127.36753236814705,2560
13875,61.91168824543138,594
13876,89.28427124746187,889
13877,117.56854249492375,1768
13878,66.01219330881973,702
13879,71.11269837220806,541
13880,89.98275605729684,435
13881,104.1837661840735,626
13882,72.8700576850888,418
13883,160.09545442950508,2203
13884,99.84062043356587,475
13885,107.98275605729684,1065
13886,93.43860018001251,808
13887,177.03657992645935,2823
13888,82.71067811865468,2111
13889,182.55129855222066,1231
13890,99.66904755831207,729
13891,204.29141392239873,2822
13892,114.95331880577395,1310
13893,114.05382386916227,634
13894,113.15432893255064,545
13895,68.15432893255067,408
13896,113.4558441227157,441
13897,86.36753236814705,111
13898,103.05382386916229,449
13899,200.391918985787,3043
13900,108.6690475583121,2317
13901,129.22539674441606,1670
13902,116.2132034355964,2854
13903,132.59797974644664,1453
13904,175.56854249492386,3142
13905,131.74011537017753,1150
13906,138.12489168102772,800
13907,117.19595949289321,4191
13908,130.4558441227157,2800
13909,156.48023074035515,513
13910,142.68124086713175,2422
13911,134.49747468305827,2707
13912,129.7401153701776,1575
13913,135.56854249492372,4172
13914,117.95331880577397,1040
13915,79.8700576850888,398
13916,92.95331880577396,699
13917,97.94112549695424,2284
13918,148.91168824543144,6323
13919,145.06601717798205,2179
13920,122.95331880577397,1934
13921,150.43860018001263,1692
13922,118.01219330881972,1086
13923,159.91168824543138,5301
13924,193.30865786510168,8547
13925,137.5391052434009,1533
13926,120.89949493661166,665
13927,120.5979797464466,1333
13928,178.26702730475893,3870
13929,131.72792206135784,2157
13930,123.59797974644661,2602
13931,121.02438661763944,944
13932,137.50966799187793,409
13933,157.3797256769669,1832
13934,168.1248916810278,4341
13935,106.39696961966989,1120
13936,160.66904755831217,1647
13937,79.7989898732233,173
13938,105.94112549695423,1670
13939,71.49747468305829,269
13940,159.1248916810278,2543
13941,128.66904755831206,3118
13942,105.49747468305826,1177
13943,98.66904755831207,2300
13944,158.48023074035527,1740
13945,88.18376618407353,1037
13946,168.8822509939087,4735
13947,156.19595949289334,3697
13948,162.1665222413704,4017
13949,108.98275605729678,894
13950,84.81118318204304,825
13951,102.28427124746189,2230
13952,122.92388155425104,535
13953,123.28427124746187,2817
13954,125.74011537017755,2011
13955,114.0538238691623,1876
13956,122.2253967444161,367
13957,80.84062043356589,614
13958,123.97056274847714,375
13959,183.96551211459388,4550
13960,106.62741699796949,1866
13961,166.56854249492375,1789
13962,121.50966799187795,4440
13963,109.98275605729681,1101
13964,79.32590180780447,371
13965,100.01219330881969,1816
13966,126.63961030678917,616
13967,127.92388155425103,947
13968,141.08326112068525,4498
13969,80.69848480983495,263
13970,110.46803743153538,679
13971,97.84062043356593,2086
13972,164.91168824543144,5704
13973,107.65685424949238,3350
13974,98.35533905932733,446
13975,116.2253967444161,2922
13976,107.28427124746187,434
13977,95.14213562373092,316
13978,183.26702730475915,1837
13979,138.2670273047587,1573
13980,156.8406204335659,5111
13981,130.69848480983495,4438
13982,109.08326112068518,1968
13983,141.68124086713178,3530
13984,104.95331880577396,741
13985,119.69848480983495,3060
13986,90.55634918610401,359
13987,118.0416305603426,1070
13988,138.36753236814704,2434
13989,122.76955262170043,2752
13990,97.01219330881973,1850
13991,163.1248916810278,3392
13992,137.42640687119277,1980
13993,102.62741699796952,2261
13994,74.8700576850888,1067
13995,136.05382386916233,4113
13996,134.5685424949238,1646
13997,172.96551211459405,7857
13998,88.59797974644661,284
13999,160.42640687119282,5250
14000,1342.9179643685961,4814
14001,1430.4621202458802,6516
14002,1746.3515139147269,6093
14003,2229.3779925734066,8007
14004,2239.1525958289863,7876
14005,2272.904904507982,5919
14006,2272.9759723198486,5770
14007,2668.823735428318,7464
14008,1178.7220048757022,4795
14009,1199.9108216936586,5299
14010,1368.6753236814768,4349
14011,1051.111831820435,3185
14012,1473.4154390516549,3711
14013,2267.8338366961166,5410
14014,1847.4469683442323,5665
14015,1043.6265504461962,4639
14016,1286.2072862499408,5764
14017,1245.4793641885828,4359
14018,1738.7068529740545,6488
14019,2352.532321505946,6871
14020,1967.9982668964542,7046
14021,1508.9839815465791,4012
14022,1313.1484117468954,5109
14023,2384.3901858822137,7598
14024,1062.241774135346,3216
14025,1245.7808793787478,3850
14026,1826.4053377838895,6132
14027,1620.1261171703102,4961
14028,1162.8519471906131,3456
14029,2224.478497636794,7844
14030,1151.2539674441662,4033
14031,1329.5748186180886,5065
14032,1807.5769106591436,6327
14033,1731.049998724562,7858
14034,1563.6702730475943,6191
14035,1493.3860018001321,6716
14036,1267.1067811865526,4977
14037,1572.8418459228478,5840
14038,1135.7981233214502,3789
14039,1476.9007204258935,4301
14040,1369.0895372438497,5607
14041,908.9036790187212,3083
14042,1374.8763338082535,4044
14043,2761.20851173916,7509
14044,2344.076477383228,6541
14045,1218.6387437550165,4749
14046,1446.5870119269086,5920
14047,2029.6429278371265,7213
14048,804.0924958366775,3381
14049,2458.3729419395067,7520
14050,1158.1240251292552,4804
14051,2359.248050258483,6706
14052,1081.1828996323006,5119
14053,1755.6652224137117,4913
14054,2204.566809391364,7094
14055,1247.8225099390904,4462
14056,2187.3363620130654,8138
14057,1781.233764908636,6622
14058,1106.1828996323006,2994
14059,1900.9322497184712,5706
14060,1389.6164491784314,6325
14061,1053.3544725075544,5173
14062,2400.461253694078,8051
14063,1590.4692629208178,6108
14064,2128.868324581536,5766
14065,2498.2135623730646,7151
14066,1124.3544725075544,4825
14067,2174.5373721398446,6077
14068,1773.9911242215164,4951
14069,1364.5453813665656,4476
14070,2009.8561312727231,6373
14071,1835.9200564096511,6645
14072,1330.633693121134,4132
14073,1668.6530291048916,6377
14074,1481.658079738774,5818
14075,1702.2093782909958,6453
14076,1170.7808793787476,4003
14077,1678.7362902255772,7191
14078,1655.8956697920107,6705
14079,2086.6673144547635,6554
14080,1500.143361113013,5470
14081,1211.0651506262097,5401
14082,1770.2926394116812,6882
14083,1641.5403307326833,5622
14084,2004.1992770232307,6556
14085,2907.529362913065,7913
14086,2191.0520907656028,7750
14087,1964.8439379639028,6282
14088,1321.8763338082533,3866
14089,1236.5920625607912,5105
14090,1347.9179643685961,4231
14091,1569.854039231668,5232
14092,1837.7901140947401,4455
14093,2230.022653514078,5710
14094,1618.3860018001324,6971
14095,1666.7362902255772,6932
14096,1785.0621920333822,5778
14097,1557.2560594852212,3704
14098,979.8153672641529,4083
14099,2002.9566363361112,7651
14100,654.0538238691628,7680
14101,483.5979797464469,3157
14102,859.0832611206855,5601
14103,1156.296464556282,7780
14104,737.2253967444167,6956
14105,627.5979797464469,4475
14106,566.2842712474621,2183
14107,590.2842712474621,5464
14108,733.4558441227159,3996
14109,714.9827560572974,7190
14110,785.8406204335663,6377
14111,650.4264068711931,4552
14112,1477.740115370178,6555
14113,1064.9116882454318,7229
14114,1110.882250993909,4902
14115,688.870057685089,4573
14116,858.0832611206856,6609
14117,679.7695526217008,4812
14118,627.0121933088201,3732
14119,1068.3969696196702,7696
14120,370.3847763108504,2868
14121,1277.9116882454318,6553
14122,1143.8406204335663,6449
14123,826.7106781186551,5121
14124,564.597979746447,3516
14125,1175.3259018078047,6412
14126,1033.0832611206856,6319
14127,560.0416305603428,4717
14128,884.5685424949243,4384
14129,524.7695526217007,4327
14130,991.6690475583124,5495
14131,751.2132034355966,3914
14132,596.1126983722083,5655
14133,1448.5391052434013,7701
14134,580.6274169979697,3989
14135,1227.4264068711932,4530
14136,839.4974746830587,5764
14137,1453.1543289325512,6493
14138,540.0416305603428,3205
14139,1002.0538238691627,6950
14140,1316.1543289325512,6613
14141,1220.6396103067896,7775
14142,918.3259018078048,4981
14143,1275.4264068711932,7016
14144,483.6984848098352,4384
14145,646.2132034355966,2637
14146,1122.9827560572974,7164
14147,983.6396103067898,7589
14148,1672.4974746830587,5826
14149,1028.9827560572971,5471
14150,1045.8406204335663,5733
14151,509.2842712474621,2412
14152,1083.4974746830587,5903
14153,1013.4264068711932,5687
14154,883.2842712474621,4702
14155,1485.5391052434015,7505
14156,726.9116882454318,3858
14157,554.0416305603427,3147
14158,425.982756057297,4252
14159,1271.8822509939089,6500
14160,844.568542494924,5929
14161,878.6396103067898,6814
14162,673.2548339959394,4706
14163,890.3259018078047,5484
14164,1366.3675323681477,7791
14165,1318.568542494924,7443
14166,527.2132034355966,3828
14167,1216.8528137423862,4907
14168,727.8406204335663,4872
14169,872.3259018078049,5470
14170,1270.8528137423862,6289
14171,702.6274169979697,5031
14172,1276.8111831820436,6573
14173,637.7695526217008,5935
14174,651.4974746830587,5030
14175,788.5685424949243,7435
14176,812.0832611206855,3102
14177,1523.5685424949243,7464
14178,757.9827560572973,7127
14179,520.6984848098352,3792
14180,592.5269119345814,4652
14181,509.6274169979697,4858
14182,777.3969696196702,4908
14183,859.7401153701779,6555
14184,874.7989898732235,2329
14185,395.0832611206854,4683
14186,413.18376618407376,4354
14187,1605.752308678998,7797
14188,500.7989898732235,4317
14189,446.01219330882003,2644
14190,603.1126983722083,6075
14191,1694.2964645562822,8012
14192,798.9411254969546,4756
14193,867.0243866176402,8184
14194,523.5563491861042,4353
14195,593.3553390593277,3257
14196,578.7695526217008,6529
14197,609.2132034355966,1922
14198,462.74011537017793,5969
14199,856.8406204335663,6041
14200,146.95331880577402,1516
14201,67.38477631085021,418
14202,159.5807358037436,1979
14203,195.65180361560928,3930
14204,48.21320343559641,194
14205,35.899494936611674,131
14206,138.22539674441617,2512
14207,56.52691193458116,427
14208,161.1248916810279,1220
14209,131.2964645562816,1147
14210,46.21320343559642,240
14211,179.7523086789975,2643
14212,84.49747468305827,489
14213,131.88225099390849,888
14214,246.90663761154843,4778
14215,40.213203435596434,114
14216,107.74011537017755,1196
14217,170.02438661763966,2999
14218,50.79898987322331,259
14219,40.38477631085023,187
14220,27.656854249492383,54
14221,152.36753236814718,1416
14222,85.56854249492372,682
14223,119.56854249492373,1620
14224,181.58073580374366,2080
14225,133.9238815542511,2082
14226,85.52691193458115,610
14227,79.59797974644663,740
14228,153.12489168102786,2862
14229,111.39696961966992,719
14230,115.88225099390847,1169
14231,216.50966799187833,3035
14232,310.0487732352797,3580
14233,138.7106781186547,1776
14234,123.81118318204302,1904
14235,137.98275605729685,1263
14236,115.56854249492373,1005
14237,80.01219330881973,552
14238,140.50966799187805,1595
14239,108.18376618407355,431
14240,156.0538238691624,1274
14241,215.7228714274748,4835
14242,112.78174593052013,575
14243,136.5391052434009,2157
14244,119.2253967444161,1309
14245,161.65180361560914,2841
14246,136.0538238691623,1170
14247,173.61017305526656,1964
14248,80.32590180780446,403
14249,186.33809511662437,2612
14250,75.76955262170044,495
14251,84.39696961966995,866
14252,235.99494936611694,3521
14253,30.384776310850242,99
14254,78.76955262170044,665
14255,35.55634918610405,153
14256,110.29646455628156,569
14257,30.313708498984763,102
14258,134.15432893255064,1551
14259,236.3797256769672,1862
14260,258.39191898578713,3053
14261,60.28427124746189,421
14262,131.78174593052012,1461
14263,92.49747468305826,540
14264,259.42135623730996,4602
14265,30.213203435596434,145
14266,123.36753236814702,1591
14267,80.35533905932733,836
14268,128.6396103067892,1356
14269,48.21320343559641,255
14270,28.142135623730955,65
14271,71.87005768508878,709
14272,106.32590180780446,1248
14273,153.2964645562817,2796
14274,176.79393923934012,2215
14275,104.0538238691623,641
14276,119.81118318204302,819
14277,36.45584412271572,92
14278,123.811183182043,1879
14279,213.3797256769672,3495
14280,54.870057685088774,248
14281,81.59797974644661,912
14282,200.33809511662457,3141
14283,207.33809511662452,3930
14284,164.36753236814724,3113
14285,146.71067811865476,1183
14286,67.35533905932733,390
14287,99.91168824543138,840
14288,129.46803743153538,994
14289,27.798989873223338,55
14290,166.19595949289342,2456
14291,73.35533905932735,654
14292,143.02438661763952,1353
14293,75.59797974644663,696
14294,141.71067811865476,1788
14295,32.627416997969526,208
14296,174.20815280171323,2049
14297,19.313708498984763,44
14298,187.40916292848985,2022
14299,135.19595949289322,920
14300,82.49747468305829,602
14301,159.09545442950503,3114
14302,126.0832611206852,1373
14303,142.509667991878,1608
14304,179.16652224137061,2603
14305,95.25483399593898,700
14306,155.22539674441626,2585
14307,165.26702730475887,4730
14308,156.48023074035527,1871
14309,84.35533905932735,934
14310,112.63961030678921,2044
14311,116.56854249492372,2018
14312,120.29646455628158,1452
14313,121.12489168102776,932
14314,92.74011537017755,1373
14315,107.14213562373092,342
14316,119.66904755831206,1365
14317,78.254833995939,790
14318,168.9238815542512,2593
14319,149.02438661763952,3907
14320,150.36753236814718,3010
14321,114.35533905932735,246
14322,89.254833995939,1435
14323,182.5807358037437,3075
14324,110.95331880577395,1661
14325,117.0121933088197,3302
14326,182.16652224137056,5854
14327,132.95331880577396,2794
14328,146.46803743153546,3070
14329,105.94112549695426,572
14330,172.33809511662434,2869
14331,141.39696961967002,1991
14332,112.32590180780446,620
14333,123.08326112068518,2161
14334,108.98275605729683,590
14335,99.49747468305827,1478
14336,101.08326112068517,527
14337,147.02438661763944,1845
14338,127.05382386916229,2128
14339,123.87005768508878,381
14340,104.94112549695423,1255
14341,88.8406204335659,820
14342,120.88225099390847,1120
14343,93.91168824543138,1282
14344,110.56854249492372,1747
14345,85.59797974644664,792
14346,118.08326112068517,1423
14347,139.2964645562816,2227
14348,115.25483399593898,1662
14349,147.19595949289325,1963
14350,151.36753236814712,2182
14351,140.08326112068522,2444
14352,89.254833995939,919
14353,108.6396103067892,722
14354,110.5685424949237,1675
14355,100.15432893255064,1568
14356,153.0243866176395,4163
14357,125.98275605729683,1399
14358,135.01219330881975,1678
14359,138.08326112068525,1842
14360,101.01219330881969,892
14361,115.39696961966993,673
14362,113.811183182043,2564
14363,119.2253967444161,1816
14364,100.6690475583121,1587
14365,102.49747468305827,471
14366,117.87005768508878,588
14367,83.66904755831209,848
14368,103.4680374315354,1404
14369,109.05382386916229,906
14370,110.15432893255064,761
14371,132.2964645562816,2027
14372,159.50966799187813,4580
14373,141.08326112068528,1751
14374,84.08326112068518,839
14375,113.49747468305826,2148
14376,87.42640687119281,974
14377,142.1248916810278,2776
14378,88.69848480983498,578
14379,126.35533905932732,2354
14380,142.32590180780448,2993
14381,108.01219330881972,1331
14382,117.98275605729681,2121
14383,142.22539674441617,1785
14384,115.3969696196699,899
14385,111.56854249492375,969
14386,140.22539674441617,1576
14387,124.76955262170044,789
14388,144.02438661763946,2831
14389,134.4386001800125,1495
14390,94.52691193458115,1396
14391,88.91168824543136,959
14392,142.92388155425112,2385
14393,143.63961030678922,4986
14394,134.63961030678922,2257
14395,161.85281374238576,2506
14396,135.22539674441614,1942
14397,105.0416305603426,883
14398,169.02438661763955,3574
14399,117.08326112068517,2144
14400,91.98275605729684,757
14401,89.91168824543138,744
14402,174.1665222413706,2754
14403,134.46803743153538,1519
14404,115.6396103067892,1179
14405,162.36753236814718,1028
14406,112.56854249492373,1530
14407,129.61017305526633,1818
14408,135.6812408671318,2168
14409,104.05382386916229,1222
14410,132.95331880577396,1114
14411,145.7523086789974,3221
14412,144.8528137423857,2054
14413,122.02438661763941,1115
14414,150.33809511662426,3134
14415,91.91168824543136,1090
14416,122.4680374315354,1336
14417,130.19595949289325,1219
14418,122.19595949289321,1189
14419,138.85281374238565,1772
14420,168.06601717798225,2837
14421,85.91168824543136,636
14422,99.39696961966992,971
14423,97.08326112068518,1199
14424,83.39696961966993,458
14425,122.61017305526632,1164
14426,25.313708498984763,74
14427,155.50966799187813,2347
14428,150.92388155425118,2593
14429,93.74011537017756,672
14430,140.50966799187802,1321
14431,139.92388155425115,1186
14432,96.63961030678921,856
14433,87.15432893255065,697
14434,138.92388155425112,1831
14435,103.12489168102775,1202
14436,141.92388155425112,1463
14437,141.19595949289328,1484
14438,126.95331880577393,1711
14439,167.72287142747456,4308
14440,143.26702730475876,1702
14441,92.08326112068517,745
14442,165.75230867899745,3024
14443,92.98275605729683,759
14444,140.02438661763946,2270
14445,162.5807358037436,2976
14446,109.74011537017755,917
14447,98.32590180780444,727
14448,133.2964645562816,1480
14449,152.8528137423857,1668
14450,111.88225099390849,1473
14451,139.19595949289328,1910
14452,160.237590053236,2450
14453,106.46803743153538,1438
14454,141.02438661763944,1208
14455,125.36753236814704,1861
14456,140.92388155425115,2220
14457,152.92388155425118,2736
14458,90.81118318204302,480
14459,164.9238815542513,3389
14460,160.1665222413705,2106
14461,102.81118318204301,1429
14462,109.95331880577395,1013
14463,124.53910524340084,2054
14464,96.39696961966992,981
14465,144.43860018001257,2734
14466,150.33809511662432,2487
14467,185.0365799264595,2554
14468,129.8822509939085,1833
14469,152.43860018001263,2383
14470,166.72287142747462,4236
14471,109.81118318204301,1209
14472,136.61017305526633,1529
14473,135.3380951166242,1063
14474,143.16652224137044,1971
14475,225.0071426749368,6519
14476,173.13708498984772,2630
14477,127.43860018001249,2256
14478,151.92388155425124,1863
14479,83.49747468305829,729
14480,136.85281374238565,1462
14481,139.02438661763944,2217
14482,149.33809511662426,2162
14483,120.63961030678921,1602
14484,137.43860018001254,1969
14485,138.12489168102783,1840
14486,107.0538238691623,1616
14487,85.49747468305827,469
14488,154.58073580374358,1585
14489,156.40916292848976,2985
14490,104.98275605729683,934
14491,167.75230867899742,3418
14492,113.05382386916227,1838
14493,132.61017305526636,1623
14494,91.22539674441612,864
14495,118.53910524340084,1328
14496,147.33809511662426,2039
14497,205.86500705120574,5069
14498,159.50966799187816,1895
14499,160.1370849898477,3122
14500,105.49747468305827,1121
14501,102.18376618407352,573
14502,110.66904755831206,824
14503,94.49747468305827,874
14504,87.42640687119281,583
14505,92.56854249492376,1454
14506,79.69848480983497,1328
14507,73.28427124746187,478
14508,123.71067811865466,2177
14509,81.15432893255067,754
14510,84.15432893255064,599
14511,116.12489168102773,2410
14512,107.11269837220807,373
14513,126.68124086713179,1844
14514,96.32590180780446,909
14515,102.6101730552663,668
14516,173.55129855222083,2433
14517,88.91168824543138,1438
14518,87.11269837220807,603
14519,93.94112549695426,1357
14520,81.69848480983495,725
14521,135.1126983722081,1483
14522,144.40916292848974,1641
14523,90.56854249492375,1033
14524,155.09545442950503,1975
14525,95.76955262170041,1054
14526,131.92388155425107,1228
14527,130.63961030678922,1454
14528,116.71067811865464,1172
14529,81.94112549695426,1220
14530,106.91168824543135,754
14531,154.58073580374355,4033
14532,106.25483399593898,341
14533,143.33809511662415,1272
14534,120.78174593052013,1489
14535,84.91168824543136,753
14536,143.53910524340085,3761
14537,108.45584412271566,1219
14538,151.53910524340085,3590
14539,100.95331880577396,884
14540,122.4386001800125,1967
14541,126.33809511662416,1285
14542,87.22539674441612,784
14543,91.97056274847712,523
14544,148.40916292848976,1770
14545,135.56854249492378,1876
14546,122.11269837220806,2153
14547,108.45584412271566,829
14548,125.4386001800125,2049
14549,121.29646455628158,1265
14550,113.53910524340088,2366
14551,83.18376618407353,126
14552,102.12489168102775,231
14553,131.19595949289325,2943
14554,108.19595949289324,756
14555,107.28427124746187,874
14556,118.71067811865468,1071
14557,121.78174593052015,1150
14558,112.56854249492372,1046
14559,145.0954544295049,3206
14560,122.12489168102775,2568
14561,121.0538238691623,1543
14562,134.68124086713178,1060
14563,93.29646455628156,344
14564,112.98275605729684,1114
14565,131.61017305526633,1648
14566,103.08326112068518,777
14567,137.1543289325507,1596
14568,73.59797974644661,553
14569,101.11269837220806,613
14570,108.22539674441612,1378
14571,111.76955262170044,1704
14572,157.16652224137044,3403
14573,127.33809511662415,1043
14574,97.45584412271567,835
14575,153.5096679918781,3904
14576,118.42640687119281,956
14577,97.32590180780446,810
14578,106.31370849898475,363
14579,129.0121933088197,2352
14580,126.7989898732233,817
14581,93.11269837220809,661
14582,113.12489168102778,1639
14583,91.76955262170043,1045
14584,98.69848480983498,472
14585,88.62741699796949,565
14586,122.22539674441607,1069
14587,77.6690475583121,552
14588,127.87005768508877,551
14589,166.99494936611683,1868
14590,84.15432893255067,638
14591,156.095454429505,1760
14592,106.42640687119281,720
14593,120.76955262170044,777
14594,121.50966799187799,1378
14595,129.14213562373092,953
14596,150.35533905932738,2444
14597,116.53910524340084,778
14598,126.61017305526629,1056
14599,110.53910524340085,785
14600,149.69848480983495,3348
14601,101.7695526217004,822
14602,142.74011537017762,5702
14603,83.01219330881976,1723
14604,80.45584412271569,1333
14605,128.4558441227157,3095
14606,84.4558441227157,921
14607,96.21320343559643,968
14608,44.97056274847715,53
14609,136.0954544295049,1501
14610,145.66904755831206,2650
14611,95.6690475583121,877
14612,128.811183182043,704
14613,80.11269837220807,1163
14614,109.11269837220804,2321
14615,78.4974746830583,1492
14616,75.28427124746189,1987
14617,102.25483399593901,806
14618,109.81118318204301,915
14619,143.12489168102786,5485
14620,81.28427124746187,1008
14621,130.76955262170043,2604
14622,99.42640687119277,1355
14623,106.59797974644658,580
14624,114.32590180780446,2215
14625,128.5269119345811,1838
14626,93.04163056034257,1671
14627,76.21320343559643,716
14628,102.2670273047587,1589
14629,60.941125496954264,479
14630,69.14213562373092,1275
14631,100.53910524340087,1772
14632,90.0832611206852,1593
14633,121.42640687119277,1897
14634,84.42640687119282,453
14635,156.08326112068525,5022
14636,87.15432893255065,844
14637,67.94112549695423,154
14638,145.74011537017753,3167
14639,93.254833995939,1352
14640,74.87005768508877,1228
14641,90.8700576850888,886
14642,73.18376618407353,754
14643,160.81118318204315,6962
14644,98.81118318204304,1658
14645,124.45584412271566,2017
14646,108.81118318204301,3447
14647,137.48528137423858,1600
14648,132.0538238691623,2945
14649,113.0243866176394,2157
14650,117.35533905932736,632
14651,131.01219330881972,4862
14652,119.22539674441613,3358
14653,93.0538238691623,279
14654,120.46803743153536,2777
14655,107.08326112068518,1628
14656,89.4264068711928,1148
14657,64.35533905932733,316
14658,114.56854249492375,3655
14659,99.35533905932733,816
14660,225.21320343559648,3508
14661,155.98275605729702,3779
14662,93.08326112068521,1728
14663,102.74011537017755,1916
14664,93.66904755831212,1419
14665,119.79898987322329,4291
14666,83.28427124746187,364
14667,84.74011537017755,1641
14668,101.78174593052016,983
14669,140.39696961967002,4647
14670,168.66904755831212,3020
14671,94.81118318204301,1345
14672,111.04163056034261,2573
14673,94.56854249492375,1711
14674,120.91168824543132,3252
14675,104.46803743153541,3952
14676,69.01219330881975,834
14677,89.59797974644661,1217
14678,132.0243866176394,1161
14679,109.22539674441613,1719
14680,84.42640687119281,407
14681,84.08326112068517,528
14682,83.7989898732233,830
14683,98.76955262170046,2901
14684,72.7989898732233,656
14685,124.53910524340083,1062
14686,75.74011537017758,1418
14687,169.1543289325509,2248
14688,91.48528137423858,120
14689,76.38477631085021,1228
14690,96.87005768508877,814
14691,84.35533905932732,694
14692,68.01219330881972,260
14693,130.811183182043,2521
14694,84.69848480983498,680
14695,75.04163056034258,1163
14696,92.21320343559643,318
14697,145.71067811865467,1624
14698,152.61017305526627,2439
14699,81.08326112068517,1222
14700,149.5807358037435,3231
14701,176.2792206135788,936
14702,82.08326112068518,516
14703,93.97056274847714,1624
14704,113.61017305526633,862
14705,89.74011537017755,662
14706,122.1248916810277,2638
14707,173.6223663640864,1057
14708,81.254833995939,750
14709,121.95331880577396,1693
14710,172.9238815542513,5184
14711,180.16652224137044,2586
14712,123.4386001800125,623
14713,114.02438661763941,571
14714,106.42640687119281,1433
14715,134.37972567696676,1733
14716,146.1959594928933,5337
14717,183.5096679918781,3414
14718,113.66904755831206,1429
14719,134.68124086713175,920
14720,131.4264068711928,2360
14721,115.68124086713178,734
14722,128.12489168102775,1878
14723,146.5807358037435,2493
14724,135.3969696196699,2174
14725,120.55634918610404,545
14726,91.74011537017756,1322
14727,156.50966799187796,4199
14728,72.18376618407355,509
14729,101.56854249492375,590
14730,110.53910524340084,673
14731,139.066017177982,1670
14732,115.11269837220806,1158
14733,135.46803743153544,2919
14734,101.3969696196699,768
14735,94.42640687119281,788
14736,91.53910524340085,1550
14737,141.95331880577396,2976
14738,110.56854249492373,3071
14739,130.88225099390846,2667
14740,108.18376618407349,1836
14741,105.15432893255065,1212
14742,123.59797974644663,379
14743,92.56854249492373,802
14744,103.8406204335659,1300
14745,114.26702730475868,1880
14746,131.1543289325506,2277
14747,105.32590180780443,688
14748,97.94112549695424,1582
14749,132.7401153701775,5204
14750,89.63961030678921,893
14751,91.63961030678924,759
14752,91.66904755831207,189
14753,118.88225099390844,1180
14754,206.17871555019047,6892
14755,90.32590180780447,627
14756,93.32590180780448,603
14757,141.5807358037435,1000
14758,105.69848480983498,310
14759,107.78174593052015,209
14760,150.4507934888323,1763
14761,140.98275605729688,2811
14762,99.32590180780446,1977
14763,91.81118318204304,911
14764,168.91168824543144,1905
14765,143.59797974644658,3798
14766,143.6812408671318,1592
14767,115.15432893255064,1709
14768,110.45584412271572,385
14769,76.79898987322333,678
14770,118.29646455628158,1115
14771,129.74011537017756,2394
14772,146.95331880577402,3388
14773,140.08326112068522,4135
14774,124.81118318204301,1663
14775,118.78174593052016,3440
14776,113.16652224137032,1028
14777,125.95331880577393,3010
14778,80.14213562373095,927
14779,103.45584412271567,1743
14780,154.23759005323595,4094
14781,144.65685424949237,4825
14782,89.91168824543136,1478
14783,126.32590180780444,919
14784,84.91168824543138,439
14785,127.69848480983495,1949
14786,170.75230867899757,455
14787,90.32590180780448,888
14788,109.39696961966993,1283
14789,93.4680374315354,441
14790,140.3675323681471,3895
14791,132.43860018001254,714
14792,99.254833995939,1534
14793,98.8822509939085,1127
14794,168.35533905932732,6393
14795,92.0538238691623,984
14796,154.49747468305824,1142
14797,117.05382386916231,1880
14798,97.18376618407352,882
14799,72.46803743153541,75
14800,101.98275605729683,564
14801,87.81118318204304,861
14802,120.95331880577395,1398
14803,128.74011537017753,284
14804,72.94112549695427,190
14805,94.08326112068521,558
14806,85.25483399593898,863
14807,129.53910524340083,596
14808,103.02438661763941,228
14809,103.15432893255061,1158
14810,88.29646455628159,844
14811,60.455844122715675,331
14812,125.29646455628156,1295
14813,74.2132034355964,388
14814,108.08326112068518,451
14815,75.79898987322332,629
14816,81.52691193458114,438
14817,64.74011537017759,513
14818,124.26702730475867,1192
14819,174.23759005323612,2752
14820,114.35533905932732,857
14821,139.12489168102778,931
14822,149.22539674441623,1103
14823,110.56854249492372,1150
14824,70.32590180780447,140
14825,103.53910524340087,706
14826,129.61017305526627,503
14827,102.49747468305826,720
14828,89.76955262170043,509
14829,75.28427124746187,245
14830,81.81118318204302,748
14831,110.02438661763942,1585
14832,109.88225099390847,413
14833,82.74011537017755,1327
14834,156.0954544295049,1939
14835,225.07821048680216,2476
14836,133.2964645562816,1089
14837,210.5218613006981,1475
14838,82.0121933088197,898
14839,136.09545442950485,1634
14840,117.85281374238559,999
14841,127.63961030678917,1428
14842,72.69848480983497,1194
14843,63.55634918610404,206
14844,57.32590180780448,121
14845,100.46803743153536,1502
14846,110.4264068711928,1606
14847,81.0538238691623,697
14848,207.23759005323612,1934
14849,147.2964645562816,1805
14850,104.8406204335659,416
14851,84.22539674441612,1071
14852,103.39696961966992,1313
14853,173.0954544295051,2451
14854,117.15432893255067,1660
14855,67.52691193458116,153
14856,78.01219330881975,217
14857,62.04163056034261,816
14858,93.98275605729684,242
14859,68.18376618407355,154
14860,146.72287142747444,2274
14861,200.1370849898478,2185
14862,84.7989898732233,287
14863,66.01219330881972,158
14864,120.43860018001247,2195
14865,109.12489168102778,3531
14866,167.93607486307107,2662
14867,94.25483399593901,176
14868,102.36753236814704,1621
14869,100.0832611206852,675
14870,70.45584412271569,336
14871,115.26702730475867,921
14872,97.74011537017756,638
14873,83.71067811865467,521
14874,149.7817459305202,487
14875,134.68124086713183,1173
14876,174.23759005323598,1428
14877,87.72792206135784,253
14878,78.32590180780446,545
14879,115.12489168102778,1145
14880,76.08326112068521,310
14881,240.9482681718912,2894
14882,79.39696961966992,1037
14883,86.35533905932732,649
14884,140.02438661763952,3057
14885,174.3086578651016,5092
14886,75.74011537017756,915
14887,87.49747468305827,655
14888,99.94112549695423,399
14889,114.25483399593898,1022
14890,137.03657992645915,1718
14891,81.52691193458115,530
14892,84.35533905932735,1005
14893,67.76955262170046,165
14894,108.4386001800125,896
14895,197.8355697996829,3097
14896,102.66904755831206,1293
14897,81.81118318204305,1120
14898,136.95331880577393,941
14899,121.32590180780444,1880
14900,98.32590180780446,3256
14901,137.0538238691623,2869
14902,174.45584412271566,6174
14903,126.14213562373092,3199
14904,127.15432893255061,1051
14905,118.25483399593897,2012
14906,102.18376618407355,487
14907,102.35533905932732,530
14908,93.56854249492372,664
14909,199.01219330881992,9739
14910,141.33809511662415,645
14911,137.46803743153532,816
14912,83.08326112068517,387
14913,104.22539674441613,1125
14914,142.75230867899722,992
14915,119.56854249492373,3676
14916,114.71067811865466,2118
14917,112.94112549695429,2528
14918,130.66904755831206,3301
14919,162.16652224137053,2540
14920,155.23759005323595,4705
14921,148.76955262170043,801
14922,132.5979797464466,6850
14923,151.06601717798216,1293
14924,93.39696961966993,1613
14925,156.55634918610406,1487
14926,241.5391052434013,6085
14927,153.9533188057739,2360
14928,80.91168824543138,590
14929,135.4264068711928,1582
14930,121.66904755831207,3738
14931,77.74011537017755,164
14932,133.18376618407353,1606
14933,100.45584412271569,1349
14934,106.42640687119278,1027
14935,97.7989898732233,1087
14936,106.07106781186548,825
14937,131.76955262170043,1768
14938,130.94112549695421,2325
14939,126.26702730475868,3572
14940,162.1665222413705,702
14941,123.2253967444161,5379
14942,98.6690475583121,1377
14943,137.46803743153538,5061
14944,164.52691193458122,6091
14945,145.71067811865478,3571
14946,138.78174593052012,2581
14947,79.18376618407352,840
14948,102.4974746830583,501
14949,156.63961030678934,7201
14950,137.33809511662423,3118
14951,139.14213562373098,4572
14952,134.3969696196699,2791
14953,154.4680374315354,2524
14954,89.62741699796948,413
14955,149.6812408671318,3185
14956,134.05382386916227,1871
14957,144.0243866176394,1748
14958,92.49747468305827,524
14959,92.98275605729684,848
14960,136.63961030678917,5621
14961,183.49747468305824,8804
14962,168.66904755831212,724
14963,154.50966799187805,3006
14964,115.12489168102775,1371
14965,118.63961030678917,1415
14966,140.4264068711928,2373
14967,118.28427124746187,2738
14968,108.8406204335659,1434
14969,150.36753236814712,2244
14970,113.74011537017752,2840
14971,110.91168824543135,1202
14972,154.84062043356593,5756
14973,156.0365799264593,1521
14974,127.25483399593895,3455
14975,128.35533905932732,444
14976,107.14213562373095,727
14977,187.78174593052023,9383
14978,127.01219330881975,3142
14979,99.56854249492372,833
14980,107.56854249492372,1139
14981,84.52691193458114,1031
14982,127.94112549695424,4759
14983,103.98275605729684,977
14984,174.5807358037435,2138
14985,116.4264068711928,1848
14986,125.43860018001247,1599
14987,117.08326112068517,1774
14988,112.08326112068517,385
14989,160.99494936611677,3429
14990,96.78174593052016,1064
14991,122.6101730552663,974
14992,114.66904755831204,2213
14993,189.23759005323603,3068
14994,124.08326112068515,3907
14995,103.14213562373092,3263
14996,145.56854249492386,2368
14997,142.16652224137036,6771
14998,132.19595949289322,409
14999,131.8406204335659,1883
15000,1363.8052659963878,4066
15001,2058.4246737676467,6183
15002,996.2001435750032,3721
15003,2146.1820330805194,6648
15004,1927.9444430272913,6938
15005,1770.3342699720242,4081
15006,1688.8662325404882,7237
15007,2632.083620058145,7928
15008,2325.176982446622,7449
15009,2033.157646462888,5451
15010,1181.4671708797628,4369
15011,1575.8002153625052,6042
15012,1215.3788591251946,2385
15013,999.1290757631377,2545
15014,1879.8023074035602,6649
15015,1750.6652224137117,7106
15016,2117.4246737676413,7829
15017,1542.398195108952,5868
15018,2162.253100892384,5710
15019,2391.444009751374,7566
15020,2095.3119753954356,7131
15021,1206.0529573173897,5202
15022,2308.804399444594,8117
15023,1881.116015902545,5645
15024,757.9331162702438,2164
15025,1316.6753236814766,3831
15026,2254.951585702211,7599
15027,1228.7930726875677,5085
15028,2419.5323215059398,7479
15029,1188.6925676241794,3279
15030,1666.9667376038765,5599
15031,1875.518036156098,7267
15032,1623.581961293026,6021
15033,2482.5445148147537,6457
15034,1810.3464632808443,6538
15035,1618.7535341682799,8175
15036,1365.7047609329995,5169
15037,2272.3069247615354,6705
15038,1049.555482634331,3711
15039,1696.599205235729,7004
15040,1541.4865068635204,4677
15041,1259.8935777509557,4214
15042,1849.7190462828746,7473
15043,1288.4326829943573,2541
15044,1390.6164491784314,5208
15045,1527.9839815465791,5364
15046,1378.7463914933423,3741
15047,1404.8002153625052,4164
15048,1370.7880220536852,5258
15049,2592.5394641808607,7230
15050,1400.8590898655507,4674
15051,1830.3931444750694,4837
15052,1395.5870119269084,3602
15053,2296.6795077635647,6818
15054,2138.8683245815355,6302
15055,2943.4877323527185,7658
15056,1396.1900423072382,6128
15057,1932.961686969994,7100
15058,1586.4692629208178,3416
15059,1681.0794359760848,5483
15060,2264.1475451951064,7137
15061,1804.464212286935,5697
15062,1884.2753954689788,7152
15063,1613.4692629208178,6005
15064,1317.0773439350298,5202
15065,2371.6744571296717,6397
15066,1396.5626253092685,4282
15067,2458.657213186964,7282
15068,1674.7657274771,5916
15069,1267.7930726875677,5096
15070,1298.876333808253,5122
15071,1182.4793641885826,3366
15072,2564.6399692442556,7657
15073,2034.885568524246,6550
15074,1554.2560594852212,4511
15075,1528.9129137347136,5003
15076,1215.023520065867,4566
15077,1810.9911242215167,7010
15078,2027.6845583974693,6654
15079,2438.6450198781445,7235
15080,1634.2560594852212,5921
15081,1383.5331880577457,5741
15082,1407.5870119269084,4658
15083,1161.3666658163745,4107
15084,2648.965871052043,6828
15085,1266.7930726875677,5309
15086,2649.1374439273036,7803
15087,1554.6408357960715,6377
15088,1171.2245301926434,4561
15089,1335.6164491784314,3257
15090,1783.1332598452477,7177
15091,1524.515944115043,5218
15092,1316.7930726875677,2732
15093,1981.6307345283064,5609
15094,1826.7068529740545,6896
15095,1097.538238691628,1965
15096,1444.6164491784314,7096
15097,1377.2611101191037,6355
15098,1816.647978471009,6287
15099,1970.9860735876339,4615
15100,654.0538238691628,7680
15101,483.5979797464469,3157
15102,859.0832611206855,5601
15103,1156.296464556282,7780
15104,737.2253967444167,6956
15105,627.5979797464469,4475
15106,566.2842712474621,2183
15107,590.2842712474621,5464
15108,733.4558441227159,3996
15109,714.9827560572974,7190
15110,785.8406204335663,6377
15111,650.4264068711931,4552
15112,1477.740115370178,6555
15113,1064.9116882454318,7229
15114,1110.882250993909,4902
15115,688.870057685089,4573
15116,858.0832611206856,6609
15117,679.7695526217008,4812
15118,627.0121933088201,3732
15119,1068.3969696196702,7696
15120,370.3847763108504,2868
15121,1277.9116882454318,6553
15122,1143.8406204335663,6449
15123,826.7106781186551,5121
15124,564.597979746447,3516
15125,1175.3259018078047,6412
15126,1033.0832611206856,6319
15127,560.0416305603428,4717
15128,884.5685424949243,4384
15129,524.7695526217007,4327
15130,991.6690475583124,5495
15131,751.2132034355966,3914
15132,596.1126983722083,5655
15133,1448.5391052434013,7701
15134,580.6274169979697,3989
15135,1227.4264068711932,4530
15136,839.4974746830587,5764
15137,1453.1543289325512,6493
15138,540.0416305603428,3205
15139,1002.0538238691627,6950
15140,1316.1543289325512,6613
15141,1220.6396103067896,7775
15142,918.3259018078048,4981
15143,1275.4264068711932,7016
15144,483.6984848098352,4384
15145,646.2132034355966,2637
15146,1122.9827560572974,7164
15147,983.6396103067898,7589
15148,1672.4974746830587,5826
15149,1028.9827560572971,5471
15150,1045.8406204335663,5733
15151,509.2842712474621,2412
15152,1083.4974746830587,5903
15153,1013.4264068711932,5687
15154,883.2842712474621,4702
15155,1485.5391052434015,7505
15156,726.9116882454318,3858
15157,554.0416305603427,3147
15158,425.982756057297,4252
15159,1271.8822509939089,6500
15160,844.568542494924,5929
15161,878.6396103067898,6814
15162,673.2548339959394,4706
15163,890.3259018078047,5484
15164,1366.3675323681477,7791
15165,1318.568542494924,7443
15166,527.2132034355966,3828
15167,1216.8528137423862,4907
15168,727.8406204335663,4872
15169,872.3259018078049,5470
15170,1270.8528137423862,6289
15171,702.6274169979697,5031
15172,1276.8111831820436,6573
15173,637.7695526217008,5935
15174,651.4974746830587,5030
15175,788.5685424949243,7435
15176,812.0832611206855,3102
15177,1523.5685424949243,7464
15178,757.9827560572973,7127
15179,520.6984848098352,3792
15180,592.5269119345814,4652
15181,509.6274169979697,4858
15182,777.3969696196702,4908
15183,859.7401153701779,6555
15184,874.7989898732235,2329
15185,395.0832611206854,4683
15186,413.18376618407376,4354
15187,1605.752308678998,7797
15188,500.7989898732235,4317
15189,446.01219330882003,2644
15190,603.1126983722083,6075
15191,1694.2964645562822,8012
15192,798.9411254969546,4756
15193,867.0243866176402,8184
15194,523.5563491861042,4353
15195,593.3553390593277,3257
15196,578.7695526217008,6529
15197,609.2132034355966,1922
15198,462.74011537017793,5969
15199,856.8406204335663,6041
15200,146.95331880577402,1516
15201,67.38477631085021,418
15202,159.5807358037436,1979
15203,195.65180361560928,3930
15204,48.21320343559641,194
15205,35.899494936611674,131
15206,138.22539674441617,2512
15207,56.52691193458116,427
15208,161.1248916810279,1220
15209,131.2964645562816,1147
15210,46.21320343559642,240
15211,179.7523086789975,2643
15212,84.49747468305827,489
15213,131.88225099390849,888
15214,246.90663761154843,4778
15215,40.213203435596434,114
15216,107.74011537017755,1196
15217,170.02438661763966,2999
15218,50.79898987322331,259
15219,40.38477631085023,187
15220,27.656854249492383,54
15221,152.36753236814718,1416
15222,85.56854249492372,682
15223,119.56854249492373,1620
15224,181.58073580374366,2080
15225,133.9238815542511,2082
15226,85.52691193458115,610
15227,79.59797974644663,740
15228,153.12489168102786,2862
15229,111.39696961966992,719
15230,115.88225099390847,1169
15231,216.50966799187833,3035
15232,310.0487732352797,3580
15233,138.7106781186547,1776
15234,123.81118318204302,1904
15235,137.98275605729685,1263
15236,115.56854249492373,1005
15237,80.01219330881973,552
15238,140.50966799187805,1595
15239,108.18376618407355,431
15240,156.0538238691624,1274
15241,215.7228714274748,4835
15242,112.78174593052013,575
15243,136.5391052434009,2157
15244,119.2253967444161,1309
15245,161.65180361560914,2841
15246,136.0538238691623,1170
15247,173.61017305526656,1964
15248,80.32590180780446,403
15249,186.33809511662437,2612
15250,75.76955262170044,495
15251,84.39696961966995,866
15252,235.99494936611694,3521
15253,30.384776310850242,99
15254,78.76955262170044,665
15255,35.55634918610405,153
15256,110.29646455628156,569
15257,30.313708498984763,102
15258,134.15432893255064,1551
15259,236.3797256769672,1862
15260,258.39191898578713,3053
15261,60.28427124746189,421
15262,131.78174593052012,1461
15263,92.49747468305826,540
15264,259.42135623730996,4602
15265,30.213203435596434,145
15266,123.36753236814702,1591
15267,80.35533905932733,836
15268,128.6396103067892,1356
15269,48.21320343559641,255
15270,28.142135623730955,65
15271,71.87005768508878,709
15272,106.32590180780446,1248
15273,153.2964645562817,2796
15274,176.79393923934012,2215
15275,104.0538238691623,641
15276,119.81118318204302,819
15277,36.45584412271572,92
15278,123.811183182043,1879
15279,213.3797256769672,3495
15280,54.870057685088774,248
15281,81.59797974644661,912
15282,200.33809511662457,3141
15283,207.33809511662452,3930
15284,164.36753236814724,3113
15285,146.71067811865476,1183
15286,67.35533905932733,390
15287,99.91168824543138,840
15288,129.46803743153538,994
15289,27.798989873223338,55
15290,166.19595949289342,2456
15291,73.35533905932735,654
15292,143.02438661763952,1353
15293,75.59797974644663,696
15294,141.71067811865476,1788
15295,32.627416997969526,208
15296,174.20815280171323,2049
15297,19.313708498984763,44
15298,187.40916292848985,2022
15299,135.19595949289322,920
15300,177.78174593052034,5973
15301,109.32590180780446,1811
15302,113.39696961966993,2587
15303,159.78174593052023,3597
15304,81.254833995939,693
15305,114.56854249492373,1166
15306,121.32590180780444,1530
15307,123.811183182043,2030
15308,163.33809511662432,2582
15309,119.18376618407352,1333
15310,151.2253967444162,2324
15311,136.63961030678925,990
15312,102.22539674441612,747
15313,149.02438661763946,3310
15314,80.49747468305827,457
15315,146.78174593052017,4558
15316,143.81118318204312,2031
15317,136.4680374315354,1969
15318,127.36753236814701,2306
15319,101.08326112068517,930
15320,129.88225099390849,1559
15321,98.39696961966992,714
15322,131.56854249492378,2086
15323,103.81118318204301,1199
15324,133.15432893255064,3524
15325,102.91168824543134,491
15326,132.953318805774,1905
15327,90.08326112068518,948
15328,110.81118318204301,1701
15329,159.26702730475878,3892
15330,112.29646455628158,1332
15331,136.87005768508877,2560
15332,138.05382386916227,2632
15333,111.42640687119278,602
15334,140.95331880577405,2961
15335,116.15432893255061,1343
15336,144.43860018001254,1853
15337,122.49747468305826,1562
15338,112.84062043356589,2483
15339,153.53910524340097,2615
15340,105.91168824543138,1973
15341,150.78174593052023,3448
15342,150.7817459305203,2596
15343,112.15432893255064,1232
15344,126.74011537017755,2046
15345,159.88225099390857,3104
15346,124.32590180780443,2042
15347,161.78174593052026,3751
15348,118.4264068711928,2955
15349,163.16652224137044,2341
15350,126.68124086713179,1610
15351,136.78174593052017,2855
15352,146.7401153701776,2910
15353,184.26702730475887,4619
15354,98.74011537017755,992
15355,120.71067811865466,2510
15356,107.74011537017755,789
15357,124.76955262170043,2043
15358,132.32590180780446,1616
15359,128.22539674441612,1944
15360,107.32590180780446,944
15361,123.81118318204302,1333
15362,159.78174593052023,5600
15363,148.15432893255078,2199
15364,141.5391052434009,2228
15365,122.12489168102775,1545
15366,139.12489168102778,2516
15367,99.11269837220809,1518
15368,121.11269837220806,810
15369,129.19595949289322,1733
15370,129.61017305526633,1978
15371,137.59797974644664,1854
15372,124.18376618407352,1406
15373,89.74011537017756,539
15374,137.3259018078045,1313
15375,121.66904755831209,945
15376,83.66904755831209,977
15377,133.18376618407353,2040
15378,105.52691193458114,1454
15379,81.76955262170043,750
15380,163.09545442950505,2612
15381,119.1837661840735,1572
15382,81.0121933088197,529
15383,87.87005768508878,872
15384,143.26702730475878,1397
15385,129.95331880577393,2875
15386,147.0538238691624,3096
15387,136.95331880577396,1744
15388,102.81118318204302,986
15389,117.05382386916229,1716
15390,99.4680374315354,849
15391,140.88225099390854,2984
15392,152.5807358037436,1195
15393,122.91168824543135,2371
15394,77.31370849898477,711
15395,152.12489168102775,2551
15396,135.36753236814707,1568
15397,131.05382386916227,2018
15398,166.58073580374358,4488
15399,144.39696961966993,2306
15400,106.63961030678921,1585
15401,121.53910524340085,1393
15402,121.39696961966992,1048
15403,104.2253967444161,1090
15404,145.99494936611666,2664
15405,106.12489168102775,961
15406,110.36753236814704,1117
15407,143.75230867899734,2672
15408,149.16652224137044,1802
15409,139.68124086713186,2298
15410,150.095454429505,1501
15411,113.46803743153538,860
15412,138.68124086713183,2281
15413,133.53910524340088,1654
15414,106.63961030678918,1449
15415,130.68124086713178,1623
15416,88.98275605729683,743
15417,155.30865786510148,1772
15418,186.3086578651016,3089
15419,95.74011537017756,796
15420,138.0243866176395,3141
15421,176.65180361560914,2630
15422,136.63961030678922,1500
15423,140.02438661763946,2228
15424,133.68124086713178,1833
15425,140.26702730475876,1890
15426,140.02438661763946,1692
15427,145.09545442950494,1672
15428,113.2253967444161,878
15429,134.2670273047587,1725
15430,146.2670273047588,1678
15431,104.81118318204301,1215
15432,151.26702730475887,2432
15433,140.6101730552664,2011
15434,147.9949493661166,1211
15435,143.26702730475876,2368
15436,148.6812408671319,1672
15437,117.4680374315354,1555
15438,165.40916292848982,2602
15439,135.1665222413704,1873
15440,184.62236636408636,3295
15441,123.36753236814704,1217
15442,123.53910524340084,1622
15443,103.88225099390847,1394
15444,192.20815280171325,3446
15445,101.2253967444161,1085
15446,189.99494936611686,4244
15447,137.19595949289328,1684
15448,141.1665222413704,911
15449,157.5807358037436,1971
15450,169.40916292848982,2787
15451,132.16652224137033,1510
15452,119.02438661763941,1129
15453,95.12489168102776,1119
15454,160.9949493661167,2828
15455,163.1665222413706,3282
15456,85.74011537017755,488
15457,114.12489168102775,1365
15458,138.85281374238568,2032
15459,153.1665222413705,2268
15460,87.66904755831209,874
15461,117.71067811865466,1096
15462,100.15432893255064,987
15463,136.7106781186547,1467
15464,127.71067811865466,1504
15465,115.29646455628156,822
15466,135.85281374238565,1480
15467,170.6518036156091,2146
15468,138.36753236814712,1180
15469,146.58073580374355,1955
15470,156.4091629284898,2099
15471,111.15432893255065,667
15472,90.74011537017755,594
15473,99.81118318204302,1015
15474,125.78174593052012,1403
15475,126.78174593052013,1827
15476,116.71067811865467,1224
15477,147.50966799187805,1831
15478,99.88225099390849,601
15479,158.23759005323598,1747
15480,190.3086578651016,3959
15481,121.29646455628156,1583
15482,119.02438661763941,1644
15483,127.85281374238559,1905
15484,139.09545442950494,1847
15485,158.09545442950508,2542
15486,78.6690475583121,525
15487,145.26702730475878,2090
15488,116.95331880577393,1521
15489,129.8528137423856,2239
15490,109.53910524340085,1227
15491,161.68124086713192,2553
15492,127.50966799187796,2188
15493,116.71067811865467,1276
15494,135.36753236814707,1377
15495,142.8233764908628,2202
15496,130.36753236814704,1517
15497,127.78174593052012,1488
15498,107.12489168102775,933
15499,97.32590180780446,1199
15500,99.18376618407353,1381
15501,124.53910524340087,2202
15502,113.12489168102776,1055
15503,124.56854249492372,2179
15504,87.32590180780444,198
15505,97.1837661840735,894
15506,82.35533905932735,722
15507,112.46803743153535,1294
15508,96.6274169979695,263
15509,102.56854249492373,168
15510,107.91168824543136,458
15511,173.82337649086284,7986
15512,136.43860018001254,1357
15513,151.8233764908628,1551
15514,115.78174593052012,667
15515,73.52691193458116,363
15516,82.15432893255065,874
15517,145.78174593052015,1857
15518,157.6223663640862,2351
15519,104.84062043356589,990
15520,84.81118318204302,670
15521,132.28427124746187,1014
15522,142.19595949289328,714
15523,102.71067811865468,1678
15524,115.26702730475867,671
15525,121.29646455628156,3278
15526,101.08326112068518,1037
15527,30.142135623730955,176
15528,122.46803743153538,1199
15529,115.4386001800125,511
15530,73.49747468305829,598
15531,149.85281374238565,1392
15532,128.33809511662412,753
15533,82.42640687119281,576
15534,98.12489168102776,656
15535,136.08326112068517,1169
15536,105.95331880577393,951
15537,136.56854249492375,2485
15538,137.63961030678922,1969
15539,81.55634918610404,188
15540,117.11269837220806,1704
15541,160.20815280171308,2028
15542,112.02438661763942,1133
15543,155.12489168102792,3072
15544,99.4974746830583,847
15545,112.53910524340084,1110
15546,127.01219330881968,1110
15547,131.46803743153538,932
15548,95.84062043356592,1473
15549,133.09545442950485,998
15550,138.16652224137042,1835
15551,84.11269837220804,1241
15552,124.12489168102775,1179
15553,77.6274169979695,727
15554,151.43860018001254,956
15555,115.84062043356592,590
15556,114.02438661763942,917
15557,129.25483399593895,1311
15558,109.84062043356592,944
15559,111.11269837220804,1971
15560,162.095454429505,4343
15561,75.52691193458116,375
15562,132.0416305603426,896
15563,120.49747468305823,1199
15564,159.2964645562817,1632
15565,175.79393923934018,1942
15566,108.6274169979695,869
15567,89.46803743153541,745
15568,152.5391052434009,2982
15569,109.56854249492373,1843
15570,105.4680374315354,1180
15571,93.78174593052015,557
15572,131.6690475583121,1796
15573,101.63961030678922,1360
15574,113.88225099390846,1070
15575,108.66904755831206,873
15576,109.78174593052015,1704
15577,118.91168824543136,1341
15578,92.4558441227157,2438
15579,119.36753236814701,766
15580,142.81118318204307,3110
15581,106.95331880577395,705
15582,115.28427124746185,1754
15583,82.87005768508878,752
15584,92.04163056034257,1180
15585,153.0538238691624,1759
15586,108.15432893255064,1071
15587,106.98275605729684,1403
15588,92.45584412271567,1080
15589,138.3086578651013,630
15590,172.61017305526644,2575
15591,149.46803743153544,1480
15592,119.63961030678922,1627
15593,144.9116882454314,3188
15594,115.74011537017752,1762
15595,133.40916292848962,1032
15596,125.94112549695421,2976
15597,104.19595949289321,828
15598,132.42640687119282,726
15599,89.42640687119282,1567
15600,101.98275605729684,1083
15601,77.35533905932738,679
15602,149.19595949289317,5331
15603,92.04163056034263,2034
15604,81.4264068711928,1102
15605,89.76955262170044,1562
15606,91.9116882454314,1877
15607,68.6690475583121,896
15608,57.52691193458117,515
15609,85.79898987322333,2047
15610,139.19595949289322,1167
15611,115.84062043356592,2083
15612,132.91168824543138,1835
15613,111.49747468305829,1340
15614,135.811183182043,3143
15615,65.38477631085024,561
15616,118.94112549695427,3287
15617,86.11269837220804,485
15618,103.72792206135784,1377
15619,117.9827560572968,846
15620,110.8528137423856,2057
15621,107.2132034355964,2238
15622,91.84062043356586,1328
15623,119.22539674441613,2064
15624,79.87005768508878,1517
15625,125.01219330881972,4003
15626,96.2253967444161,650
15627,114.32590180780447,1608
15628,68.35533905932736,316
15629,149.23759005323583,1124
15630,108.61017305526632,2903
15631,131.22539674441612,2206
15632,110.56854249492369,1988
15633,148.68124086713186,6051
15634,88.79898987322332,524
15635,89.7106781186547,2269
15636,148.46803743153538,2885
15637,126.62741699796949,3357
15638,122.97056274847712,1667
15639,203.1543289325509,6660
15640,187.4680374315355,6345
15641,208.82337649086298,4899
15642,99.0538238691623,399
15643,161.59797974644675,5159
15644,100.45584412271569,482
15645,89.0121933088197,1301
15646,91.97056274847711,1870
15647,84.8700576850888,1669
15648,149.26702730475887,2635
15649,172.3380951166245,5030
15650,98.88225099390847,735
15651,127.26702730475868,1364
15652,103.91168824543138,3020
15653,128.52691193458116,2438
15654,66.31370849898477,122
15655,134.97056274847714,3176
15656,106.1543289325506,1464
15657,106.4264068711928,823
15658,95.35533905932732,1896
15659,128.76955262170043,1338
15660,95.22539674441613,1364
15661,104.94112549695423,1450
15662,105.4974746830583,819
15663,84.94112549695423,964
15664,119.55634918610401,2949
15665,73.69848480983498,332
15666,71.56854249492376,992
15667,98.65685424949238,254
15668,109.04163056034258,523
15669,117.28427124746189,2158
15670,105.72792206135784,1065
15671,58.91168824543139,1452
15672,67.18376618407356,943
15673,81.74011537017756,1665
15674,98.46803743153538,789
15675,134.4386001800125,2636
15676,111.15432893255061,2133
15677,152.4213562373095,4139
15678,60.18376618407354,592
15679,89.18376618407355,2013
15680,190.97770542341388,5469
15681,96.8822509939085,1594
15682,69.4558441227157,907
15683,92.98275605729684,2359
15684,93.15432893255067,1517
15685,132.95331880577396,2081
15686,125.63961030678922,2254
15687,76.6690475583121,634
15688,90.69848480983498,1758
15689,108.63961030678922,1162
15690,109.98275605729681,917
15691,86.76955262170043,1402
15692,63.52691193458119,1046
15693,120.25483399593898,1183
15694,95.49747468305829,2016
15695,160.88225099390846,5839
15696,89.21320343559641,2113
15697,70.62741699796952,395
15698,118.6396103067892,687
15699,52.14213562373093,297
15700,107.98275605729685,2101
15701,182.4680374315356,2885
15702,88.32590180780444,388
15703,124.78174593052015,3084
15704,155.89444430272843,1719
15705,103.26702730475871,1590
15706,140.50966799187808,5425
15707,131.75230867899725,1469
15708,138.23759005323586,1304
15709,97.71067811865467,490
15710,123.6396103067892,2457
15711,114.53910524340087,498
15712,160.15432893255075,4561
15713,115.12489168102778,687
15714,127.29646455628156,2293
15715,155.20815280171297,785
15716,90.08326112068517,218
15717,110.36753236814702,524
15718,125.8822509939085,1020
15719,95.19595949289324,1025
15720,122.58073580374345,5090
15721,117.63961030678922,272
15722,103.53910524340085,2956
15723,144.84062043356585,2757
15724,106.02438661763941,368
15725,163.40916292848974,2476
15726,84.39696961966993,955
15727,89.6690475583121,326
15728,146.56854249492386,2304
15729,117.11269837220806,1517
15730,200.23759005323637,5377
15731,136.01219330881972,1015
15732,224.59292911256384,4678
15733,92.8528137423856,851
15734,106.56854249492373,1453
15735,128.94112549695421,976
15736,104.46803743153535,827
15737,86.79898987322332,308
15738,157.4386001800126,2928
15739,140.88225099390846,1172
15740,158.12489168102783,5187
15741,138.88225099390849,1667
15742,188.49747468305827,4730
15743,164.30865786510154,4470
15744,117.45584412271566,1265
15745,92.66904755831209,1192
15746,101.45584412271567,1210
15747,134.78174593052015,1728
15748,128.5685424949237,1522
15749,120.59797974644664,936
15750,169.7817459305203,5400
15751,141.55129855222063,831
15752,116.84062043356592,2050
15753,86.25483399593901,344
15754,122.12489168102773,847
15755,124.95331880577396,1060
15756,135.12489168102775,1355
15757,139.43860018001257,3418
15758,144.16652224137042,2946
15759,102.25483399593898,1433
15760,137.02438661763938,1686
15761,101.4264068711928,849
15762,136.32590180780443,2570
15763,168.2375900532359,2254
15764,143.6812408671319,579
15765,82.74011537017755,1010
15766,118.49747468305826,1495
15767,179.36753236814718,2945
15768,130.98275605729683,1297
15769,99.49747468305826,947
15770,158.8650070512054,1785
15771,147.9827560572968,4041
15772,103.12489168102778,2140
15773,123.88225099390846,1210
15774,155.75230867899734,2199
15775,70.55634918610403,324
15776,192.0954544295052,2169
15777,112.71067811865464,1040
15778,105.81118318204301,1590
15779,88.91168824543139,1076
15780,134.8822509939085,1323
15781,119.31370849898475,511
15782,106.2670273047587,157
15783,143.367532368147,367
15784,115.56854249492375,3013
15785,122.98275605729683,1435
15786,135.8233764908627,2185
15787,79.45584412271569,449
15788,139.68124086713178,979
15789,101.01219330881972,347
15790,105.71067811865467,666
15791,114.25483399593901,1007
15792,149.09545442950497,3697
15793,135.39696961966996,913
15794,133.88225099390849,1988
15795,167.89444430272846,2305
15796,93.3969696196699,430
15797,124.49747468305829,511
15798,79.62741699796949,544
15799,115.39696961966993,1585
15800,61.254833995939016,128
15801,71.38477631085021,1119
15802,201.72287142747473,1739
15803,58.627416997969505,194
15804,121.7817459305201,1365
15805,181.3380951166244,2132
15806,97.15432893255064,725
15807,112.71067811865467,575
15808,86.4680374315354,200
15809,63.35533905932735,433
15810,77.2132034355964,556
15811,69.4974746830583,380
15812,91.32590180780446,474
15813,93.56854249492372,1195
15814,107.39696961966992,1495
15815,99.91168824543136,519
15816,114.42640687119278,2222
15817,55.384776310850214,380
15818,274.7766952966374,2439
15819,199.4802307403554,1743
15820,93.49747468305826,622
15821,65.76955262170046,582
15822,192.76450198781745,3309
15823,80.76955262170047,317
15824,76.91168824543138,231
15825,72.91168824543139,606
15826,123.02438661763941,846
15827,51.698484809834994,362
15828,66.6690475583121,705
15829,46.8700576850888,134
15830,179.55129855222086,3380
15831,61.08326112068521,436
15832,75.66904755831212,324
15833,86.32590180780444,265
15834,74.6690475583121,305
15835,70.84062043356592,836
15836,140.72287142747442,1553
15837,80.42640687119281,1309
15838,126.61017305526629,973
15839,151.26702730475878,1905
15840,138.3797256769668,2363
15841,78.49747468305826,274
15842,81.46803743153541,889
15843,84.53910524340087,480
15844,82.74011537017758,867
15845,117.63961030678918,2278
15846,120.19595949289322,2362
15847,80.01219330881973,739
15848,102.05382386916227,1160
15849,196.09545442950508,2619
15850,60.18376618407354,172
15851,85.94112549695427,358
15852,89.04163056034258,566
15853,120.58073580374344,876
15854,47.11269837220808,84
15855,113.29646455628158,1016
15856,40.213203435596434,71
15857,97.53910524340084,341
15858,108.254833995939,1426
15859,71.01219330881973,444
15860,157.65180361560908,2341
15861,87.32590180780447,949
15862,121.92388155425105,400
15863,73.4974746830583,161
15864,117.254833995939,996
15865,109.91168824543136,1251
15866,62.01219330881973,860
15867,86.32590180780446,1201
15868,144.2375900532359,1782
15869,175.43860018001266,1963
15870,120.71067811865468,2038
15871,93.2964645562816,790
15872,125.12489168102773,831
15873,80.53910524340087,439
15874,99.05382386916231,1242
15875,59.04163056034261,537
15876,132.53910524340083,1423
15877,85.4974746830583,740
15878,117.29646455628156,1417
15879,81.8822509939085,707
15880,134.85281374238562,2521
15881,78.01219330881972,1375
15882,95.18376618407352,443
15883,70.8406204335659,510
15884,62.941125496954264,374
15885,112.63961030678924,2098
15886,91.43860018001251,804
15887,97.39696961966992,2052
15888,68.72792206135784,1301
15889,78.35533905932736,483
15890,127.32590180780448,948
15891,149.48023074035524,3038
15892,150.3675323681472,2374
15893,64.11269837220807,1004
15894,219.46298679765246,2941
15895,81.74011537017755,1145
15896,54.94112549695426,740
15897,74.97056274847714,524
15898,137.29646455628156,1087
15899,80.46803743153541,375
15900,91.01219330881969,1044
15901,113.69848480983497,788
15902,95.2253967444161,178
15903,113.42640687119278,2070
15904,160.08326112068525,4705
15905,107.32590180780443,356
15906,164.22539674441612,3805
15907,133.4264068711928,2522
15908,133.37972567696676,478
15909,122.08326112068514,2828
15910,129.76955262170043,1264
15911,135.71067811865476,3763
15912,152.02438661763938,1449
15913,119.01219330881972,547
15914,115.76955262170044,735
15915,205.86500705120577,6376
15916,113.12489168102776,1398
15917,150.35533905932743,5853
15918,113.4386001800125,741
15919,118.0416305603426,2317
15920,138.0243866176394,1921
15921,158.63961030678925,5036
15922,88.35533905932733,581
15923,171.58073580374378,1317
15924,211.6396103067895,5396
15925,171.681240867132,3841
15926,106.18376618407355,1166
15927,127.5979797464466,1289
15928,113.49747468305831,4563
15929,139.15432893255067,3393
15930,148.63961030678917,6890
15931,140.71067811865467,4592
15932,130.11269837220806,943
15933,130.62236636408602,4377
15934,127.4264068711928,2711
15935,116.15432893255063,3165
15936,84.69848480983494,542
15937,219.8528137423861,3910
15938,128.32590180780446,2351
15939,95.32590180780447,841
15940,128.52691193458114,463
15941,176.76955262170057,5690
15942,111.66904755831213,2022
15943,145.09545442950488,3023
15944,150.81118318204312,4572
15945,116.46803743153538,2587
15946,93.69848480983494,1292
15947,86.08326112068515,338
15948,96.56854249492373,1069
15949,114.52691193458112,389
15950,109.49747468305824,368
15951,125.85281374238559,1630
15952,162.23759005323592,5441
15953,97.84062043356587,1025
15954,90.32590180780448,1008
15955,106.36753236814707,970
15956,91.1837661840735,528
15957,80.6690475583121,448
15958,141.99494936611663,3683
15959,112.11269837220806,2321
15960,131.88225099390849,1068
15961,106.14213562373095,445
15962,132.9705627484771,1625
15963,104.21320343559641,578
15964,169.43860018001266,1733
15965,122.0243866176394,2861
15966,141.68124086713178,758
15967,108.63961030678924,1100
15968,90.18376618407352,1404
15969,137.15432893255064,3362
15970,95.94112549695421,1669
15971,150.92388155425107,3384
15972,99.08326112068518,1174
15973,128.35533905932735,468
15974,135.56854249492375,1358
15975,146.92388155425118,4541
15976,163.42640687119288,5639
15977,139.58073580374344,1886
15978,141.6812408671319,3937
15979,152.18376618407353,4829
15980,139.63961030678917,2320
15981,96.98275605729684,1276
15982,148.23759005323583,2592
15983,85.01219330881973,719
15984,102.8700576850888,2042
15985,95.811183182043,453
15986,89.49747468305827,839
15987,95.11269837220806,1148
15988,170.42640687119282,2154
15989,113.8528137423856,903
15990,167.43860018001251,1245
15991,135.53910524340085,2898
15992,113.74011537017753,1071
15993,115.33809511662415,3443
15994,75.66904755831209,702
15995,78.18376618407352,486
15996,118.19595949289324,3549
15997,131.8528137423856,2518
15998,136.02438661763938,496
15999,165.85281374238568,2669
16000,1131.567675943151,3246
16001,2345.118107943573,6190
16002,1719.155554421833,6608
16003,1121.8813844421359,4527
16004,2395.9465350683145,8010
16005,2278.2652942011923,7420
16006,2049.512985522216,7661
16007,2143.7383822666243,7332
16008,1654.3393206059068,5528
16009,2179.637877203232,6591
16010,1883.1332598452477,6832
16011,1863.7484835343973,7936
16012,2211.5373721398396,7932
16013,1516.3860018001321,4729
16014,2090.3536059557787,5704
16015,1130.8519471906131,4297
16016,1477.6164491784314,7259
16017,1682.8246019801454,5444
16018,2083.4835482706903,6128
16019,1130.6387437550168,3591
16020,1608.3809511662496,6811
16021,1246.6509370638366,2069
16022,2231.105914634764,7668
16023,1947.5007922133955,7608
16024,2106.1525958290017,7299
16025,2992.298915534759,7655
16026,2165.110965268651,5829
16027,1311.1189744953726,3589
16028,2189.240907583561,7966
16029,1371.1311678041925,4664
16030,1798.7068529740543,5198
16031,1739.2093782909956,7152
16032,1211.9646455628215,4964
16033,2039.4124804588273,7778
16034,2165.110965268651,7415
16035,1667.9961748553994,7439
16036,1969.116015902545,5079
16037,874.5483399593934,3304
16038,1649.6946596652344,6288
16039,1317.4326829943575,2864
16040,1809.3464632808443,6030
16041,1022.3717164502572,5073
16042,1012.9991334482268,4471
16043,2139.253100892386,7894
16044,1484.0012254892818,5897
16045,1151.739248818405,3317
16046,1039.7686860699275,3439
16047,1954.3586565896644,5751
16048,998.5727265770337,2200
16049,3220.6248173425474,7873
16050,1322.7463914933423,5203
16051,1280.1606050557155,5623
16052,2007.2287142747534,6900
16053,1537.3271272970867,6281
16054,2240.8338366961207,5827
16055,1997.9982668964542,5609
16056,1674.1849916733556,6099
16057,1630.8540392316681,6699
16058,1445.7880220536852,3739
16059,2519.2429996245887,7621
16060,2149.4124804588187,6880
16061,1838.375900532367,4871
16062,2268.365799264582,7850
16063,1873.6307345283062,7811
16064,2387.3018741276437,7643
16065,2719.179074487645,7385
16066,1862.1332598452475,5831
16067,1676.7362902255772,3661
16068,1860.660171779829,4266
16069,957.075251893975,3812
16070,2000.6723650886493,6719
16071,1545.3098833543838,5360
16072,2085.4835482706894,7030
16073,1333.633693121134,4946
16074,1546.155554421833,6258
16075,1253.3788591251946,3000
16076,2016.1404025201853,6484
16077,1880.4591616530524,7394
16078,1980.1160159025453,6999
16079,2020.4124804588275,7567
16080,2136.3241687042514,5454
16081,1106.3128419472116,4880
16082,1517.4987001723405,5316
16083,1400.9007204258933,5322
16084,2077.0398974567947,6785
16085,1262.2072862499406,4291
16086,1107.283404695689,3559
16087,1329.047906683507,4760
16088,1367.207286249941,4208
16089,1453.2022356160583,4730
16090,1359.8468965567306,5653
16091,2349.662263820856,7642
16092,2780.622725301539,7136
16093,1607.6408357960715,6359
16094,1589.2266222336984,4639
16095,1374.373808491312,4138
16096,2300.6206332605184,6783
16097,1508.0722933011473,6469
16098,880.5016587651679,4074
16099,1643.4814562296378,4781
16100,654.0538238691628,7680
16101,483.5979797464469,3157
16102,859.0832611206855,5601
16103,1156.296464556282,7780
16104,737.2253967444167,6956
16105,627.5979797464469,4475
16106,566.2842712474621,2183
16107,590.2842712474621,5464
16108,733.4558441227159,3996
16109,714.9827560572974,7190
16110,785.8406204335663,6377
16111,650.4264068711931,4552
16112,1477.740115370178,6555
16113,1064.9116882454318,7229
16114,1110.882250993909,4902
16115,688.870057685089,4573
16116,858.0832611206856,6609
16117,679.7695526217008,4812
16118,627.0121933088201,3732
16119,1068.3969696196702,7696
16120,370.3847763108504,2868
16121,1277.9116882454318,6553
16122,1143.8406204335663,6449
16123,826.7106781186551,5121
16124,564.597979746447,3516
16125,1175.3259018078047,6412
16126,1033.0832611206856,6319
16127,560.0416305603428,4717
16128,884.5685424949243,4384
16129,524.7695526217007,4327
16130,991.6690475583124,5495
16131,751.2132034355966,3914
16132,596.1126983722083,5655
16133,1448.5391052434013,7701
16134,580.6274169979697,3989
16135,1227.4264068711932,4530
16136,839.4974746830587,5764
16137,1453.1543289325512,6493
16138,540.0416305603428,3205
16139,1002.0538238691627,6950
16140,1316.1543289325512,6613
16141,1220.6396103067896,7775
16142,918.3259018078048,4981
16143,1275.4264068711932,7016
16144,483.6984848098352,4384
16145,646.2132034355966,2637
16146,1122.9827560572974,7164
16147,983.6396103067898,7589
16148,1672.4974746830587,5826
16149,1028.9827560572971,5471
16150,1045.8406204335663,5733
16151,509.2842712474621,2412
16152,1083.4974746830587,5903
16153,1013.4264068711932,5687
16154,883.2842712474621,4702
16155,1485.5391052434015,7505
16156,726.9116882454318,3858
16157,554.0416305603427,3147
16158,425.982756057297,4252
16159,1271.8822509939089,6500
16160,844.568542494924,5929
16161,878.6396103067898,6814
16162,673.2548339959394,4706
16163,890.3259018078047,5484
16164,1366.3675323681477,7791
16165,1318.568542494924,7443
16166,527.2132034355966,3828
16167,1216.8528137423862,4907
16168,727.8406204335663,4872
16169,872.3259018078049,5470
16170,1270.8528137423862,6289
16171,702.6274169979697,5031
16172,1276.8111831820436,6573
16173,637.7695526217008,5935
16174,651.4974746830587,5030
16175,788.5685424949243,7435
16176,812.0832611206855,3102
16177,1523.5685424949243,7464
16178,757.9827560572973,7127
16179,520.6984848098352,3792
16180,592.5269119345814,4652
16181,509.6274169979697,4858
16182,777.3969696196702,4908
16183,859.7401153701779,6555
16184,874.7989898732235,2329
16185,395.0832611206854,4683
16186,413.18376618407376,4354
16187,1605.752308678998,7797
16188,500.7989898732235,4317
16189,446.01219330882003,2644
16190,603.1126983722083,6075
16191,1694.2964645562822,8012
16192,798.9411254969546,4756
16193,867.0243866176402,8184
16194,523.5563491861042,4353
16195,593.3553390593277,3257
16196,578.7695526217008,6529
16197,609.2132034355966,1922
16198,462.74011537017793,5969
16199,856.8406204335663,6041
16200,146.95331880577402,1516
16201,67.38477631085021,418
16202,159.5807358037436,1979
16203,195.65180361560928,3930
16204,48.21320343559641,194
16205,35.899494936611674,131
16206,138.22539674441617,2512
16207,56.52691193458116,427
16208,161.1248916810279,1220
16209,131.2964645562816,1147
16210,46.21320343559642,240
16211,179.7523086789975,2643
16212,84.49747468305827,489
16213,131.88225099390849,888
16214,246.90663761154843,4778
16215,40.213203435596434,114
16216,107.74011537017755,1196
16217,170.02438661763966,2999
16218,50.79898987322331,259
16219,40.38477631085023,187
16220,27.656854249492383,54
16221,152.36753236814718,1416
16222,85.56854249492372,682
16223,119.56854249492373,1620
16224,181.58073580374366,2080
16225,133.9238815542511,2082
16226,85.52691193458115,610
16227,79.59797974644663,740
16228,153.12489168102786,2862
16229,111.39696961966992,719
16230,115.88225099390847,1169
16231,216.50966799187833,3035
16232,310.0487732352797,3580
16233,138.7106781186547,1776
16234,123.81118318204302,1904
16235,137.98275605729685,1263
16236,115.56854249492373,1005
16237,80.01219330881973,552
16238,140.50966799187805,1595
16239,108.18376618407355,431
16240,156.0538238691624,1274
16241,215.7228714274748,4835
16242,112.78174593052013,575
16243,136.5391052434009,2157
16244,119.2253967444161,1309
16245,161.65180361560914,2841
16246,136.0538238691623,1170
16247,173.61017305526656,1964
16248,80.32590180780446,403
16249,186.33809511662437,2612
16250,75.76955262170044,495
16251,84.39696961966995,866
16252,235.99494936611694,3521
16253,30.384776310850242,99
16254,78.76955262170044,665
16255,35.55634918610405,153
16256,110.29646455628156,569
16257,30.313708498984763,102
16258,134.15432893255064,1551
16259,236.3797256769672,1862
16260,258.39191898578713,3053
16261,60.28427124746189,421
16262,131.78174593052012,1461
16263,92.49747468305826,540
16264,259.42135623730996,4602
16265,30.213203435596434,145
16266,123.36753236814702,1591
16267,80.35533905932733,836
16268,128.6396103067892,1356
16269,48.21320343559641,255
16270,28.142135623730955,65
16271,71.87005768508878,709
16272,106.32590180780446,1248
16273,153.2964645562817,2796
16274,176.79393923934012,2215
16275,104.0538238691623,641
16276,119.81118318204302,819
16277,36.45584412271572,92
16278,123.811183182043,1879
16279,213.3797256769672,3495
16280,54.870057685088774,248
16281,81.59797974644661,912
16282,200.33809511662457,3141
16283,207.33809511662452,3930
16284,164.36753236814724,3113
16285,146.71067811865476,1183
16286,67.35533905932733,390
16287,99.91168824543138,840
16288,129.46803743153538,994
16289,27.798989873223338,55
16290,166.19595949289342,2456
16291,73.35533905932735,654
16292,143.02438661763952,1353
16293,75.59797974644663,696
16294,141.71067811865476,1788
16295,32.627416997969526,208
16296,174.20815280171323,2049
16297,19.313708498984763,44
16298,187.40916292848985,2022
16299,135.19595949289322,920
16300,166.68124086713192,3233
16301,138.91168824543138,732
16302,100.28427124746186,602
16303,120.36753236814702,1990
16304,105.56854249492373,2000
16305,90.49747468305827,1797
16306,114.05382386916229,1896
16307,144.25483399593907,2961
16308,158.92388155425124,2967
16309,134.36753236814707,1748
16310,120.22539674441609,2855
16311,135.53910524340085,1659
16312,109.08326112068517,1211
16313,147.6396103067893,1854
16314,112.49747468305826,1333
16315,125.08326112068517,1204
16316,175.33809511662446,3091
16317,108.52691193458114,699
16318,149.53910524340094,2659
16319,118.2253967444161,2284
16320,136.18376618407353,445
16321,125.53910524340084,3081
16322,135.46803743153538,3127
16323,122.46803743153538,1421
16324,120.74011537017752,2101
16325,147.29646455628162,1648
16326,88.8406204335659,1034
16327,87.69848480983495,1016
16328,125.4680374315354,2344
16329,99.52691193458114,1511
16330,112.32590180780446,558
16331,120.49747468305829,2142
16332,150.78174593052026,2874
16333,138.78174593052017,1723
16334,176.89444430272846,3918
16335,137.78174593052017,3022
16336,81.8406204335659,301
16337,128.12489168102775,1278
16338,105.0121933088197,2287
16339,124.32590180780444,1545
16340,98.0538238691623,1096
16341,134.53910524340085,1973
16342,138.50966799187802,2057
16343,117.15432893255064,1633
16344,144.43860018001257,924
16345,126.8406204335659,1824
16346,95.91168824543136,1353
16347,119.76955262170043,1627
16348,101.91168824543135,723
16349,140.19595949289325,3631
16350,95.15432893255064,648
16351,144.02438661763944,2435
16352,147.68124086713186,2180
16353,114.84062043356589,2975
16354,115.88225099390847,892
16355,87.28427124746187,500
16356,127.91168824543138,927
16357,152.29646455628165,3188
16358,158.2964645562817,5328
16359,137.2964645562816,1795
16360,122.98275605729683,1975
16361,94.15432893255064,1071
16362,125.15432893255063,2484
16363,94.94112549695426,1338
16364,113.81118318204301,1912
16365,124.56854249492372,1631
16366,138.46803743153546,2353
16367,152.50966799187813,3443
16368,138.8822509939085,3953
16369,133.59797974644664,962
16370,162.681240867132,2966
16371,100.08326112068517,1001
16372,125.46803743153538,2545
16373,84.0121933088197,519
16374,158.92388155425115,5394
16375,104.98275605729683,2450
16376,166.53910524340094,3432
16377,154.02438661763955,3775
16378,138.22539674441612,2577
16379,128.53910524340085,1820
16380,96.18376618407352,1540
16381,170.9238815542512,2749
16382,145.66904755831212,2595
16383,114.4680374315354,2795
16384,94.25483399593898,1376
16385,108.4264068711928,1060
16386,88.254833995939,1486
16387,164.9949493661167,3632
16388,129.56854249492372,1550
16389,145.05382386916236,3071
16390,128.71067811865464,2040
16391,117.84062043356589,1126
16392,93.84062043356589,1554
16393,115.66904755831209,821
16394,130.811183182043,2005
16395,97.49747468305827,1030
16396,132.53910524340085,2385
16397,166.06601717798216,2970
16398,127.42640687119278,1650
16399,131.46803743153538,1576
16400,164.5807358037437,1734
16401,170.82337649086293,3269
16402,99.15432893255065,719
16403,96.56854249492373,923
16404,91.08326112068517,1033
16405,138.0954544295049,2086
16406,127.95331880577395,1195
16407,89.15432893255067,919
16408,111.71067811865466,943
16409,116.39696961966992,1616
16410,174.82337649086293,4128
16411,117.53910524340085,1462
16412,159.5807358037436,3422
16413,108.29646455628158,1024
16414,153.09545442950497,2284
16415,134.0954544295049,1918
16416,204.27922061357884,4186
16417,117.46803743153538,1905
16418,103.15432893255064,811
16419,182.69343417595178,2153
16420,152.23759005323598,2512
16421,92.63961030678921,560
16422,149.99494936611669,1606
16423,126.78174593052013,1193
16424,126.46803743153538,741
16425,154.7523086789974,3333
16426,151.1665222413705,1509
16427,183.7939392393402,3207
16428,161.68124086713192,2775
16429,172.82337649086298,3294
16430,113.15432893255064,994
16431,136.9238815542511,1511
16432,85.15432893255065,389
16433,136.85281374238562,1961
16434,124.95331880577393,1587
16435,126.53910524340084,2147
16436,107.6396103067892,1196
16437,98.12489168102776,753
16438,141.1665222413704,2055
16439,136.09545442950494,952
16440,160.43860018001266,2781
16441,151.99494936611669,2192
16442,180.13708498984772,2366
16443,118.71067811865467,1658
16444,147.85281374238573,1770
16445,121.29646455628156,1541
16446,147.85281374238568,2378
16447,111.71067811865466,1012
16448,164.6518036156091,2129
16449,157.09545442950503,1835
16450,145.26702730475878,2215
16451,154.58073580374358,2125
16452,105.29646455628158,1755
16453,219.3502884254444,5197
16454,133.0954544295049,1965
16455,153.7523086789974,2684
16456,130.46803743153538,1527
16457,133.61017305526633,1623
16458,108.81118318204301,1896
16459,161.06601717798213,3868
16460,172.1665222413706,2213
16461,103.22539674441612,536
16462,186.0365799264594,3198
16463,154.89444430272835,2364
16464,134.2964645562816,1685
16465,133.85281374238562,1842
16466,144.85281374238565,2410
16467,113.6396103067892,1293
16468,113.53910524340085,898
16469,151.2670273047588,1745
16470,152.58073580374358,2443
16471,176.06601717798222,2722
16472,141.43860018001257,1656
16473,144.4091629284897,2030
16474,123.78174593052013,1287
16475,171.72287142747464,1934
16476,104.63961030678921,922
16477,161.9238815542513,2263
16478,107.2253967444161,727
16479,96.32590180780446,654
16480,128.46803743153538,886
16481,129.95331880577393,1629
16482,127.61017305526632,1133
16483,105.63961030678921,1576
16484,145.0243866176395,2357
16485,124.19595949289321,1763
16486,136.26702730475873,2676
16487,135.12489168102778,1381
16488,105.12489168102776,1053
16489,138.29646455628165,1666
16490,146.40916292848974,1978
16491,143.2670273047588,2014
16492,113.29646455628158,1193
16493,153.5807358037436,2801
16494,155.82337649086287,3207
16495,87.91168824543138,807
16496,90.6690475583121,1177
16497,149.09545442950494,2423
16498,187.55129855222086,3035
16499,92.56854249492375,837
16500,122.49747468305826,1311
16501,124.91168824543136,797
16502,108.25483399593898,347
16503,138.68124086713183,2878
16504,132.29646455628153,1092
16505,119.71067811865464,1215
16506,94.46803743153541,658
16507,97.4264068711928,745
16508,138.69848480983498,465
16509,126.58073580374344,979
16510,115.49747468305826,1649
16511,118.91168824543136,1464
16512,100.0832611206852,675
16513,102.22539674441612,407
16514,113.97056274847711,1219
16515,112.84062043356592,1465
16516,142.02438661763938,2420
16517,79.94112549695426,704
16518,119.94112549695424,1282
16519,135.01219330881972,2709
16520,104.98275605729683,1220
16521,93.6396103067892,695
16522,92.11269837220804,786
16523,116.56854249492373,1381
16524,167.1370849898477,1505
16525,112.62741699796949,477
16526,76.97056274847711,369
16527,130.46803743153538,2370
16528,176.69343417595155,3373
16529,133.2964645562816,2225
16530,122.0121933088197,1145
16531,104.254833995939,671
16532,79.25483399593901,428
16533,91.25483399593901,117
16534,106.6396103067892,888
16535,93.18376618407353,1895
16536,104.3553390593273,1048
16537,182.1787155501904,2353
16538,81.15432893255065,720
16539,120.56854249492375,2060
16540,157.19595949289328,4116
16541,133.0243866176394,1514
16542,116.94112549695424,909
16543,94.05382386916231,697
16544,84.4264068711928,748
16545,126.62741699796949,2048
16546,97.69848480983497,261
16547,84.66904755831209,498
16548,117.36753236814704,3490
16549,86.31370849898474,1550
16550,92.01219330881972,483
16551,126.19595949289324,1704
16552,145.1959594928933,2179
16553,114.76955262170046,606
16554,110.56854249492372,916
16555,81.18376618407352,1498
16556,98.94112549695426,680
16557,107.811183182043,813
16558,136.09545442950485,1119
16559,179.3380951166243,1824
16560,99.254833995939,1827
16561,105.98275605729681,1149
16562,96.87005768508877,836
16563,127.7817459305201,668
16564,125.75230867899724,1185
16565,101.59797974644663,1535
16566,122.26702730475864,788
16567,98.08326112068517,215
16568,123.74011537017753,1233
16569,102.61017305526634,1180
16570,119.45584412271567,734
16571,103.52691193458115,580
16572,108.28427124746187,915
16573,95.69848480983497,1559
16574,107.4264068711928,749
16575,104.79898987322332,458
16576,130.36753236814704,1732
16577,144.53910524340088,2680
16578,160.79393923934003,2152
16579,125.95331880577396,1221
16580,130.11269837220806,795
16581,137.43860018001257,1465
16582,135.40916292848965,669
16583,49.55634918610404,348
16584,77.91168824543138,719
16585,114.88225099390847,887
16586,162.1959594928934,1167
16587,119.61017305526629,253
16588,76.55634918610403,768
16589,88.32590180780444,486
16590,75.74011537017756,72
16591,89.71067811865467,300
16592,121.28427124746186,1932
16593,130.56854249492372,1530
16594,112.76955262170044,360
16595,135.49747468305827,1450
16596,90.25483399593904,1832
16597,121.91168824543135,636
16598,126.84062043356592,964
16599,116.22539674441609,1345
16600,81.74011537017756,833
16601,95.66904755831207,1069
16602,146.48023074035507,3702
16603,134.91168824543132,5209
16604,123.0832611206852,2390
16605,182.8822509939087,4123
16606,92.56854249492373,879
16607,141.1959594928932,2171
16608,103.29646455628158,1277
16609,219.76450198781737,6554
16610,113.79898987322329,2715
16611,120.01219330881972,2587
16612,68.2842712474619,464
16613,95.84062043356593,928
16614,92.55634918610404,738
16615,126.01219330881969,2491
16616,93.55634918610401,763
16617,97.62741699796953,219
16618,97.8406204335659,1582
16619,152.4264068711928,3092
16620,137.9827560572968,1811
16621,77.18376618407352,1356
16622,115.59797974644664,2657
16623,149.71067811865464,3017
16624,113.22539674441613,3740
16625,134.29646455628153,1752
16626,88.31370849898477,225
16627,68.72792206135784,1273
16628,155.254833995939,5640
16629,86.98275605729685,1069
16630,111.42640687119281,821
16631,100.35533905932735,868
16632,76.11269837220807,682
16633,123.7817459305201,2214
16634,109.49747468305824,1201
16635,120.84062043356592,2832
16636,91.52691193458114,1354
16637,126.91168824543139,1674
16638,77.254833995939,1579
16639,167.0538238691623,3040
16640,131.3969696196699,3359
16641,84.11269837220809,376
16642,84.0538238691623,246
16643,164.15432893255064,839
16644,126.91168824543132,2567
16645,91.74011537017756,1548
16646,134.94112549695421,3847
16647,103.2964645562816,3573
16648,57.38477631085024,156
16649,61.041630560342604,137
16650,86.8406204335659,296
16651,103.04163056034258,3610
16652,99.254833995939,2394
16653,117.56854249492376,1544
16654,94.76955262170046,674
16655,153.75230867899737,3059
16656,94.15432893255064,1684
16657,106.53910524340084,1714
16658,166.09545442950485,907
16659,109.8700576850888,1004
16660,83.97056274847711,1725
16661,104.63961030678921,1544
16662,118.2964645562816,3350
16663,128.07106781186548,2147
16664,87.55634918610404,953
16665,104.45584412271569,1354
16666,105.42640687119282,777
16667,115.66904755831209,2582
16668,170.81118318204315,2543
16669,89.21320343559638,939
16670,92.22539674441612,1000
16671,90.4558441227157,2476
16672,142.05382386916236,2492
16673,100.39696961966995,1169
16674,145.0538238691624,2257
16675,154.48023074035507,1966
16676,108.71067811865468,882
16677,104.66904755831209,574
16678,89.6274169979695,1507
16679,76.56854249492375,867
16680,105.28427124746189,1767
16681,112.39696961966995,2066
16682,63.76955262170048,734
16683,132.76955262170043,850
16684,112.18376618407355,1325
16685,70.56854249492375,916
16686,80.76955262170046,745
16687,80.2132034355964,763
16688,101.66904755831207,1329
16689,172.98275605729697,6930
16690,111.59797974644663,1205
16691,81.32590180780448,1848
16692,110.28427124746187,647
16693,89.4264068711928,468
16694,129.39696961966993,1356
16695,112.76955262170043,2034
16696,91.52691193458118,1042
16697,77.59797974644665,1022
16698,121.85281374238558,2775
16699,172.7106781186547,4752
16700,133.367532368147,1380
16701,107.36753236814707,2255
16702,76.94112549695426,234
16703,130.7106781186547,5073
16704,211.93607486307133,6299
16705,119.26702730475867,3209
16706,101.71067811865468,1102
16707,103.08326112068518,1227
16708,44.28427124746191,231
16709,141.37972567696673,1380
16710,137.19595949289322,2078
16711,87.71067811865466,433
16712,122.12489168102778,889
16713,101.39696961966992,1703
16714,146.3086578651014,796
16715,127.09545442950488,1558
16716,152.5512985522206,3176
16717,109.12489168102778,1202
16718,117.36753236814702,788
16719,142.05382386916227,2677
16720,176.10764773832497,1558
16721,98.28427124746189,232
16722,114.8822509939085,1027
16723,163.75230867899728,3171
16724,149.1248916810278,3185
16725,102.29646455628156,829
16726,136.02438661763944,3441
16727,118.61017305526629,515
16728,100.72792206135783,842
16729,119.36753236814701,1585
16730,105.9533188057739,1619
16731,94.98275605729683,1034
16732,81.49747468305829,874
16733,108.22539674441613,950
16734,130.2670273047587,1446
16735,118.75230867899722,1777
16736,108.71067811865463,1086
16737,133.66904755831206,1350
16738,151.72287142747447,1817
16739,147.13708498984744,758
16740,163.00714267493643,2024
16741,120.32590180780446,1979
16742,167.06601717798216,2642
16743,131.16652224137033,1157
16744,88.08326112068521,892
16745,112.62741699796949,257
16746,108.53910524340085,644
16747,149.12489168102772,1239
16748,90.94112549695424,1025
16749,136.1665222413704,418
16750,104.87005768508877,1133
16751,118.84062043356587,1670
16752,108.36753236814705,1503
16753,116.66904755831209,731
16754,114.12489168102776,926
16755,119.78174593052016,1151
16756,93.11269837220806,2110
16757,83.32590180780446,333
16758,96.7106781186547,1635
16759,102.42640687119277,420
16760,150.12489168102783,2252
16761,107.12489168102775,558
16762,86.69848480983497,1158
16763,87.71067811865468,737
16764,115.32590180780444,1110
16765,81.56854249492375,233
16766,131.0954544295049,2491
16767,161.9949493661166,2322
16768,122.59797974644661,1108
16769,179.36753236814707,1568
16770,98.08326112068514,1435
16771,108.22539674441612,2939
16772,124.12489168102776,2716
16773,96.29646455628156,475
16774,130.61017305526627,2091
16775,156.71067811865476,2913
16776,136.43860018001251,2155
16777,179.40916292848993,5981
16778,93.2964645562816,1266
16779,143.58073580374347,2008
16780,112.12489168102775,1584
16781,124.35533905932733,2091
16782,145.9655121145938,1252
16783,101.56854249492372,1569
16784,116.28427124746189,1794
16785,169.2670273047587,5005
16786,185.78174593052037,6892
16787,121.367532368147,1186
16788,114.66904755831209,1908
16789,114.74011537017756,2705
16790,129.68124086713175,1288
16791,108.12489168102772,548
16792,153.3502884254441,4548
16793,120.63961030678918,1502
16794,97.2132034355964,2035
16795,117.46803743153538,2429
16796,133.7106781186547,1944
16797,122.09545442950488,2013
16798,122.15432893255067,2532
16799,95.29646455628158,378
16800,115.66904755831209,723
16801,131.55129855222054,844
16802,64.55634918610404,236
16803,105.35533905932736,595
16804,56.4558441227157,455
16805,71.08326112068517,199
16806,79.84062043356593,82
16807,157.0660171779821,1555
16808,130.46803743153538,1674
16809,103.84062043356589,833
16810,114.49747468305824,1181
16811,64.11269837220804,344
16812,118.46803743153538,1354
16813,126.84062043356589,3559
16814,248.36248173426426,6259
16815,176.76450198781728,2100
16816,93.19595949289322,333
16817,164.61017305526644,2022
16818,99.66904755831209,819
16819,136.8528137423856,1118
16820,121.43860018001251,1482
16821,143.05382386916236,981
16822,192.8650070512057,2371
16823,119.85281374238558,1831
16824,175.55129855222077,2790
16825,88.12489168102776,407
16826,93.91168824543136,1058
16827,80.91168824543136,1099
16828,140.32590180780446,1547
16829,247.6345596729063,2626
16830,63.18376618407352,278
16831,97.254833995939,1599
16832,137.6518036156089,3032
16833,135.33809511662417,997
16834,97.66904755831206,582
16835,86.56854249492373,424
16836,132.66904755831206,1095
16837,93.74011537017753,900
16838,68.94112549695427,126
16839,140.19595949289328,791
16840,223.32085117392162,2117
16841,51.38477631085023,885
16842,121.68124086713178,1112
16843,133.066017177982,1552
16844,87.46803743153541,428
16845,60.21320343559641,820
16846,143.6101730552664,456
16847,88.22539674441612,591
16848,98.11269837220806,1229
16849,86.08326112068518,1277
16850,87.52691193458118,146
16851,91.94112549695424,1624
16852,102.81118318204301,270
16853,94.12489168102778,132
16854,70.28427124746187,710
16855,94.39696961966993,139
16856,88.18376618407353,766
16857,91.81118318204302,792
16858,139.71067811865467,3383
16859,67.84062043356589,173
16860,96.74011537017755,581
16861,99.32590180780444,1050
16862,84.08326112068517,1071
16863,93.36753236814705,1258
16864,63.59797974644662,280
16865,70.76955262170043,333
16866,115.32590180780446,583
16867,93.56854249492375,357
16868,95.74011537017756,931
16869,112.8528137423856,3282
16870,115.66904755831206,634
16871,113.2253967444161,1599
16872,96.69848480983498,996
16873,62.28427124746186,659
16874,136.6812408671318,627
16875,76.42640687119282,371
16876,180.82337649086284,1451
16877,67.28427124746187,631
16878,104.25483399593897,1157
16879,149.89444430272823,2916
16880,175.9949493661167,3031
16881,191.89444430272863,1927
16882,103.53910524340085,2097
16883,80.59797974644664,434
16884,154.1543289325507,1007
16885,205.37972567696713,3949
16886,120.88225099390847,1622
16887,109.78174593052012,438
16888,77.32590180780447,488
16889,92.71067811865468,467
16890,67.2132034355964,379
16891,74.04163056034258,1140
16892,109.15432893255063,282
16893,117.6396103067892,1539
16894,72.39696961966995,195
16895,91.0538238691623,555
16896,107.95331880577395,1376
16897,89.25483399593901,962
16898,84.1837661840735,306
16899,69.49747468305829,407
16900,167.99494936611674,6267
16901,126.8700576850888,640
16902,152.48023074035513,3204
16903,135.56854249492375,2494
16904,135.3969696196699,1254
16905,111.79898987322332,3565
16906,101.25483399593902,623
16907,136.29646455628156,592
16908,105.78174593052012,998
16909,103.49747468305827,916
16910,119.05382386916227,1805
16911,120.84062043356592,2077
16912,117.84062043356589,3221
16913,164.26702730475887,3681
16914,147.29646455628165,3114
16915,111.19595949289322,340
16916,119.92388155425104,347
16917,122.79898987322332,1695
16918,128.22539674441612,1559
16919,132.33809511662412,1488
16920,120.19595949289325,3723
16921,133.6518036156089,1128
16922,104.29646455628159,2580
16923,104.18376618407355,4222
16924,101.55634918610403,1078
16925,88.08326112068521,1143
16926,117.2964645562816,2225
16927,122.39696961966989,1215
16928,138.8406204335659,2702
16929,79.39696961966992,890
16930,114.49747468305826,1077
16931,140.4680374315354,1748
16932,163.23759005323603,3568
16933,154.50966799187796,3789
16934,78.04163056034261,456
16935,139.15432893255064,4040
16936,161.16652224137061,1505
16937,103.66904755831207,1386
16938,123.0832611206852,3847
16939,102.5685424949237,1256
16940,99.18376618407356,1174
16941,69.97056274847714,387
16942,88.11269837220806,1270
16943,124.75230867899725,3883
16944,150.49747468305827,606
16945,139.68124086713175,1710
16946,115.61017305526632,908
16947,130.87005768508877,4073
16948,149.12489168102775,1586
16949,129.3969696196699,950
16950,150.3086578651014,3271
16951,143.87005768508874,5966
16952,85.35533905932735,474
16953,124.62741699796948,2551
16954,157.78174593052017,4495
16955,227.96551211459396,10839
16956,107.2253967444161,750
16957,88.76955262170044,491
16958,146.12489168102783,5704
16959,112.49747468305827,269
16960,115.254833995939,2575
16961,153.3847763108502,622
16962,133.12489168102775,3080
16963,123.81118318204297,1097
16964,159.8822509939085,2879
16965,119.52691193458116,942
16966,110.36753236814702,2726
16967,147.74011537017753,1659
16968,154.4680374315355,3534
16969,142.18376618407353,1769
16970,93.66904755831206,614
16971,103.98275605729685,1072
16972,126.61017305526629,1008
16973,177.15432893255064,2972
16974,156.72287142747442,1180
16975,129.98275605729685,2401
16976,174.65180361560923,7703
16977,111.38477631085021,1467
16978,119.92388155425105,4670
16979,118.15432893255063,1623
16980,103.01219330881972,888
16981,107.62741699796949,997
16982,111.39696961966995,2870
16983,121.49747468305829,1107
16984,104.81118318204298,797
16985,141.78174593052012,2740
16986,98.8700576850888,1023
16987,94.35533905932733,1470
16988,88.2964645562816,2355
16989,124.59797974644663,2738
16990,116.19595949289321,1373
16991,136.88225099390843,1164
16992,97.95331880577396,2830
16993,137.74011537017756,613
16994,151.36753236814707,838
16995,126.0832611206852,1528
16996,110.01219330881972,273
16997,139.8406204335659,2813
16998,80.69848480983498,493
16999,120.9533188057739,260
17000,2269.6206332605198,7483
17001,1532.2560594852212,5068
17002,871.447834896005,2510
17003,2198.9810229537356,6926
17004,1926.2753954689788,7785
17005,2519.385135248318,6487
17006,1519.7413408594598,6081
17007,2011.7312395916947,6521
17008,2129.625683894418,8129
17009,1512.1727983645355,6112
17010,1318.905771059776,4751
17011,1540.025612106922,6163
17012,1227.7220048757022,4519
17013,1159.8813844421359,4303
17014,1314.4204896855374,4597
17015,1751.1921343482932,4891
17016,2392.7038943811976,6536
17017,1911.6601717798292,7838
17018,1464.0134187981018,4273
17019,2382.4196231337364,7121
17020,1232.6631303726567,3753
17021,1530.155554421833,3294
17022,1624.8540392316681,6322
17023,2074.4002871500047,7120
17024,1163.2661607529863,3449
17025,1677.179941039473,6942
17026,2001.8855685242459,7307
17027,1797.9911242215167,6528
17028,1053.6143571373764,3984
17029,2062.4835482706917,6703
17030,1403.6753236814768,5295
17031,1420.7463914933423,5051
17032,1329.4204896855374,4950
17033,1458.6580797387744,3315
17034,1059.383909759077,3327
17035,1198.851947190613,5695
17036,1750.4642122869352,5452
17037,1710.3931444750697,7145
17038,1161.6681810065393,5165
17039,1134.0529573173897,4117
17040,1679.0794359760846,4989
17041,1316.5331880577457,4153
17042,1574.7119036079368,5718
17043,1338.8763338082533,6028
17044,2115.5251788310297,6948
17045,1980.1992770232305,6482
17046,2078.1404025201828,5974
17047,1124.6681810065393,4052
17048,2192.1525958289935,7644
17049,1859.7190462828746,5059
17050,2842.0735187903583,7478
17051,1271.7930726875677,3464
17052,1097.0407640085696,3964
17053,2343.833836696111,7552
17054,2879.676549170692,7811
17055,1154.4966081312855,4690
17056,1303.035713374687,4805
17057,1485.3443712397893,5590
17058,1351.7169542418196,3279
17059,1695.309883354384,6040
17060,1699.4642122869352,6841
17061,2391.5739520662837,6853
17062,2056.44191771035,6413
17063,1841.6896090313517,4984
17064,1603.167747730653,5780
17065,1625.5403307326833,6765
17066,1272.9646455628215,3771
17067,1430.8590898655505,3418
17068,920.1879502661831,3467
17069,2265.0642840744167,7217
17070,1504.9423509862363,6657
17071,1811.8784258493083,5360
17072,1458.8590898655507,4001
17073,1866.116015902545,5473
17074,1086.1828996323004,4391
17075,2168.1109652686523,5754
17076,996.5849198858537,4551
17077,1404.9179643685964,5977
17078,2196.5668093913655,6052
17079,1638.9789309126966,7265
17080,1723.3220766632041,5815
17081,2287.721138323906,6769
17082,1771.2926394116812,4161
17083,1461.9007204258935,4333
17084,2115.454111019166,7893
17085,1659.1971849821757,6543
17086,1871.0621920333822,6545
17087,1488.5992052357287,6609
17088,1565.1971849821757,6563
17089,2205.9932162625564,7801
17090,829.033621333632,2986
17091,1846.6012972767835,4999
17092,1129.81031663027,4244
17093,2844.5049762954345,8049
17094,1366.6753236814766,5347
17095,2074.2703448350935,7098
17096,2082.2114703320485,7783
17097,1287.8052659963878,3458
17098,1477.8174593052079,5296
17099,1349.231672867581,4817
17100,654.0538238691628,7680
17101,483.5979797464469,3157
17102,859.0832611206855,5601
17103,1156.296464556282,7780
17104,737.2253967444167,6956
17105,627.5979797464469,4475
17106,566.2842712474621,2183
17107,590.2842712474621,5464
17108,733.4558441227159,3996
17109,714.9827560572974,7190
17110,785.8406204335663,6377
17111,650.4264068711931,4552
17112,1477.740115370178,6555
17113,1064.9116882454318,7229
17114,1110.882250993909,4902
17115,688.870057685089,4573
17116,858.0832611206856,6609
17117,679.7695526217008,4812
17118,627.0121933088201,3732
17119,1068.3969696196702,7696
17120,370.3847763108504,2868
17121,1277.9116882454318,6553
17122,1143.8406204335663,6449
17123,826.7106781186551,5121
17124,564.597979746447,3516
17125,1175.3259018078047,6412
17126,1033.0832611206856,6319
17127,560.0416305603428,4717
17128,884.5685424949243,4384
17129,524.7695526217007,4327
17130,991.6690475583124,5495
17131,751.2132034355966,3914
17132,596.1126983722083,5655
17133,1448.5391052434013,7701
17134,580.6274169979697,3989
17135,1227.4264068711932,4530
17136,839.4974746830587,5764
17137,1453.1543289325512,6493
17138,540.0416305603428,3205
17139,1002.0538238691627,6950
17140,1316.1543289325512,6613
17141,1220.6396103067896,7775
17142,918.3259018078048,4981
17143,1275.4264068711932,7016
17144,483.6984848098352,4384
17145,646.2132034355966,2637
17146,1122.9827560572974,7164
17147,983.6396103067898,7589
17148,1672.4974746830587,5826
17149,1028.9827560572971,5471
17150,1045.8406204335663,5733
17151,509.2842712474621,2412
17152,1083.4974746830587,5903
17153,1013.4264068711932,5687
17154,883.2842712474621,4702
17155,1485.5391052434015,7505
17156,726.9116882454318,3858
17157,554.0416305603427,3147
17158,425.982756057297,4252
17159,1271.8822509939089,6500
17160,844.568542494924,5929
17161,878.6396103067898,6814
17162,673.2548339959394,4706
17163,890.3259018078047,5484
17164,1366.3675323681477,7791
17165,1318.568542494924,7443
17166,527.2132034355966,3828
17167,1216.8528137423862,4907
17168,727.8406204335663,4872
17169,872.3259018078049,5470
17170,1270.8528137423862,6289
17171,702.6274169979697,5031
17172,1276.8111831820436,6573
17173,637.7695526217008,5935
17174,651.4974746830587,5030
17175,788.5685424949243,7435
17176,812.0832611206855,3102
17177,1523.5685424949243,7464
17178,757.9827560572973,7127
17179,520.6984848098352,3792
17180,592.5269119345814,4652
17181,509.6274169979697,4858
17182,777.3969696196702,4908
17183,859.7401153701779,6555
17184,874.7989898732235,2329
17185,395.0832611206854,4683
17186,413.18376618407376,4354
17187,1605.752308678998,7797
17188,500.7989898732235,4317
17189,446.01219330882003,2644
17190,603.1126983722083,6075
17191,1694.2964645562822,8012
17192,798.9411254969546,4756
17193,867.0243866176402,8184
17194,523.5563491861042,4353
17195,593.3553390593277,3257
17196,578.7695526217008,6529
17197,609.2132034355966,1922
17198,462.74011537017793,5969
17199,856.8406204335663,6041
17200,146.95331880577402,1516
17201,67.38477631085021,418
17202,159.5807358037436,1979
17203,195.65180361560928,3930
17204,48.21320343559641,194
17205,35.899494936611674,131
17206,138.22539674441617,2512
17207,56.52691193458116,427
17208,161.1248916810279,1220
17209,131.2964645562816,1147
17210,46.21320343559642,240
17211,179.7523086789975,2643
17212,84.49747468305827,489
17213,131.88225099390849,888
17214,246.90663761154843,4778
17215,40.213203435596434,114
17216,107.74011537017755,1196
17217,170.02438661763966,2999
17218,50.79898987322331,259
17219,40.38477631085023,187
17220,27.656854249492383,54
17221,152.36753236814718,1416
17222,85.56854249492372,682
17223,119.56854249492373,1620
17224,181.58073580374366,2080
17225,133.9238815542511,2082
17226,85.52691193458115,610
17227,79.59797974644663,740
17228,153.12489168102786,2862
17229,111.39696961966992,719
17230,115.88225099390847,1169
17231,216.50966799187833,3035
17232,310.0487732352797,3580
17233,138.7106781186547,1776
17234,123.81118318204302,1904
17235,137.98275605729685,1263
17236,115.56854249492373,1005
17237,80.01219330881973,552
17238,140.50966799187805,1595
17239,108.18376618407355,431
17240,156.0538238691624,1274
17241,215.7228714274748,4835
17242,112.78174593052013,575
17243,136.5391052434009,2157
17244,119.2253967444161,1309
17245,161.65180361560914,2841
17246,136.0538238691623,1170
17247,173.61017305526656,1964
17248,80.32590180780446,403
17249,186.33809511662437,2612
17250,75.76955262170044,495
17251,84.39696961966995,866
17252,235.99494936611694,3521
17253,30.384776310850242,99
17254,78.76955262170044,665
17255,35.55634918610405,153
17256,110.29646455628156,569
17257,30.313708498984763,102
17258,134.15432893255064,1551
17259,236.3797256769672,1862
17260,258.39191898578713,3053
17261,60.28427124746189,421
17262,131.78174593052012,1461
17263,92.49747468305826,540
17264,259.42135623730996,4602
17265,30.213203435596434,145
17266,123.36753236814702,1591
17267,80.35533905932733,836
17268,128.6396103067892,1356
17269,48.21320343559641,255
17270,28.142135623730955,65
17271,71.87005768508878,709
17272,106.32590180780446,1248
17273,153.2964645562817,2796
17274,176.79393923934012,2215
17275,104.0538238691623,641
17276,119.81118318204302,819
17277,36.45584412271572,92
17278,123.811183182043,1879
17279,213.3797256769672,3495
17280,54.870057685088774,248
17281,81.59797974644661,912
17282,200.33809511662457,3141
17283,207.33809511662452,3930
17284,164.36753236814724,3113
17285,146.71067811865476,1183
17286,67.35533905932733,390
17287,99.91168824543138,840
17288,129.46803743153538,994
17289,27.798989873223338,55
17290,166.19595949289342,2456
17291,73.35533905932735,654
17292,143.02438661763952,1353
17293,75.59797974644663,696
17294,141.71067811865476,1788
17295,32.627416997969526,208
17296,174.20815280171323,2049
17297,19.313708498984763,44
17298,187.40916292848985,2022
17299,135.19595949289322,920
17300,118.53910524340084,2298
17301,98.39696961966993,1562
17302,110.88225099390847,557
17303,156.78174593052023,2655
17304,125.39696961966992,2929
17305,140.7106781186547,4303
17306,108.42640687119281,795
17307,126.39696961966989,2096
17308,130.29646455628156,2153
17309,131.78174593052015,2534
17310,98.56854249492373,1665
17311,137.63961030678922,3139
17312,136.63961030678925,2366
17313,119.59797974644661,1220
17314,109.76955262170043,1349
17315,130.69848480983498,1365
17316,141.36753236814712,3190
17317,97.49747468305827,1330
17318,115.46803743153536,1801
17319,113.01219330881972,1804
17320,96.15432893255064,770
17321,120.12489168102776,1712
17322,162.65180361560917,3787
17323,133.91168824543135,1122
17324,128.53910524340085,1426
17325,131.53910524340085,1216
17326,88.6690475583121,729
17327,144.50966799187802,3335
17328,118.32590180780444,1810
17329,123.91168824543136,3403
17330,101.81118318204301,2036
17331,152.2670273047588,2727
17332,88.84062043356589,314
17333,98.8406204335659,1420
17334,108.49747468305826,1233
17335,107.11269837220807,751
17336,145.46803743153538,2365
17337,118.88225099390847,1514
17338,108.35533905932735,1145
17339,127.46803743153541,2623
17340,149.71067811865476,1632
17341,111.84062043356587,1475
17342,83.94112549695423,1105
17343,87.76955262170044,1072
17344,85.18376618407353,1226
17345,119.01219330881972,1014
17346,134.01219330881972,1581
17347,101.42640687119281,579
17348,115.01219330881972,1907
17349,96.84062043356589,792
17350,108.01219330881969,931
17351,163.98275605729685,2424
17352,170.2375900532361,2052
17353,108.39696961966992,650
17354,184.75230867899748,3599
17355,100.39696961966992,1534
17356,84.254833995939,1042
17357,107.84062043356587,1570
17358,128.56854249492375,2050
17359,110.15432893255064,1096
17360,129.56854249492375,3016
17361,95.49747468305829,1388
17362,175.2375900532361,2144
17363,111.15432893255063,1490
17364,156.68124086713192,2585
17365,118.56854249492372,1910
17366,86.42640687119281,957
17367,87.25483399593898,794
17368,159.2670273047588,2802
17369,134.254833995939,1397
17370,102.35533905932733,802
17371,121.0832611206852,1113
17372,145.29646455628168,3434
17373,106.52691193458115,692
17374,119.22539674441612,1616
17375,138.63961030678925,1873
17376,112.98275605729683,932
17377,78.0832611206852,673
17378,108.74011537017755,2258
17379,129.8406204335659,581
17380,122.15432893255061,788
17381,95.76955262170043,1181
17382,119.95331880577392,1545
17383,114.56854249492373,1054
17384,151.58073580374355,1712
17385,140.4680374315354,2256
17386,119.56854249492373,2079
17387,122.01219330881972,1167
17388,81.91168824543136,593
17389,165.26702730475884,3366
17390,147.6101730552664,3763
17391,125.6396103067892,1782
17392,152.63961030678934,3406
17393,103.74011537017756,907
17394,124.49747468305827,2383
17395,121.98275605729683,1879
17396,120.39696961966993,1167
17397,131.71067811865464,1841
17398,123.95331880577395,1501
17399,149.74011537017762,2773
17400,124.12489168102776,1451
17401,160.9949493661167,3053
17402,102.22539674441612,731
17403,111.88225099390849,1223
17404,129.88225099390849,2215
17405,127.95331880577393,1407
17406,135.61017305526636,2065
17407,145.95331880577402,2370
17408,124.61017305526632,1941
17409,90.39696961966993,505
17410,108.19595949289324,1275
17411,135.43860018001257,1879
17412,117.71067811865467,930
17413,106.22539674441612,1037
17414,158.33809511662437,2059
17415,93.98275605729684,1079
17416,95.98275605729683,645
17417,135.85281374238565,1505
17418,100.49747468305826,689
17419,125.53910524340084,1235
17420,112.22539674441612,1423
17421,137.68124086713183,1511
17422,130.53910524340085,1529
17423,110.88225099390849,1211
17424,128.6101730552663,1137
17425,142.26702730475876,3317
17426,115.84062043356589,688
17427,105.22539674441612,985
17428,178.55129855222083,2228
17429,164.23759005323598,2885
17430,108.6396103067892,1456
17431,143.50966799187805,1521
17432,164.89444430272835,2349
17433,123.88225099390847,913
17434,108.39696961966993,941
17435,104.12489168102776,635
17436,147.5096679918781,2547
17437,99.63961030678921,659
17438,158.23759005323595,3108
17439,142.16652224137042,2008
17440,160.82337649086287,2470
17441,93.49747468305827,1124
17442,158.0660171779822,2552
17443,127.36753236814704,1023
17444,184.45079348883252,4021
17445,146.68124086713192,1586
17446,151.53910524340102,2426
17447,106.29646455628156,1319
17448,129.78174593052015,1160
17449,132.26702730475873,1923
17450,134.7106781186547,1954
17451,167.33809511662437,4081
17452,129.12489168102775,1564
17453,119.78174593052013,1204
17454,199.13708498984784,3598
17455,139.02438661763944,1318
17456,126.53910524340084,1499
17457,136.85281374238565,1890
17458,159.5096679918782,3576
17459,103.46803743153538,966
17460,105.49747468305827,696
17461,91.32590180780447,1156
17462,144.19595949289328,1605
17463,120.95331880577395,885
17464,128.46803743153538,1709
17465,129.4386001800125,1995
17466,134.0954544295049,1290
17467,110.12489168102776,1515
17468,135.85281374238565,1689
17469,134.61017305526636,1275
17470,125.19595949289321,1080
17471,122.95331880577395,1672
17472,91.22539674441612,625
17473,134.53910524340088,1890
17474,126.85281374238559,1128
17475,93.74011537017755,912
17476,135.68124086713183,1530
17477,140.85281374238565,1508
17478,92.66904755831209,603
17479,93.81118318204302,750
17480,144.33809511662423,1901
17481,117.19595949289321,1478
17482,124.19595949289322,941
17483,119.29646455628158,1500
17484,122.39696961966992,1428
17485,135.78174593052017,1603
17486,151.95331880577405,2353
17487,118.46803743153538,1061
17488,117.29646455628158,1435
17489,166.33809511662434,2661
17490,121.95331880577393,1702
17491,144.26702730475878,3193
17492,137.61017305526636,1639
17493,105.05382386916229,891
17494,127.78174593052012,1852
17495,100.71067811865467,1253
17496,130.78174593052012,1875
17497,138.75230867899734,1392
17498,142.95331880577402,2024
17499,146.8528137423857,2304
17500,120.39696961966992,592
17501,113.45584412271567,760
17502,146.74011537017753,1691
17503,101.98275605729685,711
17504,143.5685424949238,2162
17505,118.3969696196699,1347
17506,83.39696961966995,578
17507,115.0243866176394,2198
17508,162.37972567696693,3893
17509,159.33809511662412,1708
17510,119.09545442950487,872
17511,88.38477631085023,1038
17512,131.19595949289325,2294
17513,86.21320343559641,845
17514,114.53910524340083,241
17515,140.4974746830583,4004
17516,126.8822509939085,2150
17517,99.35533905932736,439
17518,88.76955262170043,811
17519,103.94112549695424,1009
17520,79.21320343559641,683
17521,75.0832611206852,102
17522,98.35533905932732,717
17523,71.42640687119281,353
17524,94.52691193458112,943
17525,105.22539674441612,864
17526,129.25483399593898,961
17527,160.89444430272837,4388
17528,140.95331880577405,2807
17529,133.46803743153544,3358
17530,114.91168824543138,671
17531,110.46803743153538,1094
17532,195.43860018001268,2805
17533,104.5979797464466,875
17534,131.58073580374344,1094
17535,145.99494936611669,1678
17536,146.43860018001257,2157
17537,116.18376618407352,1518
17538,144.29646455628165,2632
17539,144.16652224137036,2890
17540,128.2670273047587,2225
17541,99.94112549695423,496
17542,122.18376618407353,653
17543,154.58073580374352,912
17544,96.79898987322332,471
17545,96.66904755831209,980
17546,115.4264068711928,1979
17547,128.6690475583121,725
17548,114.35533905932735,1110
17549,83.11269837220804,1040
17550,159.78174593052032,4407
17551,134.16652224137033,1971
17552,125.12489168102776,2665
17553,76.6274169979695,1111
17554,132.85281374238565,1661
17555,123.55634918610403,572
17556,90.52691193458116,1462
17557,95.12489168102779,1083
17558,142.85281374238568,1594
17559,109.69848480983497,1018
17560,118.85281374238556,459
17561,87.91168824543136,594
17562,107.29646455628155,1043
17563,142.78174593052023,1920
17564,111.52691193458116,876
17565,127.18376618407353,3017
17566,105.32590180780447,560
17567,144.68124086713183,1720
17568,104.08326112068517,1026
17569,110.39696961966989,1171
17570,119.92388155425108,1357
17571,96.12489168102775,368
17572,94.45584412271569,678
17573,97.63961030678922,1161
17574,139.58073580374352,976
17575,119.16652224137036,906
17576,106.29646455628159,1220
17577,109.69848480983497,880
17578,112.12489168102778,2226
17579,92.11269837220807,1008
17580,93.18376618407352,574
17581,144.15432893255067,980
17582,89.87005768508877,1023
17583,93.91168824543138,644
17584,147.1665222413704,1878
17585,173.0243866176395,3068
17586,136.85281374238562,3005
17587,120.15432893255064,1132
17588,85.18376618407355,728
17589,130.98275605729683,1775
17590,115.33809511662415,658
17591,103.35533905932735,1331
17592,107.05382386916231,1760
17593,120.66904755831206,547
17594,76.45584412271569,266
17595,99.39696961966995,1387
17596,107.95331880577397,1180
17597,135.42640687119285,1208
17598,127.85281374238559,1289
17599,129.4091629284896,833
17600,112.81118318204302,1739
17601,60.0416305603426,707
17602,81.76955262170046,1244
17603,108.22539674441613,2668
17604,70.55634918610406,241
17605,100.7401153701775,1358
17606,124.11269837220806,364
17607,67.76955262170043,1489
17608,126.49747468305823,3136
17609,169.6690475583124,4871
17610,97.81118318204302,2222
17611,92.45584412271567,2275
17612,108.28427124746186,834
17613,73.4558441227157,1262
17614,149.8111831820431,3473
17615,108.98275605729684,1217
17616,95.28427124746186,753
17617,98.08326112068521,1690
17618,67.89949493661166,1116
17619,120.5269119345812,1061
17620,93.14213562373094,1097
17621,113.45584412271569,718
17622,131.15432893255064,2981
17623,138.36753236814704,4830
17624,125.08326112068517,2630
17625,66.66904755831212,574
17626,130.9827560572968,2423
17627,100.52691193458114,575
17628,131.6274169979695,1309
17629,108.42640687119278,2403
17630,147.11269837220806,5226
17631,61.14213562373094,485
17632,75.01219330881972,631
17633,137.5979797464466,1970
17634,117.01219330881969,2740
17635,132.9533188057739,945
17636,68.62741699796953,255
17637,85.07106781186546,983
17638,135.35533905932735,2516
17639,167.8528137423859,6258
17640,138.69848480983495,970
17641,93.66904755831204,1172
17642,65.84062043356592,455
17643,77.56854249492373,845
17644,87.0832611206852,1270
17645,63.698484809834994,763
17646,123.63961030678924,3214
17647,74.0416305603426,1169
17648,118.50966799187799,1150
17649,148.2548339959391,3605
17650,119.87005768508881,3567
17651,70.94112549695427,122
17652,122.23759005323579,1654
17653,138.32590180780448,3614
17654,138.33809511662423,3847
17655,107.46803743153538,2140
17656,161.91168824543144,4002
17657,58.48528137423857,277
17658,112.12489168102779,3650
17659,64.69848480983498,377
17660,106.78174593052013,2625
17661,158.9827560572969,3632
17662,51.55634918610405,140
17663,136.22539674441612,3547
17664,66.91168824543138,747
17665,137.63961030678922,2947
17666,119.46803743153536,1041
17667,91.45584412271569,639
17668,136.6812408671318,3515
17669,71.69848480983498,343
17670,100.84062043356589,798
17671,107.76955262170043,902
17672,101.52691193458116,489
17673,106.98275605729683,2159
17674,78.32590180780447,188
17675,94.29646455628156,1758
17676,110.49747468305826,3561
17677,153.56854249492375,4640
17678,122.74011537017756,1830
17679,132.72792206135784,1234
17680,106.56854249492376,1700
17681,162.84062043356607,6749
17682,157.6396103067894,4345
17683,80.87005768508877,1932
17684,146.923881554251,2308
17685,112.94112549695424,2451
17686,165.53910524340094,2913
17687,88.45584412271569,1160
17688,67.35533905932735,767
17689,73.35533905932738,1392
17690,106.08326112068518,1548
17691,80.8700576850888,2006
17692,125.61017305526632,2065
17693,119.01219330881969,1805
17694,95.7401153701775,1569
17695,101.66904755831212,1327
17696,65.52691193458115,370
17697,171.56854249492392,1980
17698,149.32590180780443,1204
17699,93.04163056034257,1162
17700,96.36753236814704,244
17701,116.66904755831207,1149
17702,146.7817459305202,2876
17703,121.26702730475867,900
17704,79.45584412271567,528
17705,113.02438661763941,1013
17706,144.02438661763938,845
17707,133.98275605729685,2675
17708,159.59292911256335,5654
17709,133.11269837220806,4797
17710,80.22539674441612,405
17711,120.4680374315354,2127
17712,128.02438661763938,1378
17713,97.4974746830583,2605
17714,131.58073580374344,1581
17715,99.66904755831206,1604
17716,75.15432893255064,253
17717,98.88225099390846,1252
17718,96.84062043356593,997
17719,170.50966799187808,4421
17720,93.4264068711928,816
17721,106.71067811865466,932
17722,107.52691193458115,658
17723,110.9827560572968,664
17724,179.1959594928934,6252
17725,84.18376618407355,422
17726,124.40916292848962,1940
17727,123.81118318204302,1699
17728,162.85281374238576,2080
17729,102.95331880577396,1238
17730,144.28427124746187,1538
17731,178.09545442950514,8356
17732,103.88225099390849,1282
17733,119.08326112068515,2651
17734,145.09545442950497,3694
17735,124.25483399593895,2122
17736,74.59797974644664,424
17737,76.6274169979695,1161
17738,126.59797974644661,427
17739,130.29646455628156,161
17740,93.94112549695426,2000
17741,146.19595949289328,2380
17742,112.53910524340084,1332
17743,105.49747468305827,798
17744,96.98275605729683,845
17745,73.52691193458115,709
17746,194.33809511662454,9226
17747,182.30865786510134,3517
17748,100.94112549695424,2018
17749,114.52691193458112,1047
17750,110.22539674441609,859
17751,111.78174593052012,1453
17752,111.71067811865467,398
17753,130.09545442950485,1252
17754,107.32590180780448,2512
17755,96.12489168102778,396
17756,129.40916292848962,1431
17757,116.12489168102772,1185
17758,134.21320343559643,2629
17759,147.59797974644664,3114
17760,122.0121933088197,2397
17761,130.0832611206852,3947
17762,151.29646455628162,1352
17763,164.26702730475887,3247
17764,144.22539674441617,2426
17765,156.98275605729697,4721
17766,162.09545442950508,4119
17767,110.16652224137033,1271
17768,111.63961030678921,1622
17769,107.21320343559643,274
17770,202.33809511662434,6141
17771,153.92388155425127,919
17772,97.6812408671318,850
17773,125.95331880577392,1445
17774,87.76955262170044,855
17775,137.92388155425107,2736
17776,102.74011537017755,1270
17777,124.95331880577397,2130
17778,137.4264068711928,4940
17779,125.01219330881969,793
17780,171.02438661763955,3640
17781,112.74011537017752,2146
17782,136.05382386916227,554
17783,116.02438661763944,3075
17784,77.254833995939,124
17785,95.45584412271567,2094
17786,139.92388155425107,1001
17787,109.92388155425105,1304
17788,150.56854249492386,3050
17789,89.32590180780444,600
17790,147.68124086713186,2913
17791,122.78174593052013,2096
17792,95.28427124746187,667
17793,106.59797974644664,1404
17794,147.12489168102786,2319
17795,71.11269837220806,595
17796,139.08326112068522,4608
17797,82.91168824543138,545
17798,130.84062043356587,2539
17799,125.66904755831209,2725
17800,145.4091629284897,2677
17801,64.42640687119281,233
17802,96.05382386916229,1282
17803,253.56349186104083,2388
17804,95.12489168102776,405
17805,77.98275605729685,365
17806,93.78174593052015,426
17807,170.68124086713192,1828
17808,123.65180361560888,899
17809,68.4264068711928,392
17810,64.69848480983498,380
17811,79.42640687119282,773
17812,70.35533905932736,425
17813,151.85281374238565,1750
17814,63.91168824543138,823
17815,112.52691193458116,1226
17816,93.14213562373094,329
17817,133.56854249492375,1715
17818,79.08326112068518,604
17819,141.82337649086284,1462
17820,59.4974746830583,274
17821,192.75230867899754,2603
17822,97.49747468305826,837
17823,141.72287142747444,1722
17824,174.26702730475887,2096
17825,57.97056274847714,362
17826,59.384776310850214,364
17827,88.81118318204302,555
17828,53.94112549695426,694
17829,73.98275605729685,512
17830,95.8406204335659,981
17831,144.43860018001263,471
17832,59.55634918610403,279
17833,91.15432893255065,1416
17834,122.50966799187795,1753
17835,131.88225099390843,432
17836,51.112698372208065,164
17837,108.95331880577393,1988
17838,85.04163056034258,976
17839,102.85281374238559,414
17840,175.63961030678934,843
17841,71.35533905932733,150
17842,97.22539674441612,430
17843,92.01219330881973,918
17844,139.82337649086276,1254
17845,150.75230867899737,1138
17846,125.12489168102775,1474
17847,111.53910524340081,2187
17848,97.3969696196699,921
17849,76.01219330881972,506
17850,86.1837661840735,585
17851,110.87005768508875,1544
17852,120.98275605729681,596
17853,120.08326112068517,1838
17854,103.87005768508877,951
17855,127.85281374238558,784
17856,78.81118318204301,300
17857,84.81118318204302,1109
17858,69.25483399593902,1191
17859,150.4680374315354,3113
17860,99.6690475583121,1936
17861,77.05382386916231,778
17862,67.59797974644664,793
17863,83.78174593052015,787
17864,76.74011537017756,374
17865,114.53910524340084,1406
17866,77.69848480983498,540
17867,69.01219330881975,524
17868,114.35533905932732,1160
17869,114.22539674441612,883
17870,71.91168824543138,1095
17871,105.7106781186547,1217
17872,183.88225099390849,1222
17873,67.28427124746187,649
17874,216.4802307403554,2274
17875,92.81118318204301,1064
17876,119.95331880577393,1356
17877,141.39696961967002,1581
17878,105.94112549695424,980
17879,135.2964645562816,369
17880,140.99494936611657,1638
17881,81.66904755831207,1071
17882,104.19595949289322,1940
17883,109.52691193458115,627
17884,91.56854249492372,487
17885,77.87005768508878,857
17886,84.69848480983497,1525
17887,136.50966799187802,1327
17888,95.69848480983495,403
17889,110.50966799187796,1243
17890,96.32590180780447,682
17891,223.8477631085027,2795
17892,47.55634918610405,160
17893,125.0538238691623,3855
17894,150.62236636408616,1930
17895,94.74011537017756,871
17896,148.1665222413704,917
17897,129.2670273047587,1617
17898,128.32590180780443,970
17899,113.98275605729683,1471
17900,113.97056274847711,2471
17901,143.81118318204307,1999
17902,124.92388155425108,1066
17903,98.698484809835,613
17904,162.08326112068517,3586
17905,122.98275605729683,912
17906,132.05382386916227,3655
17907,129.74011537017756,2293
17908,104.74011537017753,1064
17909,100.04163056034258,2810
17910,116.35533905932733,595
17911,125.42640687119278,1857
17912,157.66904755831206,7293
17913,135.61017305526633,2196
17914,152.87005768508885,1000
17915,95.0121933088197,801
17916,132.3969696196699,1751
17917,144.08326112068517,401
17918,107.76955262170043,2076
17919,130.63961030678922,1877
17920,78.32590180780447,945
17921,141.7817459305201,2338
17922,161.59797974644675,1297
17923,111.32590180780446,1213
17924,112.42640687119278,1290
17925,131.29646455628153,645
17926,134.1959594928932,1744
17927,112.05382386916231,426
17928,97.52691193458114,1296
17929,128.15432893255064,583
17930,146.0243866176395,3992
17931,114.91168824543136,1321
17932,175.208152801713,5166
17933,101.56854249492378,2124
17934,94.29646455628159,1066
17935,109.69848480983497,3604
17936,128.25483399593895,2599
17937,134.12489168102775,1728
17938,78.14213562373095,272
17939,107.98275605729683,2553
17940,106.14213562373094,272
17941,130.94112549695421,2086
17942,85.15432893255063,136
17943,130.811183182043,1840
17944,120.52691193458116,511
17945,109.98275605729683,1643
17946,110.32590180780443,1405
17947,94.39696961966993,504
17948,171.1665222413704,2545
17949,103.5979797464466,1461
17950,183.4386001800126,3500
17951,90.81118318204301,196
17952,143.3380951166243,2508
17953,178.37972567696704,2475
17954,140.39696961966993,1706
17955,103.49747468305826,411
17956,155.26702730475873,1230
17957,119.63961030678918,1660
17958,116.26702730475871,1861
17959,138.01219330881972,4200
17960,141.25483399593895,1196
17961,101.42640687119281,369
17962,83.3259018078045,1452
17963,127.22539674441614,1616
17964,149.4386001800126,1157
17965,151.50966799187796,2998
17966,136.76955262170043,3980
17967,122.11269837220804,2704
17968,96.76955262170046,1483
17969,146.02438661763955,7871
17970,124.56854249492373,1619
17971,128.0121933088197,665
17972,109.63961030678921,1146
17973,132.50966799187796,1452
17974,115.66904755831207,450
17975,70.7989898732233,349
17976,153.4680374315354,3518
17977,77.72792206135786,870
17978,148.22539674441612,1419
17979,125.32590180780444,181
17980,90.59797974644663,1316
17981,113.45584412271569,1463
17982,136.39696961966993,3268
17983,127.11269837220804,846
17984,82.15432893255063,247
17985,103.8406204335659,2014
17986,132.71067811865464,1713
17987,141.98275605729683,388
17988,110.42640687119282,1591
17989,192.4091629284898,7841
17990,166.50966799187796,3286
17991,140.63961030678928,2877
17992,135.811183182043,1775
17993,136.84062043356596,3338
17994,113.91168824543136,1042
17995,93.11269837220803,1151
17996,101.29646455628153,570
17997,138.39696961966996,863
17998,78.59797974644658,840
17999,74.28427124746187,407
18000,1213.1067811865526,4308
18001,1035.7564927611074,4705
18002,1514.1849916733556,5388
18003,2077.5546160825556,6298
18004,2063.3830432073037,7938
18005,2109.1698397717037,5591
18006,2527.296823493746,6618
18007,2090.199277023227,6457
18008,2392.5028842544184,8024
18009,1049.6265504461965,4382
18010,1201.8519471906131,4124
18011,994.0580079512722,3411
18012,1664.6530291048916,7543
18013,1912.1748904055905,7384
18014,1537.2144289248783,5387
18015,1041.1290757631377,3934
18016,1863.7901140947401,7398
18017,1179.6387437550165,4739
18018,1244.5798692519709,5582
18019,1170.4255403194202,3816
18020,1674.895669792011,6777
18021,1791.8784258493083,4588
18022,1497.5281374238632,5392
18023,2009.8145007123803,7276
18024,1664.2215715998157,5088
18025,1602.0966799187875,6398
18026,1257.579869251971,4459
18027,1349.8052659963878,4222
18028,1612.3393206059068,5408
18029,2274.7627688842517,4577
18030,936.7737367038101,2999
18031,2120.0226535140873,7690
18032,1123.9402589451813,4034
18033,2435.343504687981,7209
18034,1956.116015902545,5982
18035,2451.0003589374705,8171
18036,1426.6164491784314,4363
18037,1811.0205614730396,6082
18038,1440.687516990297,5845
18039,1974.145453154068,7487
18040,2664.0369388639137,7974
18041,996.7270555095845,2864
18042,1277.6753236814768,5709
18043,1077.668181006539,3566
18044,2062.9982668964526,7664
18045,1872.4764055957555,5893
18046,2830.1618305449283,6658
18047,1182.0357133746868,3552
18048,1562.0012254892818,5382
18049,1593.6408357960713,5696
18050,1749.9200564096511,7934
18051,1240.9352083112988,3326
18052,1776.4053377838895,3924
18053,2137.0398974567897,6289
18054,1685.221571599816,5691
18055,1147.3666658163745,4630
18056,2100.713995648988,6950
18057,2005.6723650886493,6610
18058,1050.0407640085696,2975
18059,1689.3515139147269,7699
18060,1630.9251070435337,5234
18061,768.2640687119311,2767
18062,2063.1820330805263,8068
18063,2300.5201281971295,6493
18064,2548.071426749329,7896
18065,2012.3292193381417,6558
18066,2191.466304327978,7626
18067,1873.8023074035602,7342
18068,1286.8935777509557,5347
18069,1531.2266222336984,4488
18070,1329.0184694319842,4767
18071,1469.5281374238632,4774
18072,2427.147545195091,6712
18073,2256.306924761537,7044
18074,1746.5352800988007,3936
18075,1882.2043276571133,5978
18076,2224.277487510017,6982
18077,2299.863273947638,7832
18078,1828.9200564096511,5326
18079,2501.9831149947627,7432
18080,1492.9890321804617,4554
18081,1395.2905473706264,5020
18082,2184.022653514082,7238
18083,1969.4002871500072,7749
18084,1480.6286424872517,4199
18085,2392.3729419395067,7851
18086,2385.1181079435673,6316
18087,1442.1311678041927,5242
18088,1554.9839815465793,6163
18089,1693.037805415742,5868
18090,1905.9860735876339,7480
18091,1252.5209947489257,5407
18092,1793.4764055957553,5768
18093,1241.4377336282403,5079
18094,1637.1971849821757,4493
18095,1985.6307345283064,7348
18096,1349.2194795587607,3976
18097,1295.307791313329,3628
18098,1816.8906191581284,6126
18099,1682.9961748553992,6100
18100,654.0538238691628,7680
18101,483.5979797464469,3157
18102,859.0832611206855,5601
18103,1156.296464556282,7780
18104,737.2253967444167,6956
18105,627.5979797464469,4475
18106,566.2842712474621,2183
18107,590.2842712474621,5464
18108,733.4558441227159,3996
18109,714.9827560572974,7190
18110,785.8406204335663,6377
18111,650.4264068711931,4552
18112,1477.740115370178,6555
18113,1064.9116882454318,7229
18114,1110.882250993909,4902
18115,688.870057685089,4573
18116,858.0832611206856,6609
18117,679.7695526217008,4812
18118,627.0121933088201,3732
18119,1068.3969696196702,7696
18120,370.3847763108504,2868
18121,1277.9116882454318,6553
18122,1143.8406204335663,6449
18123,826.7106781186551,5121
18124,564.597979746447,3516
18125,1175.3259018078047,6412
18126,1033.0832611206856,6319
18127,560.0416305603428,4717
18128,884.5685424949243,4384
18129,524.7695526217007,4327
18130,991.6690475583124,5495
18131,751.2132034355966,3914
18132,596.1126983722083,5655
18133,1448.5391052434013,7701
18134,580.6274169979697,3989
18135,1227.4264068711932,4530
18136,839.4974746830587,5764
18137,1453.1543289325512,6493
18138,540.0416305603428,3205
18139,1002.0538238691627,6950
18140,1316.1543289325512,6613
18141,1220.6396103067896,7775
18142,918.3259018078048,4981
18143,1275.4264068711932,7016
18144,483.6984848098352,4384
18145,646.2132034355966,2637
18146,1122.9827560572974,7164
18147,983.6396103067898,7589
18148,1672.4974746830587,5826
18149,1028.9827560572971,5471
18150,1045.8406204335663,5733
18151,509.2842712474621,2412
18152,1083.4974746830587,5903
18153,1013.4264068711932,5687
18154,883.2842712474621,4702
18155,1485.5391052434015,7505
18156,726.9116882454318,3858
18157,554.0416305603427,3147
18158,425.982756057297,4252
18159,1271.8822509939089,6500
18160,844.568542494924,5929
18161,878.6396103067898,6814
18162,673.2548339959394,4706
18163,890.3259018078047,5484
18164,1366.3675323681477,7791
18165,1318.568542494924,7443
18166,527.2132034355966,3828
18167,1216.8528137423862,4907
18168,727.8406204335663,4872
18169,872.3259018078049,5470
18170,1270.8528137423862,6289
18171,702.6274169979697,5031
18172,1276.8111831820436,6573
18173,637.7695526217008,5935
18174,651.4974746830587,5030
18175,788.5685424949243,7435
18176,812.0832611206855,3102
18177,1523.5685424949243,7464
18178,757.9827560572973,7127
18179,520.6984848098352,3792
18180,592.5269119345814,4652
18181,509.6274169979697,4858
18182,777.3969696196702,4908
18183,859.7401153701779,6555
18184,874.7989898732235,2329
18185,395.0832611206854,4683
18186,413.18376618407376,4354
18187,1605.752308678998,7797
18188,500.7989898732235,4317
18189,446.01219330882003,2644
18190,603.1126983722083,6075
18191,1694.2964645562822,8012
18192,798.9411254969546,4756
18193,867.0243866176402,8184
18194,523.5563491861042,4353
18195,593.3553390593277,3257
18196,578.7695526217008,6529
18197,609.2132034355966,1922
18198,462.74011537017793,5969
18199,856.8406204335663,6041
18200,146.95331880577402,1516
18201,67.38477631085021,418
18202,159.5807358037436,1979
18203,195.65180361560928,3930
18204,48.21320343559641,194
18205,35.899494936611674,131
18206,138.22539674441617,2512
18207,56.52691193458116,427
18208,161.1248916810279,1220
18209,131.2964645562816,1147
18210,46.21320343559642,240
18211,179.7523086789975,2643
18212,84.49747468305827,489
18213,131.88225099390849,888
18214,246.90663761154843,4778
18215,40.213203435596434,114
18216,107.74011537017755,1196
18217,170.02438661763966,2999
18218,50.79898987322331,259
18219,40.38477631085023,187
18220,27.656854249492383,54
18221,152.36753236814718,1416
18222,85.56854249492372,682
18223,119.56854249492373,1620
18224,181.58073580374366,2080
18225,133.9238815542511,2082
18226,85.52691193458115,610
18227,79.59797974644663,740
18228,153.12489168102786,2862
18229,111.39696961966992,719
18230,115.88225099390847,1169
18231,216.50966799187833,3035
18232,310.0487732352797,3580
18233,138.7106781186547,1776
18234,123.81118318204302,1904
18235,137.98275605729685,1263
18236,115.56854249492373,1005
18237,80.01219330881973,552
18238,140.50966799187805,1595
18239,108.18376618407355,431
18240,156.0538238691624,1274
18241,215.7228714274748,4835
18242,112.78174593052013,575
18243,136.5391052434009,2157
18244,119.2253967444161,1309
18245,161.65180361560914,2841
18246,136.0538238691623,1170
18247,173.61017305526656,1964
18248,80.32590180780446,403
18249,186.33809511662437,2612
18250,75.76955262170044,495
18251,84.39696961966995,866
18252,235.99494936611694,3521
18253,30.384776310850242,99
18254,78.76955262170044,665
18255,35.55634918610405,153
18256,110.29646455628156,569
18257,30.313708498984763,102
18258,134.15432893255064,1551
18259,236.3797256769672,1862
18260,258.39191898578713,3053
18261,60.28427124746189,421
18262,131.78174593052012,1461
18263,92.49747468305826,540
18264,259.42135623730996,4602
18265,30.213203435596434,145
18266,123.36753236814702,1591
18267,80.35533905932733,836
18268,128.6396103067892,1356
18269,48.21320343559641,255
18270,28.142135623730955,65
18271,71.87005768508878,709
18272,106.32590180780446,1248
18273,153.2964645562817,2796
18274,176.79393923934012,2215
18275,104.0538238691623,641
18276,119.81118318204302,819
18277,36.45584412271572,92
18278,123.811183182043,1879
18279,213.3797256769672,3495
18280,54.870057685088774,248
18281,81.59797974644661,912
18282,200.33809511662457,3141
18283,207.33809511662452,3930
18284,164.36753236814724,3113
18285,146.71067811865476,1183
18286,67.35533905932733,390
18287,99.91168824543138,840
18288,129.46803743153538,994
18289,27.798989873223338,55
18290,166.19595949289342,2456
18291,73.35533905932735,654
18292,143.02438661763952,1353
18293,75.59797974644663,696
18294,141.71067811865476,1788
18295,32.627416997969526,208
18296,174.20815280171323,2049
18297,19.313708498984763,44
18298,187.40916292848985,2022
18299,135.19595949289322,920
18300,101.91168824543135,1134
18301,117.5685424949237,2118
18302,95.22539674441612,1888
18303,119.66904755831209,1618
18304,136.56854249492375,2506
18305,135.53910524340088,1720
18306,82.254833995939,1114
18307,122.74011537017753,2591
18308,109.94112549695423,1140
18309,151.63961030678928,3007
18310,104.39696961966993,1096
18311,92.49747468305827,1365
18312,156.26702730475873,1759
18313,120.01219330881969,2224
18314,124.15432893255064,2190
18315,153.36753236814715,2960
18316,115.15432893255064,839
18317,112.46803743153538,995
18318,122.42640687119278,1650
18319,114.35533905932733,1528
18320,156.99494936611666,2405
18321,148.4680374315354,1957
18322,162.4091629284898,2126
18323,158.53910524340102,4163
18324,104.63961030678918,1333
18325,148.16652224137047,1914
18326,137.63961030678922,3480
18327,155.12489168102783,2944
18328,173.5807358037437,3238
18329,157.95331880577407,3106
18330,104.66904755831209,838
18331,93.98275605729685,879
18332,129.32590180780443,1715
18333,162.92388155425124,1989
18334,108.59797974644664,1750
18335,120.88225099390847,1259
18336,106.01219330881972,765
18337,94.01219330881972,1182
18338,106.84062043356593,512
18339,133.81118318204304,2006
18340,99.98275605729683,1616
18341,141.1248916810278,2339
18342,117.46803743153536,1385
18343,144.36753236814712,2568
18344,134.7106781186547,3559
18345,141.6396103067892,1385
18346,127.63961030678918,2821
18347,170.16652224137056,4612
18348,95.84062043356589,422
18349,101.11269837220807,665
18350,100.39696961966992,1436
18351,126.71067811865464,1938
18352,136.66904755831212,2157
18353,128.3969696196699,1212
18354,128.88225099390849,1452
18355,138.19595949289325,1573
18356,149.0538238691624,2291
18357,137.12489168102778,3023
18358,85.59797974644661,687
18359,121.0538238691623,1766
18360,143.71067811865476,2158
18361,127.25483399593897,2188
18362,133.3969696196699,1925
18363,160.26702730475887,3055
18364,146.36753236814712,3964
18365,151.0538238691624,3524
18366,111.66904755831207,1421
18367,142.7106781186547,1758
18368,122.95331880577393,1783
18369,100.49747468305827,1324
18370,157.26702730475884,3023
18371,126.32590180780443,2312
18372,157.36753236814718,1356
18373,97.32590180780446,1468
18374,88.49747468305826,1458
18375,123.53910524340084,2670
18376,123.12489168102775,655
18377,111.15432893255064,1620
18378,126.25483399593898,1195
18379,140.5685424949238,3769
18380,83.01219330881972,878
18381,132.15432893255067,2154
18382,141.32590180780448,4790
18383,119.56854249492373,989
18384,97.45584412271569,335
18385,142.0538238691623,3538
18386,137.953318805774,1232
18387,132.15432893255064,2403
18388,120.53910524340085,1633
18389,133.94112549695427,1773
18390,97.59797974644663,1077
18391,148.36753236814715,3005
18392,120.95331880577395,1513
18393,118.59797974644663,804
18394,118.3969696196699,1780
18395,100.32590180780444,877
18396,125.05382386916229,1410
18397,137.09545442950488,2064
18398,147.19595949289334,2410
18399,134.2964645562816,1630
18400,144.09545442950497,1318
18401,149.99494936611666,1732
18402,148.4386001800126,1561
18403,106.78174593052013,1060
18404,118.39696961966992,1601
18405,150.3380951166243,2647
18406,130.4386001800125,1440
18407,150.58073580374355,2248
18408,146.9949493661166,1482
18409,136.19595949289325,2208
18410,118.12489168102776,919
18411,134.36753236814707,1244
18412,127.12489168102775,1590
18413,107.2253967444161,974
18414,96.81118318204302,454
18415,122.95331880577395,1274
18416,95.15432893255065,470
18417,84.66904755831209,684
18418,125.12489168102775,1586
18419,110.95331880577395,1251
18420,140.50966799187805,1793
18421,105.63961030678921,563
18422,154.7523086789974,2511
18423,145.65180361560903,1420
18424,116.95331880577395,1256
18425,91.49747468305827,953
18426,159.16652224137053,1800
18427,114.22539674441609,1655
18428,131.19595949289322,1706
18429,124.95331880577395,1285
18430,125.95331880577395,1706
18431,123.71067811865467,1240
18432,115.78174593052013,1304
18433,122.19595949289322,1416
18434,145.92388155425115,1728
18435,166.3086578651015,3198
18436,156.99494936611669,2477
18437,87.32590180780446,866
18438,130.19595949289322,1445
18439,134.12489168102778,1410
18440,151.16652224137044,1919
18441,112.98275605729681,1207
18442,117.2253967444161,1261
18443,102.6396103067892,1043
18444,176.6518036156092,2217
18445,186.69343417595186,4066
18446,129.53910524340085,1347
18447,133.26702730475873,2417
18448,143.33809511662426,1947
18449,119.95331880577395,1251
18450,146.4386001800126,2526
18451,166.96551211459385,3340
18452,153.6812408671319,1817
18453,105.81118318204302,934
18454,148.65180361560905,1615
18455,149.6101730552664,2270
18456,128.92388155425104,1506
18457,129.26702730475867,1918
18458,120.46803743153538,1840
18459,175.72287142747467,1988
18460,93.39696961966993,663
18461,95.74011537017755,1057
18462,159.5807358037436,3181
18463,149.09545442950497,1531
18464,152.40916292848974,2287
18465,138.53910524340088,1501
18466,93.39696961966993,545
18467,139.61017305526636,1706
18468,168.9238815542513,3508
18469,147.95331880577402,1543
18470,122.15432893255064,1290
18471,132.12489168102778,1613
18472,126.78174593052013,1578
18473,84.74011537017756,439
18474,111.36753236814704,1206
18475,114.78174593052012,1258
18476,95.32590180780446,1094
18477,128.36753236814704,1468
18478,148.2670273047588,1840
18479,130.09545442950485,1688
18480,150.4091629284898,1428
18481,94.63961030678921,682
18482,134.50966799187802,1457
18483,146.92388155425115,2120
18484,147.58073580374355,2025
18485,118.6101730552663,1122
18486,134.81118318204307,1243
18487,105.22539674441612,1350
18488,140.5807358037435,1886
18489,115.98275605729683,1247
18490,152.85281374238573,2775
18491,130.6812408671318,1020
18492,150.82337649086284,1422
18493,159.96551211459385,3237
18494,114.6396103067892,1304
18495,120.53910524340084,1639
18496,126.53910524340084,1479
18497,133.63961030678922,1400
18498,152.7523086789974,2524
18499,86.98275605729684,1116
18500,79.98275605729685,570
18501,94.87005768508877,463
18502,129.3969696196699,809
18503,123.39696961966993,922
18504,136.59797974644667,1684
18505,67.52691193458114,399
18506,84.25483399593901,775
18507,101.15432893255065,1195
18508,127.87005768508878,1762
18509,130.0121933088197,2589
18510,159.05382386916233,1599
18511,93.0832611206852,525
18512,79.98275605729685,704
18513,120.22539674441612,1027
18514,80.7989898732233,338
18515,140.22539674441612,837
18516,125.76955262170043,1314
18517,93.52691193458116,358
18518,120.4680374315354,2978
18519,85.76955262170043,723
18520,86.66904755831207,871
18521,139.39696961966996,2794
18522,119.45584412271569,1618
18523,88.59797974644661,640
18524,91.15432893255065,751
18525,166.20815280171314,771
18526,76.15432893255065,288
18527,115.35533905932736,2493
18528,141.43860018001251,1627
18529,93.91168824543138,1226
18530,108.66904755831207,471
18531,107.39696961966992,1462
18532,126.58073580374341,907
18533,108.05382386916229,2769
18534,145.05382386916227,2320
18535,134.9238815542511,1629
18536,103.15432893255065,991
18537,113.49747468305826,2241
18538,131.85281374238556,1590
18539,124.35533905932733,2116
18540,123.8406204335659,941
18541,111.62741699796949,2068
18542,89.01219330881969,316
18543,109.94112549695421,1463
18544,68.52691193458116,405
18545,123.71067811865466,1563
18546,155.1543289325507,3071
18547,79.97056274847714,471
18548,114.38477631085023,678
18549,106.63961030678921,980
18550,109.26702730475868,544
18551,87.84062043356589,1580
18552,108.56854249492373,1450
18553,90.0416305603426,564
18554,154.0243866176395,2511
18555,147.32590180780454,5089
18556,169.58073580374366,1315
18557,119.45584412271569,537
18558,78.98275605729683,101
18559,104.04163056034258,390
18560,115.95331880577392,1101
18561,90.94112549695423,817
18562,144.74011537017753,256
18563,77.98275605729685,451
18564,105.698484809835,648
18565,108.42640687119281,2423
18566,97.74011537017756,583
18567,93.6396103067892,450
18568,129.35533905932732,2409
18569,92.42640687119282,437
18570,94.4264068711928,1247
18571,121.26702730475867,2662
18572,103.19595949289322,803
18573,74.52691193458116,370
18574,95.11269837220807,645
18575,27.142135623730955,66
18576,99.18376618407353,963
18577,137.95331880577396,1668
18578,104.32590180780446,232
18579,111.28427124746186,1963
18580,108.2132034355964,1053
18581,108.05382386916229,996
18582,104.56854249492372,692
18583,79.08326112068517,466
18584,154.1959594928933,1122
18585,143.3259018078045,2090
18586,113.49747468305826,1469
18587,92.6690475583121,696
18588,93.29646455628158,523
18589,101.0538238691623,2662
18590,96.42640687119281,1078
18591,135.8406204335659,3922
18592,75.76955262170046,367
18593,153.26702730475876,4418
18594,89.69848480983497,841
18595,86.46803743153538,207
18596,90.52691193458116,1496
18597,128.58073580374344,993
18598,103.46803743153538,1202
18599,78.62741699796949,288
18600,86.81118318204301,1508
18601,154.32590180780446,4682
18602,98.28427124746189,767
18603,64.0832611206852,386
18604,150.49747468305833,2240
18605,184.23759005323615,3709
18606,149.84062043356596,2848
18607,99.08326112068518,1464
18608,126.32590180780443,2829
18609,92.88225099390849,1638
18610,77.79898987322332,1402
18611,124.25483399593898,1896
18612,105.71067811865468,1216
18613,113.56854249492378,1898
18614,105.79898987322332,607
18615,90.55634918610401,1148
18616,111.18376618407352,1353
18617,89.5979797464466,1086
18618,86.14213562373092,1837
18619,121.63961030678921,2153
18620,50.14213562373095,79
18621,81.52691193458115,506
18622,62.72792206135786,98
18623,183.37972567696713,4748
18624,106.35533905932733,953
18625,138.99494936611654,1480
18626,61.97056274847711,761
18627,91.7695526217004,1366
18628,135.52691193458116,1963
18629,127.71067811865463,3712
18630,171.56854249492386,3723
18631,67.35533905932735,511
18632,168.23759005323606,5278
18633,89.45584412271569,993
18634,193.22539674441626,3695
18635,82.5979797464466,1818
18636,101.61017305526634,3204
18637,144.87005768508882,4478
18638,102.32590180780447,1379
18639,128.74011537017756,1116
18640,91.49747468305827,1279
18641,68.18376618407356,1275
18642,140.9116882454314,4232
18643,130.53910524340085,290
18644,71.6274169979695,838
18645,111.45584412271566,2136
18646,110.26702730475868,1434
18647,116.95331880577396,2170
18648,154.9827560572969,2754
18649,99.94112549695423,926
18650,175.87005768508885,3461
18651,93.89949493661165,2143
18652,121.5391052434008,1081
18653,167.37972567696676,3760
18654,133.46803743153538,1476
18655,145.25483399593907,4629
18656,126.81118318204302,874
18657,79.6274169979695,2702
18658,140.59797974644658,3471
18659,103.74011537017753,2331
18660,61.76955262170045,374
18661,72.7989898732233,1260
18662,75.254833995939,1098
18663,86.08326112068517,1430
18664,159.59797974644658,4466
18665,134.05382386916227,2174
18666,96.08326112068517,2500
18667,120.04163056034263,884
18668,117.8406204335659,1098
18669,166.53910524340085,2085
18670,94.38477631085021,450
18671,90.21320343559643,1913
18672,100.79898987322333,715
18673,100.35533905932733,859
18674,84.74011537017753,1632
18675,143.46803743153538,4368
18676,79.62741699796953,189
18677,163.1837661840736,4029
18678,128.68124086713178,2144
18679,98.63961030678918,2737
18680,157.3969696196699,9037
18681,91.8406204335659,976
18682,80.94112549695426,1379
18683,70.79898987322332,220
18684,91.69848480983495,452
18685,73.25483399593901,637
18686,91.95331880577396,1296
18687,72.94112549695421,470
18688,72.01219330881972,986
18689,124.81118318204298,3024
18690,154.53910524340085,2830
18691,125.29646455628159,2439
18692,143.52691193458116,2515
18693,86.21320343559641,980
18694,101.39696961966987,2078
18695,78.18376618407353,2231
18696,124.08326112068515,1867
18697,56.04163056034262,559
18698,145.40916292848962,2892
18699,128.4974746830583,1654
18700,96.81118318204301,371
18701,89.81118318204301,457
18702,120.58073580374345,906
18703,128.98275605729685,1557
18704,128.30865786510128,1936
18705,129.91168824543132,2459
18706,130.6396103067892,2771
18707,154.52186130069785,3121
18708,131.2132034355964,2284
18709,155.9238815542513,6657
18710,120.3553390593273,1878
18711,150.811183182043,789
18712,92.63961030678921,957
18713,152.19595949289322,2654
18714,130.6274169979695,890
18715,119.56854249492369,1210
18716,119.19595949289322,1236
18717,68.66904755831212,523
18718,91.76955262170044,623
18719,163.568542494924,1511
18720,98.74011537017752,1505
18721,82.0832611206852,993
18722,112.35533905932733,1426
18723,118.09545442950488,1519
18724,82.74011537017755,1372
18725,110.49747468305823,2931
18726,98.69848480983497,1075
18727,108.68124086713179,429
18728,142.52691193458114,3030
18729,106.36753236814705,665
18730,124.35533905932733,1117
18731,180.48023074035544,2194
18732,76.3553390593273,777
18733,126.63961030678924,3226
18734,91.94112549695427,1209
18735,70.98275605729685,128
18736,130.05382386916227,1362
18737,84.76955262170043,695
18738,137.94112549695421,1030
18739,163.55129855222066,3180
18740,146.52691193458116,596
18741,110.8406204335659,1777
18742,170.42135623730957,2410
18743,84.22539674441613,1831
18744,99.84062043356589,1136
18745,142.89444430272815,317
18746,152.8233764908628,2443
18747,81.15432893255064,983
18748,110.22539674441612,917
18749,97.94112549695427,557
18750,116.6101730552663,960
18751,93.01219330881975,231
18752,115.12489168102778,201
18753,115.22539674441607,1039
18754,125.78174593052015,3020
18755,80.56854249492378,1116
18756,123.74011537017755,1582
18757,127.39696961966993,1029
18758,107.94112549695424,941
18759,143.53910524340083,1904
18760,154.92388155425107,3018
18761,133.53910524340085,1743
18762,211.37972567696715,2888
18763,149.68124086713175,2152
18764,77.46803743153541,291
18765,105.84062043356593,1724
18766,81.74011537017759,1410
18767,125.92388155425104,461
18768,129.36753236814704,2867
18769,126.85281374238559,1801
18770,84.6274169979695,351
18771,74.62741699796952,845
18772,111.05382386916226,2289
18773,136.4680374315354,2178
18774,195.73506473629456,4626
18775,118.94112549695424,1399
18776,116.71067811865467,213
18777,109.91168824543134,1584
18778,154.95331880577407,6169
18779,118.71067811865466,2696
18780,114.61017305526632,2049
18781,105.71067811865468,814
18782,116.66904755831206,380
18783,161.0121933088197,453
18784,71.69848480983494,487
18785,144.18376618407353,671
18786,109.81118318204301,1070
18787,93.21320343559643,247
18788,160.40916292848982,5510
18789,210.7817459305204,3667
18790,85.38477631085021,492
18791,99.84062043356592,1633
18792,85.56854249492376,954
18793,117.56854249492376,1065
18794,96.08326112068521,2368
18795,126.15432893255065,2840
18796,172.23759005323612,2733
18797,138.21320343559637,3122
18798,74.62741699796953,159
18799,174.58073580374344,5271
18800,82.15432893255065,975
18801,80.88225099390851,1462
18802,129.811183182043,834
18803,177.06601717798222,1903
18804,168.6101730552665,2049
18805,64.38477631085021,1023
18806,72.69848480983497,1101
18807,147.02438661763946,1548
18808,128.33809511662415,445
18809,89.254833995939,591
18810,102.78174593052013,1015
18811,119.98275605729684,1895
18812,97.811183182043,714
18813,131.75230867899722,1384
18814,151.36753236814715,1342
18815,101.32590180780447,1398
18816,84.91168824543138,1296
18817,87.81118318204301,293
18818,72.6274169979695,143
18819,87.32590180780444,646
18820,71.01219330881972,602
18821,74.69848480983498,1412
18822,140.09545442950488,547
18823,107.95331880577396,628
18824,132.46803743153538,2607
18825,94.56854249492376,792
18826,133.26702730475867,413
18827,207.52186130069825,2346
18828,61.84062043356593,366
18829,154.48023074035524,1663
18830,97.66904755831209,443
18831,59.18376618407354,223
18832,72.25483399593901,378
18833,115.05382386916227,2464
18834,90.98275605729684,1241
18835,129.75230867899722,1734
18836,105.15432893255063,1066
18837,92.12489168102776,683
18838,60.45584412271567,475
18839,180.48023074035515,1250
18840,90.12489168102776,550
18841,140.46803743153538,1990
18842,49.183766184073555,132
18843,106.91168824543135,556
18844,71.01219330881972,544
18845,88.98275605729684,2207
18846,161.23759005323595,2910
18847,97.02438661763941,233
18848,77.2132034355964,378
18849,83.11269837220806,542
18850,146.15432893255064,779
18851,54.52691193458119,418
18852,127.61017305526629,1057
18853,73.6690475583121,316
18854,122.0121933088197,1534
18855,123.9949493661165,857
18856,71.94112549695424,1444
18857,145.39696961966996,2475
18858,72.2132034355964,387
18859,52.69848480983499,477
18860,155.22539674441626,1704
18861,143.37972567696684,1407
18862,99.98275605729681,1611
18863,195.37972567696698,1974
18864,199.42135623730962,3577
18865,76.01219330881972,401
18866,75.0121933088197,525
18867,136.46803743153538,385
18868,92.88225099390849,993
18869,163.09545442950505,1724
18870,123.36753236814704,1105
18871,190.90663761154832,2876
18872,97.81118318204302,2850
18873,89.98275605729685,510
18874,85.84062043356589,559
18875,79.42640687119281,494
18876,73.91168824543139,1389
18877,110.6101730552663,1931
18878,129.22539674441612,456
18879,99.4264068711928,1768
18880,86.46803743153538,289
18881,95.56854249492375,331
18882,68.01219330881973,178
18883,86.11269837220809,371
18884,113.84062043356587,993
18885,105.76955262170044,262
18886,68.6690475583121,406
18887,67.59797974644661,302
18888,109.08326112068517,646
18889,90.08326112068518,620
18890,89.4264068711928,290
18891,78.62741699796949,582
18892,68.08326112068518,158
18893,93.15432893255063,710
18894,118.19595949289322,2293
18895,108.01219330881968,1383
18896,108.88225099390847,808
18897,181.0365799264595,1619
18898,80.49747468305827,1045
18899,87.15432893255064,1560
18900,137.94112549695433,2794
18901,118.35533905932732,2047
18902,132.50966799187796,1166
18903,88.8700576850888,456
18904,153.40916292848974,6204
18905,120.88225099390847,1339
18906,125.88225099390847,2581
18907,119.87005768508878,2420
18908,135.16652224137033,1397
18909,83.52691193458115,785
18910,119.84062043356589,1227
18911,125.8406204335659,1172
18912,122.87005768508875,1421
18913,137.43860018001254,2810
18914,144.95331880577396,6108
18915,126.92388155425108,2637
18916,82.52691193458118,1107
18917,82.11269837220806,474
18918,129.066017177982,1144
18919,126.6274169979695,558
18920,115.84062043356589,2950
18921,75.94112549695427,644
18922,133.91168824543132,1952
18923,103.2253967444161,853
18924,103.01219330881972,356
18925,109.38477631085023,353
18926,101.87005768508877,821
18927,156.61017305526642,2438
18928,149.50966799187813,3173
18929,116.7817459305201,1249
18930,93.35533905932735,2237
18931,99.59797974644663,1461
18932,156.95331880577396,2050
18933,98.69848480983497,375
18934,88.94112549695424,1328
18935,109.46803743153538,733
18936,101.94112549695427,1855
18937,125.29646455628158,1208
18938,170.06601717798216,1642
18939,147.74011537017753,5237
18940,128.76955262170043,2587
18941,123.63961030678921,1140
18942,124.05382386916229,4924
18943,100.71067811865466,552
18944,119.91168824543136,2321
18945,104.15432893255067,662
18946,154.36753236814704,3985
18947,76.94112549695429,762
18948,128.254833995939,2271
18949,127.46803743153541,2431
18950,93.87005768508878,729
18951,115.71067811865466,1479
18952,96.87005768508877,307
18953,162.42640687119285,3419
18954,113.01219330881975,3879
18955,160.56854249492375,4748
18956,132.25483399593895,1708
18957,151.36753236814707,4137
18958,123.63961030678917,1955
18959,120.42640687119281,4674
18960,104.35533905932732,1884
18961,107.32590180780443,541
18962,138.68124086713183,1456
18963,170.0243866176395,3376
18964,88.08326112068518,711
18965,96.8700576850888,863
18966,172.2670273047588,2400
18967,153.1370849898476,2221
18968,178.50966799187827,2599
18969,143.65180361560897,860
18970,156.22539674441623,4665
18971,113.69848480983497,3780
18972,123.87005768508878,1740
18973,123.35533905932733,903
18974,165.48023074035535,2754
18975,115.76955262170044,1609
18976,182.29646455628165,3723
18977,149.11269837220806,6361
18978,130.75230867899725,1985
18979,180.698484809835,3586
18980,153.85281374238573,2791
18981,105.11269837220804,1030
18982,142.21320343559637,5842
18983,123.95331880577393,1840
18984,114.18376618407352,858
18985,104.22539674441609,1004
18986,97.74011537017756,1269
18987,162.53910524340085,4533
18988,90.18376618407353,693
18989,117.87005768508878,1040
18990,174.87005768508885,2078
18991,112.46803743153535,473
18992,165.09545442950503,2741
18993,125.35533905932732,996
18994,139.05382386916233,4317
18995,108.98275605729684,1839
18996,75.8406204335659,355
18997,121.22539674441612,2772
18998,116.95331880577395,3918
18999,110.15432893255061,1094
19000,899.6732316404218,2570
19001,1604.2266222336984,5590
19002,2079.4124804588255,7574
19003,1295.0062761231643,3833
19004,2283.7505755754332,7755
19005,1547.6702730475943,4510
19006,1969.7728701520375,5585
19007,2127.7556262093285,7381
19008,2472.1841251215433,7898
19009,1375.7463914933423,6065
19010,1322.1311678041925,4403
19011,1667.4814562296378,6883
19012,2418.0764773832243,7061
19013,1460.6458864299539,5098
19014,1671.6824663564144,5835
19015,1225.3788591251946,4116
19016,1651.569767984206,7019
19017,1402.645886429954,5497
19018,1925.245958217456,5797
19019,1035.685424949242,4406
19020,1995.8145007123803,7204
19021,1898.1748904055905,4999
19022,1363.7047609329995,4267
19023,1849.0621920333822,7055
19024,1666.6824663564141,5908
19025,1312.775828744865,3963
19026,1828.2632021601587,6980
19027,1519.5281374238632,6046
19028,2003.8023074035602,6875
19029,1608.2266222336982,4308
19030,1103.555482634331,2772
19031,1789.9911242215164,6017
19032,1383.633693121134,7993
19033,1883.2753954689788,7685
19034,1947.1576464628877,7254
19035,2592.296823493742,7763
19036,1114.839753881793,4611
19037,2315.674457129678,7474
19038,1067.969696196704,4448
19039,1441.4865068635202,6442
19040,1502.8590898655507,7324
19041,1382.6631303726567,5713
19042,1072.0407640085696,4598
19043,2539.4562030601796,7166
19044,1339.2611101191037,5389
19045,1562.9423509862363,5681
19046,1748.192134348293,7213
19047,1470.8174593052079,5237
19048,1801.7779207859203,6705
19049,1031.5138520739881,5561
19050,1129.0529573173897,2357
19051,1727.363707223547,5925
19052,1476.6702730475943,5483
19053,2061.21147033205,7673
19054,1337.3027406794465,4160
19055,2533.0541828066284,6469
19056,1342.2489168102836,3930
19057,1625.6408357960715,3830
19058,1900.6012972767837,5784
19059,1820.1921343482932,6703
19060,2267.934341759507,6490
19061,1733.4225817265924,6990
19062,1476.3860018001321,4631
19063,1356.3199846221491,4086
19064,1426.7707781109825,4897
19065,1988.157646462888,6473
19066,1035.2001435750033,3445
19067,2057.2287142747523,5417
19068,1933.157646462888,6534
19069,1190.579869251971,5116
19070,1369.8590898655507,5905
19071,1599.569767984206,3601
19072,2176.637877203234,7466
19073,1738.807358037443,7580
19074,1237.9524522540014,4601
19075,1131.9818895055241,4894
19076,1074.283404695689,3491
19077,1470.687516990297,4188
19078,1857.5647173503235,5883
19079,2207.4368670764516,6769
19080,1287.1778489984179,3304
19081,1908.9028124669485,6366
19082,1192.751442127225,2647
19083,1226.9818895055241,4848
19084,2127.5373721398496,4636
19085,1006.8569978244957,4727
19086,1763.4225817265924,5168
19087,1055.7981233214502,3103
19088,1392.7463914933423,4174
19089,2438.4734470028934,6304
19090,2699.5516574896756,5938
19091,1488.9545442950564,5630
19092,876.0458146424521,2613
19093,1486.2144289248783,4925
19094,2421.0176028801798,6800
19095,1718.493649538458,8158
19096,1550.1727983645355,6857
19097,2290.022653514072,7003
19098,1469.6753236814768,5113
19099,1706.3515139147269,5344
19100,654.0538238691628,7680
19101,483.5979797464469,3157
19102,859.0832611206855,5601
19103,1156.296464556282,7780
19104,737.2253967444167,6956
19105,627.5979797464469,4475
19106,566.2842712474621,2183
19107,590.2842712474621,5464
19108,733.4558441227159,3996
19109,714.9827560572974,7190
19110,785.8406204335663,6377
19111,650.4264068711931,4552
19112,1477.740115370178,6555
19113,1064.9116882454318,7229
19114,1110.882250993909,4902
19115,688.870057685089,4573
19116,858.0832611206856,6609
19117,679.7695526217008,4812
19118,627.0121933088201,3732
19119,1068.3969696196702,7696
19120,370.3847763108504,2868
19121,1277.9116882454318,6553
19122,1143.8406204335663,6449
19123,826.7106781186551,5121
19124,564.597979746447,3516
19125,1175.3259018078047,6412
19126,1033.0832611206856,6319
19127,560.0416305603428,4717
19128,884.5685424949243,4384
19129,524.7695526217007,4327
19130,991.6690475583124,5495
19131,751.2132034355966,3914
19132,596.1126983722083,5655
19133,1448.5391052434013,7701
19134,580.6274169979697,3989
19135,1227.4264068711932,4530
19136,839.4974746830587,5764
19137,1453.1543289325512,6493
19138,540.0416305603428,3205
19139,1002.0538238691627,6950
19140,1316.1543289325512,6613
19141,1220.6396103067896,7775
19142,918.3259018078048,4981
19143,1275.4264068711932,7016
19144,483.6984848098352,4384
19145,646.2132034355966,2637
19146,1122.9827560572974,7164
19147,983.6396103067898,7589
19148,1672.4974746830587,5826
19149,1028.9827560572971,5471
19150,1045.8406204335663,5733
19151,509.2842712474621,2412
19152,1083.4974746830587,5903
19153,1013.4264068711932,5687
19154,883.2842712474621,4702
19155,1485.5391052434015,7505
19156,726.9116882454318,3858
19157,554.0416305603427,3147
19158,425.982756057297,4252
19159,1271.8822509939089,6500
19160,844.568542494924,5929
19161,878.6396103067898,6814
19162,673.2548339959394,4706
19163,890.3259018078047,5484
19164,1366.3675323681477,7791
19165,1318.568542494924,7443
19166,527.2132034355966,3828
19167,1216.8528137423862,4907
19168,727.8406204335663,4872
19169,872.3259018078049,5470
19170,1270.8528137423862,6289
19171,702.6274169979697,5031
19172,1276.8111831820436,6573
19173,637.7695526217008,5935
19174,651.4974746830587,5030
19175,788.5685424949243,7435
19176,812.0832611206855,3102
19177,1523.5685424949243,7464
19178,757.9827560572973,7127
19179,520.6984848098352,3792
19180,592.5269119345814,4652
19181,509.6274169979697,4858
19182,777.3969696196702,4908
19183,859.7401153701779,6555
19184,874.7989898732235,2329
19185,395.0832611206854,4683
19186,413.18376618407376,4354
19187,1605.752308678998,7797
19188,500.7989898732235,4317
19189,446.01219330882003,2644
19190,603.1126983722083,6075
19191,1694.2964645562822,8012
19192,798.9411254969546,4756
19193,867.0243866176402,8184
19194,523.5563491861042,4353
19195,593.3553390593277,3257
19196,578.7695526217008,6529
19197,609.2132034355966,1922
19198,462.74011537017793,5969
19199,856.8406204335663,6041
19200,146.95331880577402,1516
19201,67.38477631085021,418
19202,159.5807358037436,1979
19203,195.65180361560928,3930
19204,48.21320343559641,194
19205,35.899494936611674,131
19206,138.22539674441617,2512
19207,56.52691193458116,427
19208,161.1248916810279,1220
19209,131.2964645562816,1147
19210,46.21320343559642,240
19211,179.7523086789975,2643
19212,84.49747468305827,489
19213,131.88225099390849,888
19214,246.90663761154843,4778
19215,40.213203435596434,114
19216,107.74011537017755,1196
19217,170.02438661763966,2999
19218,50.79898987322331,259
19219,40.38477631085023,187
19220,27.656854249492383,54
19221,152.36753236814718,1416
19222,85.56854249492372,682
19223,119.56854249492373,1620
19224,181.58073580374366,2080
19225,133.9238815542511,2082
19226,85.52691193458115,610
19227,79.59797974644663,740
19228,153.12489168102786,2862
19229,111.39696961966992,719
19230,115.88225099390847,1169
19231,216.50966799187833,3035
19232,310.0487732352797,3580
19233,138.7106781186547,1776
19234,123.81118318204302,1904
19235,137.98275605729685,1263
19236,115.56854249492373,1005
19237,80.01219330881973,552
19238,140.50966799187805,1595
19239,108.18376618407355,431
19240,156.0538238691624,1274
19241,215.7228714274748,4835
19242,112.78174593052013,575
19243,136.5391052434009,2157
19244,119.2253967444161,1309
19245,161.65180361560914,2841
19246,136.0538238691623,1170
19247,173.61017305526656,1964
19248,80.32590180780446,403
19249,186.33809511662437,2612
19250,75.76955262170044,495
19251,84.39696961966995,866
19252,235.99494936611694,3521
19253,30.384776310850242,99
19254,78.76955262170044,665
19255,35.55634918610405,153
19256,110.29646455628156,569
19257,30.313708498984763,102
19258,134.15432893255064,1551
19259,236.3797256769672,1862
19260,258.39191898578713,3053
19261,60.28427124746189,421
19262,131.78174593052012,1461
19263,92.49747468305826,540
19264,259.42135623730996,4602
19265,30.213203435596434,145
19266,123.36753236814702,1591
19267,80.35533905932733,836
19268,128.6396103067892,1356
19269,48.21320343559641,255
19270,28.142135623730955,65
19271,71.87005768508878,709
19272,106.32590180780446,1248
19273,153.2964645562817,2796
19274,176.79393923934012,2215
19275,104.0538238691623,641
19276,119.81118318204302,819
19277,36.45584412271572,92
19278,123.811183182043,1879
19279,213.3797256769672,3495
19280,54.870057685088774,248
19281,81.59797974644661,912
19282,200.33809511662457,3141
19283,207.33809511662452,3930
19284,164.36753236814724,3113
19285,146.71067811865476,1183
19286,67.35533905932733,390
19287,99.91168824543138,840
19288,129.46803743153538,994
19289,27.798989873223338,55
19290,166.19595949289342,2456
19291,73.35533905932735,654
19292,143.02438661763952,1353
19293,75.59797974644663,696
19294,141.71067811865476,1788
19295,32.627416997969526,208
19296,174.20815280171323,2049
19297,19.313708498984763,44
19298,187.40916292848985,2022
19299,135.19595949289322,920
19300,133.811183182043,2667
19301,102.35533905932732,1344
19302,82.8406204335659,722
19303,114.98275605729683,1214
19304,158.33809511662432,2082
19305,122.19595949289322,1296
19306,114.6396103067892,2420
19307,103.69848480983495,693
19308,121.2253967444161,1614
19309,154.36753236814712,1685
19310,167.68124086713198,3207
19311,173.1665222413705,4138
19312,152.6101730552664,3474
19313,126.78174593052012,2321
19314,101.52691193458116,1100
19315,92.49747468305829,742
19316,130.29646455628156,1155
19317,88.87005768508878,1193
19318,89.0121933088197,903
19319,129.3969696196699,2753
19320,84.76955262170046,1119
19321,152.61017305526644,3133
19322,144.8111831820431,1406
19323,108.811183182043,1800
19324,119.71067811865466,1147
19325,77.11269837220806,544
19326,119.32590180780446,1085
19327,92.49747468305829,1029
19328,113.52691193458116,473
19329,109.6690475583121,619
19330,129.71067811865464,1016
19331,108.6396103067892,793
19332,149.53910524340097,3457
19333,140.88225099390854,2587
19334,159.26702730475887,3823
19335,127.63961030678917,1622
19336,126.68124086713178,938
19337,113.98275605729681,1585
19338,142.19595949289325,3249
19339,131.05382386916227,2359
19340,163.02438661763955,4983
19341,115.22539674441612,2071
19342,103.76955262170043,1506
19343,100.59797974644663,870
19344,128.95331880577393,1205
19345,167.50966799187816,4168
19346,80.69848480983497,512
19347,127.71067811865464,2578
19348,107.32590180780446,509
19349,142.19595949289328,1662
19350,163.68124086713192,2830
19351,141.1248916810278,1178
19352,165.7817459305203,3714
19353,123.39696961966992,1251
19354,149.09545442950494,2014
19355,120.78174593052013,3129
19356,125.95331880577392,2363
19357,134.953318805774,4576
19358,149.81118318204312,815
19359,116.78174593052012,828
19360,153.85281374238573,2160
19361,106.56854249492375,1225
19362,81.32590180780446,703
19363,169.19595949289334,1905
19364,130.811183182043,902
19365,132.811183182043,1625
19366,105.39696961966992,1348
19367,148.5391052434009,1316
19368,91.74011537017756,914
19369,130.32590180780448,2033
19370,110.32590180780446,1487
19371,167.23759005323598,3030
19372,110.39696961966992,1221
19373,140.9238815542511,2678
19374,104.88225099390849,2283
19375,119.4558441227157,254
19376,143.39696961966996,2329
19377,134.08326112068517,1969
19378,115.08326112068517,1568
19379,129.78174593052012,2413
19380,156.26702730475884,3564
19381,112.42640687119281,1894
19382,109.01219330881973,708
19383,132.59797974644664,2390
19384,116.76955262170044,561
19385,106.39696961966993,1117
19386,110.2253967444161,971
19387,127.59797974644661,2179
19388,151.02438661763946,2444
19389,144.254833995939,1838
19390,149.5391052434009,2744
19391,111.53910524340085,482
19392,128.05382386916227,2215
19393,111.15432893255063,2136
19394,114.66904755831209,637
19395,147.6396103067893,3302
19396,100.91168824543138,1320
19397,113.39696961966992,2067
19398,150.5807358037436,1825
19399,118.84062043356587,2202
19400,130.29646455628156,1510
19401,113.88225099390847,1695
19402,117.36753236814704,1444
19403,94.32590180780446,1014
19404,130.12489168102775,1520
19405,124.85281374238559,1152
19406,114.36753236814701,1682
19407,107.91168824543138,1379
19408,119.98275605729681,1010
19409,151.33809511662423,1971
19410,149.7523086789974,2396
19411,117.53910524340084,1395
19412,116.05382386916229,1154
19413,182.45079348883255,2258
19414,137.5807358037435,1884
19415,115.78174593052015,1324
19416,192.96551211459405,3615
19417,138.6101730552664,2229
19418,79.49747468305827,444
19419,110.39696961966992,768
19420,122.63961030678918,1336
19421,117.29646455628156,1594
19422,144.09545442950497,2039
19423,144.5391052434009,1937
19424,111.2253967444161,959
19425,87.66904755831207,825
19426,113.15432893255065,1376
19427,130.19595949289322,1375
19428,149.16652224137044,3340
19429,130.61017305526633,1813
19430,114.36753236814704,944
19431,87.32590180780446,419
19432,153.75230867899742,3704
19433,189.37972567696707,6059
19434,183.65180361560923,3092
19435,171.681240867132,3496
19436,130.2964645562816,2233
19437,118.88225099390849,1378
19438,124.0243866176394,1674
19439,143.1959594928933,1526
19440,118.98275605729681,1135
19441,93.32590180780446,348
19442,107.29646455628156,912
19443,134.8822509939085,1877
19444,95.0538238691623,1084
19445,109.6396103067892,1224
19446,119.78174593052012,891
19447,112.46803743153538,820
19448,129.4386001800125,1637
19449,136.9238815542511,1137
19450,157.9238815542512,4221
19451,152.43860018001266,1038
19452,107.6396103067892,1093
19453,155.9949493661167,1774
19454,106.81118318204301,911
19455,128.95331880577393,1474
19456,130.2670273047587,2388
19457,147.50966799187805,2098
19458,87.66904755831207,774
19459,86.15432893255064,716
19460,152.06601717798216,1738
19461,94.18376618407353,481
19462,161.75230867899745,2126
19463,125.85281374238558,1393
19464,89.08326112068518,674
19465,146.2670273047588,2136
19466,133.78174593052017,1702
19467,172.48023074035535,3520
19468,138.5807358037435,1155
19469,97.98275605729684,884
19470,179.13708498984775,4154
19471,85.81118318204302,724
19472,115.71067811865466,1106
19473,132.98275605729685,1128
19474,147.50966799187802,2485
19475,122.29646455628156,1345
19476,158.82337649086293,2416
19477,119.4386001800125,1311
19478,131.68124086713178,1580
19479,136.43860018001254,1304
19480,193.52186130069808,3289
19481,144.16652224137042,1843
19482,108.05382386916229,1042
19483,194.10764773832497,2793
19484,102.15432893255063,1218
19485,121.29646455628156,2234
19486,147.92388155425118,2104
19487,114.98275605729684,950
19488,121.36753236814702,1694
19489,117.12489168102776,1419
19490,137.19595949289325,1446
19491,146.8528137423857,1198
19492,139.78174593052023,3589
19493,121.4386001800125,901
19494,152.99494936611669,2295
19495,173.72287142747467,2134
19496,150.7523086789974,2432
19497,112.29646455628158,1344
19498,121.05382386916229,1006
19499,82.74011537017756,662
19500,90.76955262170043,604
19501,111.66904755831209,1336
19502,103.14213562373095,1085
19503,70.35533905932735,709
19504,97.91168824543135,716
19505,102.79898987322333,1061
19506,125.49747468305829,1473
19507,95.69848480983495,872
19508,117.01219330881972,1118
19509,142.88225099390849,2714
19510,139.2375900532358,1341
19511,101.01219330881972,1179
19512,97.69848480983497,967
19513,124.78174593052013,1708
19514,134.61017305526633,2541
19515,87.15432893255064,1262
19516,98.14213562373094,307
19517,131.02438661763944,1533
19518,73.0832611206852,610
19519,139.95331880577396,2334
19520,121.56854249492373,2397
19521,149.01219330881977,828
19522,125.49747468305826,1734
19523,91.05382386916227,344
19524,111.36753236814704,622
19525,153.92388155425107,1815
19526,69.72792206135786,140
19527,116.05382386916227,1324
19528,82.74011537017758,945
19529,152.62236636408613,598
19530,118.52691193458114,1313
19531,185.68124086713203,5778
19532,132.6101730552663,1518
19533,90.18376618407352,595
19534,112.19595949289325,2353
19535,107.53910524340085,924
19536,144.88225099390849,1888
19537,107.61017305526629,724
19538,105.74011537017753,1099
19539,95.08326112068515,520
19540,110.94112549695427,972
19541,124.25483399593901,784
19542,155.19595949289337,2151
19543,136.9949493661166,1673
19544,138.72287142747444,1037
19545,149.92388155425112,2430
19546,86.45584412271567,1517
19547,76.91168824543136,231
19548,104.59797974644665,1226
19549,135.32590180780446,2407
19550,126.08326112068517,1897
19551,108.42640687119278,1338
19552,98.39696961966995,859
19553,131.05382386916227,1258
19554,108.66904755831207,2875
19555,115.4386001800125,1255
19556,129.12489168102775,3414
19557,113.74011537017753,1560
19558,101.85281374238562,1266
19559,110.35533905932733,600
19560,133.98275605729688,1726
19561,138.16652224137033,2014
19562,137.1543289325507,2870
19563,114.32590180780446,3780
19564,119.39696961966989,780
19565,111.08326112068515,1752
19566,112.28427124746185,526
19567,123.5685424949237,1250
19568,131.2253967444161,1688
19569,111.45584412271567,853
19570,85.97056274847714,233
19571,86.98275605729684,855
19572,160.69343417595178,1070
19573,141.98275605729685,729
19574,115.02438661763944,1227
19575,129.74011537017756,1354
19576,152.43860018001263,1630
19577,126.16652224137034,1184
19578,97.12489168102778,678
19579,115.53910524340085,1025
19580,80.72792206135784,945
19581,88.4264068711928,637
19582,103.3847763108502,626
19583,140.74011537017753,1755
19584,107.6690475583121,2053
19585,107.8406204335659,406
19586,141.811183182043,2942
19587,89.59797974644664,562
19588,124.8233764908627,660
19589,153.1543289325507,2977
19590,95.4680374315354,605
19591,85.69848480983495,1225
19592,103.56854249492372,856
19593,92.21320343559643,357
19594,140.3259018078045,2441
19595,91.45584412271569,1266
19596,138.6812408671318,2323
19597,110.42640687119278,473
19598,119.53910524340085,893
19599,124.05382386916229,1401
19600,111.66904755831209,1999
19601,80.94112549695426,796
19602,107.25483399593902,458
19603,113.32590180780446,1449
19604,74.76955262170047,1156
19605,107.11269837220804,1504
19606,100.42640687119281,2853
19607,97.59797974644661,3122
19608,104.88225099390849,2871
19609,120.88225099390849,3060
19610,103.8700576850888,2005
19611,102.12489168102775,1993
19612,54.76955262170048,486
19613,96.46803743153538,1082
19614,108.94112549695426,960
19615,112.66904755831206,1607
19616,110.25483399593898,1491
19617,111.22539674441613,552
19618,56.72792206135785,407
19619,121.74011537017753,3197
19620,99.76955262170046,1053
19621,102.72792206135783,3410
19622,89.3847763108502,1111
19623,98.0832611206852,1356
19624,105.01219330881972,456
19625,79.08326112068522,732
19626,153.29646455628156,5586
19627,123.0538238691623,2396
19628,81.28427124746187,397
19629,134.25483399593898,3887
19630,192.1665222413706,4422
19631,102.52691193458114,2849
19632,173.95331880577413,4204
19633,75.0416305603426,586
19634,88.7989898732233,990
19635,100.3553390593273,1098
19636,115.76955262170046,2493
19637,128.49747468305827,2986
19638,126.39696961966987,1721
19639,168.13708498984766,4832
19640,138.3259018078045,6245
19641,123.1543289325506,1197
19642,98.62741699796949,1964
19643,105.56854249492372,2380
19644,99.3969696196699,2732
19645,79.28427124746189,244
19646,144.8111831820431,4824
19647,95.91168824543138,1538
19648,92.04163056034261,589
19649,101.84062043356589,1270
19650,104.08326112068517,1055
19651,95.97056274847714,266
19652,131.43860018001254,6361
19653,105.32590180780443,1362
19654,74.5979797464466,807
19655,96.71067811865468,972
19656,224.01219330881995,4161
19657,89.95331880577397,2233
19658,92.97056274847711,3402
19659,133.95331880577396,1207
19660,166.79393923934,6411
19661,192.6690475583123,4281
19662,80.21320343559641,1396
19663,94.59797974644658,2051
19664,98.87005768508877,827
19665,80.18376618407352,732
19666,80.21320343559638,691
19667,127.08326112068517,3226
19668,117.45584412271567,558
19669,100.6274169979695,1864
19670,59.48528137423857,1094
19671,98.2842712474619,2683
19672,76.35533905932735,594
19673,117.15432893255061,1463
19674,100.42640687119282,2056
19675,109.84062043356589,1088
19676,145.95331880577396,2816
19677,111.59797974644661,2415
19678,147.16652224137036,3885
19679,96.1837661840735,2107
19680,103.74011537017755,2848
19681,107.01219330881973,2202
19682,101.63961030678918,1240
19683,99.81118318204305,3145
19684,173.25483399593924,4900
19685,85.28427124746185,1311
19686,110.94112549695423,3070
19687,158.49747468305824,3899
19688,117.8822509939085,1025
19689,82.94112549695427,1562
19690,172.3502884254442,3184
19691,100.45584412271569,1894
19692,87.91168824543135,1310
19693,84.55634918610403,1436
19694,118.95331880577396,1380
19695,129.12489168102775,1823
19696,111.08326112068518,1967
19697,126.49747468305824,4419
19698,148.28427124746185,3279
19699,104.7695526217004,937
19700,120.1959594928932,1554
19701,166.32590180780443,4421
19702,153.42640687119285,3736
19703,125.91168824543135,1511
19704,119.15432893255063,600
19705,91.11269837220807,995
19706,79.91168824543136,439
19707,123.19595949289322,749
19708,85.48528137423857,113
19709,130.4680374315354,2552
19710,198.539105243401,7697
19711,142.32590180780448,1166
19712,128.4264068711928,3538
19713,125.81118318204298,1705
19714,155.16652224137044,3258
19715,182.93607486307104,3454
19716,141.91168824543135,1602
19717,128.56854249492375,2036
19718,135.46803743153538,996
19719,175.8944443027285,5739
19720,143.61017305526642,511
19721,112.18376618407353,1086
19722,139.0832611206852,3726
19723,135.02438661763938,2815
19724,130.4680374315354,1001
19725,113.32590180780447,1703
19726,151.20815280171308,1204
19727,151.367532368147,2530
19728,168.03657992645927,5244
19729,96.97056274847712,1666
19730,94.95331880577393,1356
19731,81.35533905932735,803
19732,101.45584412271569,513
19733,154.69848480983495,5116
19734,108.22539674441612,1836
19735,151.55129855222071,4099
19736,139.26702730475876,1352
19737,110.19595949289324,779
19738,85.66904755831209,1267
19739,156.2670273047587,2812
19740,119.0121933088197,1240
19741,133.63961030678922,1182
19742,119.42640687119278,1411
19743,141.62236636408613,3013
19744,89.14213562373092,1013
19745,121.56854249492375,676
19746,110.81118318204304,488
19747,125.53910524340087,2023
19748,134.88225099390849,4577
19749,136.98275605729685,3193
19750,128.4091629284896,2455
19751,139.89444430272826,3816
19752,103.01219330881972,2075
19753,108.50966799187799,1181
19754,97.91168824543138,834
19755,112.29646455628156,4326
19756,117.76955262170044,1076
19757,124.01219330881972,723
19758,134.52691193458116,1477
19759,139.05382386916227,2373
19760,125.63961030678922,1294
19761,95.9827560572968,1719
19762,82.74011537017755,1048
19763,123.5807358037434,131
19764,132.89444430272817,1995
19765,73.6690475583121,118
19766,118.2253967444161,1116
19767,174.49747468305853,2713
19768,111.15432893255067,1214
19769,135.15432893255058,3538
19770,87.0832611206852,438
19771,70.69848480983497,600
19772,81.28427124746186,815
19773,86.4974746830583,680
19774,113.32590180780444,3605
19775,67.6274169979695,247
19776,142.37972567696673,381
19777,132.5391052434008,2410
19778,79.76955262170046,300
19779,150.56854249492375,2670
19780,138.98275605729685,1532
19781,135.56854249492375,1498
19782,168.79393923933998,5591
19783,126.21320343559641,296
19784,126.50966799187798,230
19785,127.36753236814704,1072
19786,113.59797974644663,1426
19787,118.8528137423856,2045
19788,161.85281374238562,1780
19789,191.13708498984795,6239
19790,78.48528137423855,941
19791,109.4264068711928,777
19792,102.01219330881975,415
19793,188.73506473629436,8454
19794,111.88225099390849,635
19795,112.16652224137034,3824
19796,124.0538238691623,2073
19797,131.94112549695424,2067
19798,89.76955262170044,303
19799,122.3969696196699,2417
19800,59.6690475583121,186
19801,68.28427124746189,472
19802,78.66904755831209,513
19803,131.3969696196699,796
19804,73.28427124746187,284
19805,72.91168824543139,1041
19806,81.98275605729687,938
19807,111.40916292848962,1875
19808,185.55129855222089,1344
19809,104.76955262170043,642
19810,79.46803743153541,691
19811,177.2792206135788,1280
19812,190.7817459305201,1183
19813,99.81118318204301,494
19814,108.5979797464466,1351
19815,215.16147160748764,2849
19816,137.43860018001254,1314
19817,69.52691193458116,443
19818,104.42640687119281,1414
19819,101.4680374315354,578
19820,103.36753236814704,992
19821,192.13708498984764,3499
19822,87.8406204335659,1306
19823,233.46298679765272,2850
19824,98.56854249492372,1090
19825,170.15432893255064,4436
19826,155.3380951166243,1455
19827,60.941125496954264,626
19828,94.95331880577395,266
19829,109.2253967444161,1054
19830,76.8822509939085,489
19831,112.12489168102772,1254
19832,65.21320343559641,415
19833,141.43860018001254,2429
19834,69.52691193458118,99
19835,102.98275605729681,1016
19836,70.18376618407352,91
19837,63.32590180780448,153
19838,101.0538238691623,1389
19839,109.66904755831207,720
19840,81.91168824543136,883
19841,146.75230867899734,981
19842,86.69848480983498,405
19843,87.39696961966995,440
19844,147.75230867899737,1243
19845,124.19595949289322,1500
19846,70.35533905932736,414
19847,114.811183182043,1285
19848,56.59797974644663,530
19849,74.32590180780446,406
19850,94.0538238691623,581
19851,93.49747468305826,1192
19852,123.53910524340083,3256
19853,135.50966799187802,1399
19854,66.01219330881972,257
19855,101.56854249492376,1833
19856,64.76955262170044,454
19857,71.66904755831212,489
19858,181.9238815542513,3768
19859,197.3208511739215,3026
19860,89.74011537017755,139
19861,70.45584412271569,689
19862,52.72792206135786,132
19863,74.59797974644665,874
19864,154.35028842544406,2537
19865,127.39696961966989,751
19866,174.12489168102803,1785
19867,44.45584412271572,252
19868,59.45584412271568,480
19869,104.42640687119281,753
19870,122.32590180780446,2196
19871,70.91168824543138,793
19872,74.84062043356593,382
19873,72.0832611206852,762
19874,112.811183182043,1599
19875,162.79393923934003,2051
19876,89.94112549695424,397
19877,152.7228714274745,1931
19878,66.62741699796949,239
19879,75.15432893255067,186
19880,129.61017305526633,579
19881,86.38477631085021,504
19882,120.29646455628156,1017
19883,108.98275605729681,741
19884,88.62741699796952,232
19885,145.96551211459376,1557
19886,80.66904755831213,514
19887,153.89444430272837,2216
19888,112.91168824543136,1604
19889,105.29646455628158,408
19890,86.59797974644664,396
19891,104.98275605729683,2123
19892,63.426406871192825,193
19893,74.4264068711928,685
19894,83.811183182043,364
19895,165.1248916810278,2785
19896,238.47518010647258,2852
19897,101.0954544295049,745
19898,73.66904755831209,546
19899,152.20815280171303,2234
19900,126.92388155425104,287
19901,131.43860018001251,3230
19902,84.18376618407356,730
19903,117.35533905932738,921
19904,125.3969696196699,2768
19905,170.22539674441626,1294
19906,107.254833995939,780
19907,101.25483399593904,1617
19908,108.97056274847711,3331
19909,125.8528137423856,4002
19910,104.52691193458115,1153
19911,130.4264068711928,2963
19912,166.43860018001254,4121
19913,121.25483399593901,3921
19914,116.84062043356593,2344
19915,108.49747468305826,1550
19916,153.85281374238568,3111
19917,138.74011537017756,4902
19918,187.46803743153566,6924
19919,149.28427124746187,4068
19920,121.49747468305824,1067
19921,152.8528137423857,2402
19922,103.74011537017755,1950
19923,81.38477631085024,501
19924,114.14213562373094,513
19925,137.8233764908627,2405
19926,85.84062043356593,1300
19927,88.11269837220806,1289
19928,132.87005768508877,2779
19929,143.8700576850888,669
19930,134.91168824543138,2298
19931,122.25483399593898,2945
19932,146.5807358037435,2268
19933,95.98275605729684,378
19934,123.22539674441613,2757
19935,155.74011537017756,2974
19936,72.04163056034263,97
19937,79.01219330881969,263
19938,147.40916292848965,1639
19939,95.42640687119281,182
19940,90.55634918610401,1104
19941,114.74011537017756,2337
19942,153.539105243401,6945
19943,119.36753236814701,868
19944,133.2842712474619,989
19945,86.28427124746185,957
19946,127.55634918610403,670
19947,80.5269119345812,402
19948,143.19595949289325,2846
19949,119.2132034355964,1736
19950,141.71067811865464,1486
19951,141.18376618407353,1475
19952,123.88225099390846,1004
19953,120.62741699796949,4595
19954,88.254833995939,481
19955,132.49747468305827,1970
19956,93.0538238691623,648
19957,172.36753236814704,7083
19958,98.84062043356593,1049
19959,117.35533905932733,1313
19960,159.36753236814712,1333
19961,140.49747468305827,3520
19962,112.0538238691623,656
19963,155.71067811865476,6702
19964,149.43860018001251,3721
19965,127.91168824543138,2555
19966,148.84062043356596,1718
19967,147.81118318204307,5544
19968,101.76955262170044,502
19969,141.19595949289328,5000
19970,161.78174593052034,6083
19971,114.84062043356587,3557
19972,94.97056274847715,259
19973,120.12489168102772,1320
19974,129.53910524340085,889
19975,100.84062043356589,1297
19976,103.81118318204302,1768
19977,129.71067811865464,2764
19978,121.35533905932736,2287
19979,131.71067811865464,1390
19980,132.22539674441614,2356
19981,97.39696961966993,1814
19982,128.95331880577396,2590
19983,185.33809511662452,2784
19984,119.9827560572968,4403
19985,84.29646455628158,198
19986,97.11269837220806,453
19987,154.68124086713192,1431
19988,77.94112549695427,546
19989,138.61017305526627,2652
19990,152.91168824543152,6860
19991,150.5807358037436,417
19992,156.4386001800126,6861
19993,126.42640687119282,1060
19994,114.81118318204301,3419
19995,149.46803743153544,4416
19996,91.42640687119281,293
19997,99.95331880577396,987
19998,100.39696961966996,1324
19999,189.965512114594,1030
