index,path_length,expanded_nodes_num
0,26632.053588101506,129422
1,24870.55488792902,126436
2,13453.439528316445,60218
3,18140.053377839984,94992
4,18561.92552756618,94812
5,19546.51044745212,115536
6,25164.922420297185,96367
7,21955.48641977218,127447
8,17863.354893030122,129153
9,20710.93598777163,56310
10,31758.752790786803,126440
11,23596.53136786305,116116
12,14007.14010516739,82720
13,17688.448255418563,102050
14,22599.04695304048,95634
15,22789.370762807208,116910
16,15755.285558321639,88097
17,27291.3521446989,125500
18,22203.20424056582,111659
19,18975.802727926253,101499
20,23246.985119944668,95003
21,18507.712324130556,100062
22,17267.220766633047,63027
23,23069.840892279848,105239
24,28593.667078687286,124753
25,12686.114493060359,27244
26,17644.364994297892,118908
27,18338.624012375993,70326
28,17596.436062109748,108618
29,24699.270616681533,117350
30,28068.917728601024,128424
31,19094.96925016761,112570
32,15052.210306427583,104526
33,15017.180869176074,72778
34,29582.470252642717,115127
35,21933.113836770186,88825
36,14221.62538654163,53593
37,23586.84298432095,129175
38,12652.523655988833,67545
39,17259.267447827264,79285
40,17376.64717350426,125414
41,24519.393416321494,129992
42,17647.240102616834,123391
43,21642.385914708797,108643
44,20838.126896630656,120157
45,22076.583966242808,79509
46,21116.50662230766,74640
47,12033.933685469034,80015
48,32273.533670165656,119357
49,16283.050060309484,84711
50,21002.61932067987,111528
51,16991.84609158995,120109
52,17484.683753430723,78449
53,22707.66722736351,99546
54,18485.44024619192,102198
55,27484.023284298295,129405
56,19647.978484883653,117351
57,24056.727327355966,111368
58,16964.2258172669,119867
59,25546.6574850335,96232
60,26308.892116493982,106577
61,21026.352293375116,94778
62,24555.020833319475,122932
63,17983.916292850132,115564
64,17933.850275672132,74189
65,17527.16903480497,69168
66,21128.884255943558,105476
67,18817.16311761943,84195
68,13617.677118369695,76270
69,20368.502438225478,74460
70,15309.783899556382,76234
71,13373.201938263208,83261
72,15443.20734783479,62872
73,13794.292342058874,73451
74,13172.135921085199,62538
75,17640.477692670065,88096
76,16278.167809315546,85838
77,25043.432088289068,119382
78,16222.878487434218,83971
79,23565.683604754522,96934
80,16248.505904432208,120844
81,23761.30092048474,89390
82,12217.999702647045,58249
83,30338.717077412,117708
84,19199.378413096103,92607
85,15142.264130296739,46933
86,21437.87624671691,108003
87,15688.964707147701,89065
88,20853.227401694072,109355
89,21876.871196083033,97379
90,26215.97537761467,129765
91,12764.837364487816,68922
92,15953.469324505711,83030
93,22381.471267870606,112353
94,19635.682020327367,80086
95,13525.11362650864,59938
96,26986.21505970903,116065
97,16473.525240415987,64498
98,17777.560953790777,104777
99,18764.690029554014,112443
100,22518.649983420793,111384
101,12763.37646973122,60252
102,12489.209947489839,58082
103,26337.284035479788,111895
104,19860.65467511694,117181
105,16823.444071336387,88449
106,28209.71375988149,128494
107,29475.65401882678,100548
108,32622.497090239172,123975
109,28550.970685918546,126274
110,34717.16440469144,129919
111,17722.364994297877,105237
112,18907.376321055028,105176
113,17600.002512563584,99274
114,23839.673503486792,73737
115,15706.320046207034,80689
116,17222.83599032219,85913
117,21282.56549681069,113459
118,10394.547683668756,65894
119,16219.741402444368,103139
120,12056.296167203309,63583
121,25349.059505287056,122450
122,31530.698966917666,125411
123,12440.670842246438,79243
124,20346.1714857838,102631
125,22060.378772033866,128287
126,13517.319687269293,79194
127,24295.41066026418,104588
128,29033.0417537304,122471
129,19558.498254143287,121375
130,15774.01853101687,104789
131,20365.750129546468,123606
132,16236.849050182685,105115
133,10510.027914409126,57002
134,23706.440964067384,100288
135,26943.16837851482,129985
136,9120.92618385632,55826
137,23760.364845621658,102808
138,17228.713190682236,72126
139,17705.632021602647,99778
140,24329.45734145839,116104
141,16168.00337911525,75535
142,14130.12286122469,59474
143,15285.175818542177,46730
144,18078.232093390197,95761
145,14782.37978726176,71188
146,13096.80496864352,46148
147,14284.284332832196,64751
148,15987.846958141634,100000
149,20933.296377464838,115089
150,19325.7093655378,103703
151,15673.905832644652,47453
152,21781.991037130207,108271
153,21858.714775109416,117773
154,15429.74436103713,92534
155,24179.928337482732,106065
156,17936.425960841996,103136
157,23701.70294073829,98086
158,15978.682527941308,100395
159,16450.052152350563,101591
160,26257.85762860859,127838
161,14624.995010950892,75951
162,15814.24392776127,111879
163,11045.569111693629,46941
164,18139.516364637664,113347
165,20656.0903167042,85269
166,24096.425812165806,92635
167,21263.79594418901,77024
168,18491.76614799973,112601
169,31086.728404169153,125260
170,27251.342043431167,96231
171,20620.61722863877,108249
172,20505.852726650934,104185
173,23174.298828443665,116061
174,14904.700638435692,72656
175,16281.83685687388,104091
176,25625.94889895592,89654
177,24323.658351585174,90335
178,18524.700130821737,99243
179,21431.378772033833,122176
180,18441.26867331666,115809
181,21880.6996232078,120165
182,17911.5609537908,72394
183,15405.852008775473,41054
184,22669.998179805185,89039
185,21265.364486683917,123457
186,13064.82726322009,66268
187,18021.15388290336,61404
188,9363.543499586562,51973
189,15641.839815466634,62167
190,15344.205255793708,87680
191,22199.883389391893,98110
192,21975.03266769056,100010
193,20222.975526290888,103666
194,12603.636354361044,47661
195,11852.632170278855,80731
196,14648.899556521363,100197
197,21280.317805489714,88386
198,12660.31045255323,69129
199,20196.549119419687,125473
200,25043.809721924983,122386
201,22980.563763707327,98011
202,18456.163117619406,117805
203,15612.320046207027,92720
204,25296.76304073075,94071
205,23077.468309277825,108622
206,13768.564419997503,74337
207,15168.127045306897,85161
208,28392.24067181608,120114
209,21994.33418288073,109728
210,14854.725025053333,65288
211,13455.611101191716,65278
212,21945.876246716933,97486
213,20668.09536733806,115714
214,20213.384689219398,72453
215,15569.910883278499,66050
216,15301.376828668977,80607
217,17435.48274330394,98459
218,12317.173367563366,37874
219,12869.074954541069,72180
220,25866.831149949856,116363
221,17792.087865725356,60390
222,30936.485763482044,126438
223,13559.841548570002,70658
224,13163.106483833686,95149
225,20014.12776318235,115592
226,16518.09883354478,63926
227,25525.52249208474,126778
228,21359.02848360837,97031
229,10929.071637010562,64323
230,17664.626970968784,81039
231,13404.18974495438,46376
232,14236.348257969123,59754
233,27568.135982670512,118406
234,16405.85619285766,81642
235,32193.193483007944,124352
236,25189.648250317467,119810
237,19116.981443476456,90778
238,15198.251936987946,50544
239,23268.451065335135,93016
240,10294.873585476556,50592
241,24734.641107642496,129878
242,17902.40157422435,101579
243,21100.83461615656,98798
244,20378.07603135427,104512
245,17746.288875852148,96782
246,16404.488660489496,78644
247,17855.86246898094,90180
248,28951.975736552387,129010
249,10191.535490359936,43052
250,22838.47335991171,99301
251,22628.54947835742,97269
252,24036.11210366681,129244
253,22854.313980345254,89754
254,27418.104453377888,125844
255,20554.083174029227,87382
256,19182.93476228223,119387
257,17951.94067946777,116514
258,20617.036492835043,117871
259,17463.090824318144,103298
260,19010.82206391,77114
261,16752.277549095,76117
262,28784.04680436426,127133
263,14476.615285273901,56576
264,25485.728552845358,121697
265,19340.326681268023,98147
266,24654.093993172428,119322
267,25211.040169303284,112127
268,18052.957923410457,79449
269,23757.779059184042,126814
270,16810.549627033623,95732
271,31319.698966917647,127838
272,21179.938079812717,121862
273,22855.324081613,98740
274,12323.675892880305,32005
275,20350.419177104777,95439
276,16118.1089348125,64154
277,12717.256628684067,49455
278,28715.601061509293,116475
279,21023.85481869204,127650
280,14745.847824693285,69184
281,27342.48922968875,125259
282,23632.553662439615,95809
283,21500.52595829144,99002
284,23425.575957016168,104940
285,20212.142048532256,110100
286,22764.367804214427,103009
287,17855.23000134912,64310
288,19699.309437325337,92872
289,30599.20950146121,113480
290,15189.256987621797,81329
291,16806.319179655344,88143
292,21942.540243641368,122624
293,28797.774726425636,127343
294,21568.057920859887,89598
295,15704.812470256216,79186
296,34596.34102820051,127452
297,19468.30943732534,81749
298,16576.370911483413,88608
299,24791.32234850965,106053
300,18238.65344962753,107536
301,23203.710949964963,118057
302,17238.505037880506,55097
303,22720.917010725578,100488
304,17671.29897711989,77454
305,26693.871913958516,91353
306,13188.545084013698,78589
307,14366.77466484033,97247
308,20166.13995649119,50742
309,18139.278774584396,101149
310,23825.76686587521,106220
311,27210.60697869483,112260
312,21118.749262994792,108164
313,13363.976541518789,59530
314,12211.668750205341,85342
315,21851.557487584058,99167
316,24165.011598603418,124118
317,20281.453664990164,106117
318,12546.281015301713,42280
319,10729.804609705783,60065
320,19407.758138773097,121127
321,19249.645440400902,71958
322,18447.76109736586,121501
323,21042.558354135756,103203
324,14469.911749830191,92681
325,21054.516723575405,102008
326,16262.956697921058,98141
327,21426.668093915192,117654
328,15759.854100816556,82964
329,14418.100566648134,79531
330,17081.031949815104,112900
331,19033.85655179539,94177
332,13536.41723373989,82356
333,24300.44009751571,114208
334,18174.148832269493,73879
335,17846.489885978917,107756
336,25928.269750129886,116264
337,21819.327040205764,119095
338,14989.232601004158,71054
339,23183.1911807053,98389
340,16352.944504612227,80305
341,13463.775531392024,56816
342,19530.694213636187,110072
343,16169.12617875522,105192
344,11381.434118744874,40088
345,15181.648906607603,72536
346,22459.093634234694,124248
347,11910.046383841232,54618
348,14900.274231564501,91264
349,15185.293567548279,70836
350,17375.81369574565,69166
351,20705.031442201154,88864
352,13497.456772259151,54060
353,10660.010670466441,58461
354,17296.286783811043,95014
355,15101.725025053347,102246
356,25304.74579678806,122262
357,18225.960015451543,101652
358,14760.066078762771,75703
359,22376.309796263085,108453
360,35540.10466363536,128693
361,13378.432385641498,85665
362,17980.367086338963,104465
363,18011.438154150834,65024
364,16349.412542043749,104162
365,28350.344135472234,118132
366,21254.80308686395,110497
367,17807.30821183591,117144
368,27590.449691169495,129749
369,13322.858792512701,81399
370,14673.84782469329,74847
371,16650.4907525306,95777
372,19173.562179280176,88043
373,24947.033026628316,115135
374,23084.581007650017,106376
375,20244.16434310884,95526
376,32660.627032554108,128983
377,17465.232959941877,79045
378,21352.300561547017,120165
379,10978.071637010567,64224
380,20700.877113268598,78320
381,14089.85078328605,78849
382,22034.398108017635,108623
383,13738.765430124275,81139
384,17590.453306052434,100951
385,14131.921851097935,65984
386,18611.8372158116,82752
387,36031.12905025235,114294
388,11069.196528691606,73382
389,19327.99572882634,116938
390,18735.80272792622,104410
391,12329.511462679991,55427
392,12417.327696495928,54296
393,25162.503156100924,130744
394,22172.672277997364,116121
395,21840.969609105356,106357
396,16401.346524865756,111727
397,20328.284184155982,70605
398,24434.15582626825,111127
399,18139.30316120205,83051
400,18690.577331181805,87453
401,23783.690747429486,111653
402,11569.595590352374,63722
403,26897.143991897166,118690
404,16960.125312203516,73658
405,20619.220259019115,111606
406,17504.03194981512,100618
407,17910.526465905394,73249
408,12001.69818745686,79120
409,17305.629929561564,101180
410,23550.95063205931,117876
411,15521.680435900216,111988
412,26115.54392010962,125834
413,17444.68375343073,80187
414,30419.08460978017,106979
415,27723.53800292407,105245
416,13030.1359210852,54493
417,16776.87047820757,61605
418,10847.963989272223,78934
419,25787.18648900918,118398
420,19572.515498085995,106360
421,24069.639015601402,124266
422,33877.26072567381,130808
423,16993.780074411952,77803
424,23199.4216280836,129067
425,20519.999912908537,92517
426,23347.7719165091,103427
427,22260.049911633272,116771
428,25498.870688469095,104136
429,29395.10777090842,107135
430,24979.19954886971,115297
431,17719.24219465793,70410
432,18636.16816825328,80165
433,20636.254746904484,104231
434,13272.91766701574,80318
435,24258.947673466526,104532
436,26487.112462604535,118826
437,19778.04450206166,119869
438,22388.665135322415,74902
439,21851.557487584054,102826
440,27590.924871276,124649
441,20915.482235690015,98596
442,26614.291178154755,118895
443,15933.611460129445,96256
444,23266.31607238634,113220
445,22360.30474562921,101523
446,29586.747381215213,128586
447,28407.733095865275,106863
448,15258.678343859116,55060
449,19715.020115444,94130
450,20022.67191905964,74252
451,10828.976182581056,75509
452,12034.668750205343,63834
453,17639.761963917543,69039
454,16113.711965192837,72654
455,16791.04710171669,83780
456,21076.080215436472,103020
457,18600.599625758365,101573
458,16287.76073842813,99692
459,13602.652731752045,50895
460,11354.238159251961,65174
461,13555.446670991416,88199
462,22780.076390292015,103115
463,17597.139597553443,109399
464,25966.60784524651,102503
465,16268.032816366787,98548
466,20361.44861435632,80470
467,13620.01521348634,38854
468,24734.26852464046,111207
469,13734.392847122248,82643
470,16658.544576399767,103288
471,36929.502858742504,129362
472,14541.745227588812,97703
473,18083.100059034197,88592
474,14035.850783286054,76676
475,14865.688445126862,87690
476,20929.060879452674,97045
477,16389.765789062014,98485
478,19762.44652231523,94979
479,24990.927470931052,100498
480,19297.792626658495,118980
481,21990.599118144404,106598
482,14986.553452178086,68870
483,19056.910375664575,77705
484,18915.32963986082,92766
485,11193.191478057724,65811
486,33414.628258042576,128444
487,17060.446163377474,94180
488,18205.369178380057,111596
489,17763.879712923637,117841
490,24451.722276722096,99716
491,25444.16715302541,125981
492,17768.039092490064,124535
493,14795.497536267814,85423
494,23270.13230620227,89678
495,15077.210306427587,67039
496,19905.311529366452,116759
497,13530.491260144541,81721
498,22358.777833694618,86481
499,28455.110729501186,89526
500,1356.9646455628213,56468
501,661.7960312803953,15394
502,388.2325394193536,10179
503,266.03657992645975,6733
504,842.9625535217667,33347
505,53.355339059327356,148
506,1006.6021638285566,54213
507,93.25483399593901,1223
508,280.42135623731014,5528
509,233.551298552221,4113
510,456.07315985292,17755
511,583.1564209736055,27200
512,565.3279938488591,17863
513,429.44574285495014,12818
514,831.3178925810942,49931
515,731.139177030903,36168
516,125.02438661763941,736
517,974.1463197058405,53089
518,847.0924958366776,23883
519,160.36753236814724,2098
520,790.3229432149766,30900
521,326.39191898578736,4472
522,163.36753236814715,2498
523,458.3158005400391,20409
524,710.5361466505734,31745
525,356.605122421384,11466
526,871.3351365237967,50319
527,697.3645737753194,34203
528,954.5310960166908,65488
529,408.3452377915618,18017
530,996.8742417671983,36737
531,684.2813126546341,49164
532,991.3300858899144,73016
533,577.2985565973366,20401
534,842.163563648543,34640
535,1143.6093065034938,48382
536,493.4163056034275,14851
537,554.0142853498744,24084
538,1293.905771059776,67915
539,125.4680374315354,870
540,163.12489168102792,1594
541,552.2985565973365,19337
542,1268.538238691628,51653
543,971.371716450257,37682
544,199.16652224137067,3532
545,259.5218613006982,6103
546,513.0315292925773,19467
547,131.46803743153538,1562
548,617.7422074112326,20381
549,616.09754647056,30004
550,980.4011537017798,48891
551,335.1909088590109,6006
552,651.6660889654843,32430
553,386.5462479183384,9042
554,176.96551211459393,2601
555,775.0803025278574,28127
556,718.9381669041263,51300
557,506.39906166072484,13785
558,1034.5016587651678,87798
559,79.0832611206852,421
560,473.2863632885163,12979
561,894.1757569573631,40726
562,51.69848480983499,266
563,692.9087296526036,23530
564,810.3767670841394,41327
565,761.7544007200526,33984
566,386.9188309203688,12209
567,866.4478348960051,53094
568,374.36248173426463,8697
569,320.0193359837569,8187
570,455.9604614807116,6917
571,554.6417023478442,17211
572,773.9209229614236,36245
573,118.74011537017755,1586
574,897.7026688919445,55242
575,571.6122650963214,16655
576,279.66399692442945,5408
577,125.88225099390847,1824
578,176.81118318204307,1670
579,614.8427124746207,23026
580,55.94112549695425,316
581,769.2640687119313,24502
582,300.007142674937,6269
583,372.5756851698611,8817
584,630.269119345814,29288
585,559.0142853498744,15107
586,962.6316010800791,63093
587,853.8498551495582,60590
588,687.5828278447988,54200
589,725.6366517139614,28481
590,263.89444430272886,7829
591,809.0803025278574,48143
592,715.7249634685297,36390
593,320.0904037956225,5390
594,759.5655839020961,27242
595,716.7665940288726,35054
596,54.840620433565924,425
597,405.6883835420696,18862
598,148.68124086713186,1704
599,712.4062043356623,24988
600,955.6732316404218,59186
601,1200.8691911333158,50853
602,458.27416997969647,12106
603,1223.839753881793,65727
604,577.2985565973366,15636
605,776.3229432149766,31694
606,562.2863632885167,17911
607,1023.4305909533025,74625
608,207.69343417595184,3106
609,376.0020920410542,12916
610,620.09754647056,24125
611,469.9310242291888,16382
612,190.2375900532361,4138
613,748.2346314604085,37638
614,1102.1707063234803,62584
615,932.4305909533027,44666
616,278.90663761154855,6612
617,590.7838379715752,22287
618,156.43860018001254,1408
619,583.8843430349634,19781
620,861.0630585851547,47134
621,621.9848480983518,22609
622,361.617315730204,12749
623,435.96046148071173,10690
624,279.6639969244294,5162
625,629.2985565973365,21366
626,197.82337649086304,3671
627,54.698484809834966,239
628,655.3107499061565,34074
629,194.7939392393402,993
630,1152.5260453828084,68804
631,680.2102448427684,29251
632,621.1686142824254,17792
633,756.4062043356623,26114
634,528.7422074112325,24016
635,89.254833995939,484
636,596.0559159102172,31279
637,161.09545442950508,2194
638,685.837661840738,28018
639,946.5016587651679,48162
640,77.11269837220807,510
641,160.75230867899737,2496
642,954.4011537017797,44431
643,584.7838379715754,31677
644,1076.2001435750033,66050
645,1445.959594928939,62689
646,510.3574311003819,23226
647,534.1564209736055,14808
648,743.2396820942912,34135
649,340.0609665440998,5441
650,815.0924958366775,23465
651,698.8670990922608,49472
652,823.6488450227815,31512
653,628.5533905932757,24284
654,941.4722215136453,45985
655,680.2813126546338,29166
656,499.3574311003821,13447
657,125.88225099390849,984
658,601.7838379715752,22083
659,718.8376618407382,25297
660,988.7442994522874,68434
661,344.9482681718914,4969
662,1050.0458146424521,95739
663,723.2224381515883,43038
664,72.35533905932733,774
665,457.8305191658006,14660
666,1015.8864350760185,53534
667,882.1463197058405,27815
668,628.6833329081869,24584
669,220.86500705120577,5262
670,245.00714267493686,4080
671,216.89444430272852,2931
672,565.5706345359786,17875
673,718.8843430349636,24672
674,336.8477631085032,4744
675,642.1686142824257,28865
676,1404.0479066835073,51696
677,762.825468531918,21901
678,67.59797974644663,426
679,948.6143571373761,50398
680,579.0264786586943,21521
681,637.2102448427682,26666
682,932.1046891454976,37285
683,984.4011537017798,44277
684,1390.7463914933423,48797
685,538.2274887854709,14072
686,211.9360748630713,3734
687,792.435641587185,21355
688,777.6782822743044,33529
689,939.7442994522875,33102
690,801.0092347159919,29596
691,985.4011537017797,59032
692,420.1442276647853,17131
693,955.6021638285563,57899
694,750.553390593276,29857
695,1045.1585130146605,48495
696,759.9797974644694,38205
697,670.452885529888,23334
698,670.4112549695449,26704
699,761.6660889654845,26230
700,108.98275605729683,693
701,738.5950211536186,34738
702,213.65180361560925,3319
703,315.3919189857873,8520
704,760.6366517139616,60864
705,519.1980515339484,19963
706,786.0803025278576,47004
707,606.8965363437835,15052
708,1112.0113267570468,55231
709,520.1442276647854,20300
710,496.0142853498745,24248
711,198.58073580374372,3349
712,1331.202235616058,62344
713,790.891485709901,43048
714,1345.7047609329993,58436
715,126.39696961966992,974
716,398.9604614807114,13460
717,674.695526217007,21790
718,607.7127701597095,35773
719,714.565583902096,38694
720,880.9036790187212,38974
721,180.16652224137061,3019
722,242.73506473629482,5236
723,647.8254685319179,24410
724,632.3696244092021,44132
725,926.6610383316018,40027
726,319.73506473629493,9282
727,249.46298679765277,7025
728,120.39696961966992,871
729,834.6660889654844,47733
730,501.2569260369936,20681
731,646.8132752230978,31699
732,539.357431100382,28241
733,485.44574285494997,9146
734,381.1320343559653,9801
735,186.7523086789975,2234
736,605.227488785471,25011
737,550.3158005400394,21989
738,799.1219330882004,50884
739,1203.4255403194197,72885
740,704.1097397793802,31902
741,252.48023074035567,4194
742,206.85281374238588,2388
743,1080.5727265770338,54781
744,702.967604155649,24226
745,1013.359523141437,48079
746,340.84776310850316,9565
747,380.3746750430845,12016
748,1152.9818895055241,53659
749,1044.6732316404218,55613
750,242.55129855222106,4948
751,163.9949493661167,1961
752,501.2863632885165,20555
753,380.9188309203688,7719
754,146.5807358037435,2434
755,580.2863632885164,15343
756,1031.7321061434673,59937
757,357.09040379562254,8997
758,440.2325394193536,14371
759,623.5117600329331,20018
760,802.0803025278575,30894
761,1303.5504320004484,57466
762,289.49242404917555,3448
763,638.3401871576793,20314
764,73.8406204335659,176
765,228.3797256769671,3465
766,626.967604155649,23240
767,855.4772721475277,34303
768,579.2691193458136,34611
769,120.74011537017756,978
770,543.1858582251281,20835
771,656.3818177180221,20121
772,85.18376618407352,484
773,698.6244584051415,36082
774,1040.2001435750033,58425
775,184.89444430272846,2581
776,884.2346314604084,57342
777,255.27922061357887,2684
778,308.11984104714514,7696
779,472.487373415293,16214
780,498.18585822512824,11844
781,838.2762620207513,47131
782,58.35533905932735,485
783,771.0681092190374,30049
784,521.6000717875015,17585
785,1194.3666658163743,71165
786,946.78593001263,36053
787,421.00209204105437,11143
788,940.8864350760184,36246
789,477.5584412271585,12472
790,217.3797256769672,3618
791,432.3158005400391,20181
792,580.955410846829,31985
793,1142.0113267570468,79514
794,1225.4793641885828,91800
795,675.3523804664993,33817
796,528.3990616607248,23167
797,647.9970414071719,26633
798,673.2813126546339,25517
799,155.7106781186548,1334
800,493.1442276647854,14153
801,619.5533905932759,24068
802,1216.6681810065395,86374
803,226.2375900532363,3646
804,620.7838379715752,28256
805,482.44574285495025,14433
806,962.2295808265259,54561
807,243.24978336205615,5695
808,246.66399692442923,8506
809,696.8965363437835,36622
810,342.81832585698044,5899
811,121.66904755831207,1114
812,344.989898732234,9221
813,539.9432175380089,18167
814,659.8254685319179,21441
815,320.11984104714537,7502
816,799.6782822743044,48231
817,341.8355697996833,7182
818,649.0681092190373,30866
819,1068.075251893975,40979
820,668.0681092190374,20075
821,1080.2001435750033,39302
822,210.7228714274748,3225
823,866.5361466505735,51138
824,139.46803743153546,1580
825,493.5706345359783,19326
826,241.90663761154858,3555
827,487.0853531617399,16593
828,1463.8174593052079,59164
829,629.7838379715754,20774
830,412.85995641732336,10457
831,51.04163056034258,171
832,1000.4722215136453,51137
833,279.46298679765255,6121
834,604.7544007200524,37434
835,642.9970414071718,24247
836,1308.6509370638366,74362
837,149.61017305526636,2148
838,399.7178207935922,10835
839,1063.42554031942,42806
840,875.0630585851545,32015
841,543.9137802864861,17559
842,1070.697618258062,51930
843,545.0559159102171,24067
844,674.3818177180221,18958
845,751.8082245892152,46527
846,216.69343417595198,3982
847,806.8082245892153,35318
848,767.8914857099008,39654
849,950.6904755831245,46146
850,837.6366517139616,45961
851,124.53910524340083,979
852,515.055915910217,34874
853,1153.3128419472118,47974
854,892.6488450227816,49440
855,495.65894629054685,10246
856,623.6833329081869,37007
857,761.2813126546341,29980
858,334.90663761154883,7920
859,603.1564209736056,17152
860,141.32590180780448,1116
861,739.3645737753195,45130
862,1149.7981233214505,58214
863,80.11269837220806,763
864,181.48023074035547,1816
865,688.5239533417532,28439
866,951.1757569573633,49370
867,407.6173157302039,9800
868,177.92388155425127,2080
869,1016.3595231414372,53841
870,758.0924958366775,34851
871,66.91168824543138,516
872,401.68838354206946,13494
873,285.3208511739218,5014
874,1133.9280656363612,57852
875,419.81832585698055,10147
876,561.7127701597097,21690
877,923.0630585851549,36528
878,775.7493500861699,45879
879,348.9188309203687,6514
880,850.9331162702438,50410
881,1197.0529573173897,74322
882,759.2640687119311,41775
883,433.67619023324966,14389
884,906.075251893975,23866
885,871.5483399593934,31892
886,408.54624791833845,9622
887,257.52186130069833,6897
888,116.811183182043,1212
889,258.8650070512059,5132
890,528.0142853498745,16236
891,508.70057685088955,22854
892,244.24978336205604,2988
893,379.1614716074879,8631
894,149.95331880577407,2671
895,720.4650788387077,47456
896,818.6488450227816,44067
897,1043.8031739553328,56775
898,449.7300141024125,10813
899,802.2346314604084,38150
900,594.1564209736056,16872
901,462.5584412271585,12086
902,860.0630585851547,50415
903,753.7077195258272,36296
904,769.8914857099008,39085
905,108.4680374315354,694
906,789.2224381515886,25709
907,990.2001435750032,60715
908,1305.9352083112988,54324
909,599.1686142824254,23851
910,715.7665940288725,20658
911,118.56854249492373,769
912,703.4528855298878,25078
913,467.31580054003933,8775
914,1354.893577750956,37808
915,785.1219330882002,27275
916,858.2640687119313,43615
917,462.75945135393505,16694
918,983.6316010800791,66054
919,530.4873734152932,24977
920,106.63961030678922,651
921,923.501658765168,34566
922,150.71067811865476,2149
923,541.4284989122475,17899
924,119.15432893255065,753
925,643.5117600329331,19140
926,1019.6265504461963,68436
927,890.4772721475279,70632
928,592.7249634685296,25589
929,427.4873734152929,15961
930,211.37972567696704,3068
931,159.19595949289337,2617
932,215.72287142747484,3011
933,535.0559159102172,20782
934,636.0264786586946,32771
935,320.3624817342645,7160
936,569.6711395993668,32528
937,306.36248173426435,7582
938,669.9259735953063,23925
939,693.2518754031112,40712
940,811.2346314604087,32730
941,636.7960312803951,53529
942,58.284271247461895,229
943,609.825468531918,26093
944,562.2447327281739,20759
945,935.2762620207513,45933
946,855.2346314604087,45800
947,493.48737341529306,9945
948,131.53910524340083,1843
949,42.55634918610405,195
950,447.8305191658005,20794
951,1203.7392488184048,69613
952,162.75230867899742,1871
953,636.0264786586946,16458
954,2137.1698397717023,93900
955,318.67619023324943,10265
956,724.5950211536186,17793
957,447.5878784786814,8903
958,600.7249634685297,28979
959,670.7371567773496,43299
960,851.5361466505733,27649
961,1086.6559876977192,49984
962,875.6194077712588,36730
963,440.8305191658004,14527
964,613.4406922210678,18831
965,58.183766184073534,142
966,82.28427124746186,655
967,513.3158005400393,10900
968,286.96551211459416,4569
969,745.2518754031111,29555
970,733.5950211536187,26635
971,760.3229432149766,56840
972,726.9503602129463,26523
973,686.8670990922608,34714
974,123.36753236814701,2021
975,598.9848480983519,32929
976,697.1808075912456,29668
977,209.99494936611694,2693
978,903.2051942088858,23927
979,1233.6387437550165,62371
980,925.4183976444826,42685
981,903.5189027078708,45108
982,764.6488450227815,33469
983,100.08326112068517,1114
984,593.8843430349634,30388
985,638.9087296526034,40201
986,1147.283404695689,50571
987,613.7127701597099,25553
988,565.9554108468291,13451
989,704.8082245892152,23543
990,216.62236636408642,2662
991,71.28427124746189,729
992,68.35533905932733,368
993,605.7838379715752,24905
994,1209.0235200658667,61049
995,1266.3250352560317,58745
996,862.3473298326171,28914
997,744.9503602129464,44804
998,875.0336213336319,33065
999,460.4579361637702,12298
1000,1002.4579361637707,72362
1001,703.7178207935922,39185
1002,518.9827560572974,11652
1003,446.69343417595235,8883
1004,933.1492782986682,88306
1005,1301.2518754031114,67336
1006,994.5584412271587,75225
1007,552.7817459305209,28027
1008,119.74011537017755,961
1009,757.1025971044428,38554
1010,924.8254685319184,60755
1011,514.6345596729069,22278
1012,405.19595949289373,8529
1013,84.42640687119281,823
1014,60.0416305603426,415
1015,601.9533188057745,25763
1016,690.9360748630717,32147
1017,1046.0559159102174,48342
1018,628.8772003600261,27862
1019,921.3036072312193,65977
1020,835.3380951166247,38550
1021,158.91168824543144,1438
1022,711.4873734152932,35748
1023,298.1248916810282,4161
1024,1474.0386719675148,105524
1025,1156.4112549695453,66577
1026,593.7178207935923,29305
1027,941.529003975636,41551
1028,171.9827560572969,1421
1029,924.2031021678314,43655
1030,460.3259018078048,11866
1031,768.9066376115491,32638
1032,983.0020920410548,58442
1033,680.9238815542519,36642
1034,331.994949366117,5471
1035,1264.6538956566646,66932
1036,746.1442276647858,31282
1037,1236.8132752230983,68733
1038,888.4163056034275,58277
1039,855.0315292925773,22856
1040,858.5462479183386,68382
1041,970.658946290547,73345
1042,898.854905783441,59607
1043,761.2863632885169,36434
1044,382.09545442950525,2916
1045,982.6955262170071,39847
1046,615.3158005400393,40900
1047,820.5462479183387,61602
1048,1006.7249634685302,49773
1049,756.5340546095185,39008
1050,692.8477631085036,34506
1051,620.9015869776663,48659
1052,698.1614716074884,23952
1053,120.52691193458114,699
1054,874.8132752230981,48581
1055,781.2274887854712,23438
1056,1323.6417023478443,103213
1057,765.4041122946078,54238
1058,884.3208511739223,55275
1059,69.69848480983498,295
1060,1018.4284989122478,103083
1061,735.4163056034275,40379
1062,1188.9676041556493,94225
1063,932.7178207935924,63165
1064,865.399061660725,59380
1065,1097.8427124746206,39612
1066,711.6883835420698,26736
1067,1118.671139599367,86864
1068,955.5340546095186,82261
1069,809.1564209736055,45297
1070,873.9432175380091,50635
1071,1151.5706345359788,30429
1072,1180.3452377915623,47261
1073,704.2792206135794,63351
1074,118.4558441227157,1005
1075,863.2274887854712,45738
1076,675.1614716074884,29217
1077,1020.2985565973368,51014
1078,874.4579361637705,75521
1079,365.9533188057742,2491
1080,1215.0853531617402,89768
1081,960.8305191658008,59429
1082,756.3919189857877,42303
1083,588.1787155501911,14445
1084,630.634559672907,17212
1085,945.7178207935926,57126
1086,741.2741699796966,32212
1087,924.5706345359789,30819
1088,998.5168106668161,78335
1089,785.6051224213842,59550
1090,580.5756851698613,29505
1091,855.6051224213841,64366
1092,588.0904037956227,27378
1093,796.4041122946078,29555
1094,389.48023074035564,7348
1095,1116.333044482742,69242
1096,486.58073580374383,9261
1097,820.8305191658009,32053
1098,1015.8843430349636,64003
1099,931.0315292925774,61316
1100,988.1320343559657,43036
1101,1008.3523804664997,51067
1102,1028.4995667241133,54022
1103,1267.4995667241133,96742
1104,1134.5655839020963,47123
1105,856.3208511739222,47829
1106,1056.636651713962,59409
1107,90.59797974644663,760
1108,887.3330444827425,41319
1109,918.4041122946076,71107
1110,1021.997041407172,51515
1111,435.1076477383256,13313
1112,837.3868683519049,35533
1113,744.4873734152934,38013
1114,1099.2447327281739,79863
1115,506.8061325481607,20482
1116,663.6467529817269,26409
1117,959.7422074112328,40357
1118,1217.9919907732894,61048
1119,778.2497833620567,57318
1120,1115.0731598529203,50810
1121,1106.4406922210678,67988
1122,928.2741699796968,61369
1123,1173.955410846829,75457
1124,835.4873734152931,56493
1125,1047.9432175380093,55105
1126,576.6518036156099,30201
1127,678.8183258569808,22081
1128,241.19595949289356,3355
1129,579.462986797653,31580
1130,1215.0975464705602,71472
1131,626.0904037956227,46337
1132,826.830519165801,56299
1133,364.2792206135793,10232
1134,1074.2396820942915,54799
1135,107.76955262170043,863
1136,702.7888886054579,42736
1137,703.1736649163083,52790
1138,838.7178207935924,23936
1139,799.6173157302039,75038
1140,1014.9726547895319,86314
1141,113.08326112068517,612
1142,708.0782104868026,37683
1143,942.842712474621,64017
1144,1416.1442276647856,94565
1145,882.960461480712,46402
1146,1371.997041407172,118579
1147,862.7472580451154,98067
1148,1431.1980515339485,113315
1149,881.4751801064733,34925
1150,999.1686142824258,32736
1151,545.1909088590108,34816
1152,1440.754400720053,75746
1153,621.1614716074885,23830
1154,952.8427124746207,31758
1155,784.6173157302043,53303
1156,604.1198410471455,28368
1157,623.5807358037442,39172
1158,739.5168106668159,40422
1159,1205.026478658695,75849
1160,825.5878784786814,40076
1161,81.52691193458115,377
1162,824.2792206135791,55074
1163,877.8599564173236,41168
1164,618.1198410471454,26849
1165,1195.9554108468292,54145
1166,811.3574311003824,49260
1167,543.4924240491758,37747
1168,641.7300141024125,42008
1169,801.3208511739224,51144
1170,606.7228714274754,35519
1171,906.2497833620565,80939
1172,974.4112549695452,52737
1173,891.3624817342646,36297
1174,568.0071426749371,28839
1175,746.5756851698617,41666
1176,856.7472580451152,28457
1177,1041.0142853498749,55911
1178,642.7939392393407,21816
1179,526.5634918610415,16522
1180,1284.0803025278578,65683
1181,699.8305191658008,50322
1182,899.2447327281739,34437
1183,648.592929112564,35750
1184,1531.754400720053,97168
1185,1095.7665940288728,60173
1186,601.0660171779828,32117
1187,1132.139177030903,53144
1188,901.4457428549504,59953
1189,679.8183258569809,26388
1190,805.8183258569809,38023
1191,620.0904037956227,51325
1192,874.1076477383256,61527
1193,276.9533188057742,4014
1194,960.5411972844561,63714
1195,780.5756851698615,49700
1196,945.0853531617403,58617
1197,856.114790413263,57719
1198,851.9777054234145,46121
1199,1048.3279938488597,60884
1200,132.76955262170043,1869
1201,1050.0437226013973,84292
1202,721.3208511739224,16676
1203,1064.7300141024123,73071
1204,315.26702730475904,5165
1205,128.04163056034258,431
1206,771.6883835420699,55916
1207,471.53405460951836,13735
1208,1183.624458405142,63132
1209,782.0731598529201,41368
1210,728.3919189857876,29410
1211,961.6417023478446,41028
1212,778.6051224213843,47582
1213,569.6345596729069,27558
1214,1046.3696244092023,76024
1215,924.4112549695451,39255
1216,1386.1391770309035,80311
1217,547.1370849898482,18874
1218,60.284271247461874,449
1219,667.0193359837573,22845
1220,871.416305603428,56430
1221,878.6000717875016,48755
1222,961.4873734152934,60092
1223,591.3797256769674,35784
1224,552.3502884254449,10784
1225,988.9848480983521,56487
1226,517.605122421384,28319
1227,661.2741699796965,43909
1228,1354.0975464705607,98195
1229,159.35533905932732,1205
1230,942.4163056034279,39104
1231,1360.5239533417534,79089
1232,574.9777054234145,48206
1233,646.4751801064731,49166
1234,298.4680374315357,2592
1235,907.1614716074886,67516
1236,61.87005768508878,341
1237,1296.9209229614241,69992
1238,603.7005768508897,23709
1239,854.2325394193538,41946
1240,639.5634918610415,21819
1241,941.8843430349635,60692
1242,1682.5554826343314,85455
1243,650.9482681718919,39249
1244,1074.0315292925773,53036
1245,741.0315292925776,56327
1246,670.0071426749371,34172
1247,87.62741699796949,608
1248,595.7178207935923,15936
1249,1016.2569260369941,53737
1250,819.1787155501911,32882
1251,1004.6589462905472,26832
1252,100.45584412271566,720
1253,93.69848480983495,606
1254,1545.0163773909296,97953
1255,790.8233764908634,25394
1256,1207.8254685319182,59045
1257,69.79898987322332,273
1258,861.3330444827424,78235
1259,315.8822509939088,4808
1260,721.1614716074884,56673
1261,597.4802307403559,34372
1262,1112.6538956566644,58024
1263,108.55634918610403,557
1264,715.9726547895318,49990
1265,906.4335495461306,26633
1266,1026.5462479183388,55705
1267,993.7422074112328,55497
1268,599.6223663640867,5048
1269,663.617315730204,15292
1270,758.0782104868028,30482
1271,660.3036072312193,51299
1272,1031.9259735953065,106593
1273,586.2792206135795,19666
1274,1115.3818177180226,47141
1275,954.9898987322348,38012
1276,963.7422074112327,42195
1277,563.4457428549504,44480
1278,513.0365799264598,14680
1279,799.4335495461306,49121
1280,840.4163056034275,56944
1281,751.3036072312195,20080
1282,776.634559672907,63423
1283,1291.6417023478446,94273
1284,103.76955262170043,1056
1285,981.4284989122477,100256
1286,786.918830920369,47341
1287,932.9432175380091,44312
1288,571.8355697996832,22081
1289,749.0609665441002,51433
1290,1435.4823227814109,61920
1291,585.2792206135794,39806
1292,919.399061660725,32440
1293,168.42640687119294,2056
1294,771.0365799264603,43764
1295,1090.3919189857875,48134
1296,86.04163056034258,525
1297,1231.3158005400396,68654
1298,788.1858582251284,41049
1299,924.3330444827423,52234
1300,683.0904037956228,44282
1301,942.6883835420699,67291
1302,987.286363288517,91645
1303,875.8599564173236,56795
1304,1077.3990616607252,43856
1305,774.4213562373102,63245
1306,829.7888886054579,42627
1307,181.11269837220811,1197
1308,101.69848480983495,530
1309,300.82337649086327,3289
1310,618.178715550191,9368
1311,1238.0853531617404,61074
1312,1083.646752981727,71993
1313,718.6051224213842,36136
1314,917.6467529817271,42318
1315,860.9015869776664,51634
1316,630.2741699796965,50044
1317,1001.0782104868028,44499
1318,917.5462479183386,35614
1319,593.492424049176,13711
1320,644.4507934888331,13757
1321,590.9655121145943,24907
1322,886.3452377915623,59153
1323,650.3797256769677,16930
1324,864.7005768508898,76767
1325,1164.4823227814106,91687
1326,552.4091629284903,20593
1327,757.9898987322345,59640
1328,1164.842712474621,70979
1329,687.3380951166247,19355
1330,62.870057685088796,454
1331,1110.1980515339485,86532
1332,726.5168106668159,33957
1333,625.960461480712,39359
1334,722.7594513539352,58166
1335,710.7228714274753,29823
1336,1309.8376618407383,86676
1337,1016.8305191658011,68829
1338,166.56854249492392,2494
1339,1186.0559159102177,92339
1340,982.7472580451151,67523
1341,1082.71277015971,93237
1342,767.2497833620566,44273
1343,576.3797256769678,21005
1344,622.1909088590111,25331
1345,1337.8376618407383,79178
1346,713.7645019878178,52169
1347,564.4041122946076,21104
1348,721.931024229189,52739
1349,893.0315292925774,24996
1350,163.84062043356602,2425
1351,780.1959594928938,49211
1352,548.5756851698616,29962
1353,885.256926036994,72230
1354,721.634559672907,27381
1355,165.76955262170048,2736
1356,1375.168614282426,75580
1357,120.42640687119278,961
1358,626.9898987322345,47857
1359,791.7422074112326,38711
1360,1397.0924958366777,66736
1361,807.8183258569806,62109
1362,798.2863632885167,48741
1363,979.3696244092023,77529
1364,928.9848480983519,56352
1365,911.4163056034279,59800
1366,718.6761902332497,23483
1367,501.5634918610413,10713
1368,851.0071426749375,75570
1369,755.0904037956229,38250
1370,877.0853531617404,55955
1371,670.764501987818,32724
1372,1068.5828278447989,42783
1373,1355.8914857099014,69130
1374,684.6761902332499,47028
1375,955.6417023478442,55524
1376,673.5218613006986,29445
1377,722.0609665441001,76830
1378,1137.9360748630716,114420
1379,1085.2914139223994,71955
1380,990.374675043085,57687
1381,1145.452885529888,71798
1382,778.5046173579958,35045
1383,387.05382386916284,8840
1384,998.5584412271589,88478
1385,1554.1097397793803,98824
1386,621.7056274847724,16602
1387,680.2497833620565,21489
1388,882.6417023478444,61516
1389,868.0315292925773,63061
1390,1278.7056274847725,92499
1391,139.66904755831212,3241
1392,795.6761902332496,25905
1393,1013.8477631085037,60345
1394,615.6223663640867,25494
1395,852.9432175380091,50392
1396,954.0315292925775,35351
1397,913.1147904132629,26209
1398,763.190908859011,74958
1399,792.2569260369938,39238
1400,665.7350647362953,18252
1401,1055.3990616607252,78670
1402,1038.3107499061568,43575
1403,1367.10973977938,78995
1404,501.97770542341436,16208
1405,761.0437226013973,50277
1406,675.2203461105338,29152
1407,179.63961030678934,1206
1408,810.1736649163086,37526
1409,888.6883835420697,63989
1410,853.1320343559655,60630
1411,615.3086578651022,41493
1412,939.9726547895318,73934
1413,563.1959594928937,24147
1414,839.9310242291892,62400
1415,934.9726547895317,95357
1416,1290.4995667241133,74619
1417,1123.3158005400394,98521
1418,659.7817459305206,24841
1419,111.07106781186546,766
1420,838.1909088590111,45996
1421,1028.1858582251286,44310
1422,826.0904037956229,53477
1423,565.1492782986683,21225
1424,1132.5878784786814,86108
1425,670.5756851698615,24563
1426,727.4629867976533,41395
1427,907.7960312803954,52488
1428,591.3502884254449,24602
1429,245.35533905932743,3679
1430,797.3158005400394,33698
1431,1045.1025971044428,60584
1432,848.1198410471457,45917
1433,1176.114790413263,71815
1434,1034.754400720053,59049
1435,1370.5878784786814,68979
1436,97.28427124746187,459
1437,926.7127701597099,82536
1438,970.984848098352,60988
1439,989.2274887854713,48510
1440,576.2375900532368,18634
1441,1371.2152954766511,59011
1442,1300.9381669041268,63539
1443,955.4701294725905,41375
1444,516.9360748630714,21071
1445,1173.8427124746208,96621
1446,1078.8965363437837,61696
1447,707.658946290547,43663
1448,673.492424049176,39491
1449,502.3502884254449,13635
1450,932.3401871576798,53543
1451,1171.5168106668161,94466
1452,207.5685424949239,2294
1453,754.5878784786814,27510
1454,1471.2102448427688,51402
1455,88.45584412271567,360
1456,1136.2224381515884,37127
1457,221.0954544295052,3473
1458,144.66904755831212,1312
1459,946.6761902332495,49446
1460,1070.5340546095185,45048
1461,817.7716446627555,52926
1462,630.4386001800133,30985
1463,895.9848480983519,54537
1464,874.7178207935924,53564
1465,412.59292911256404,10540
1466,1650.518902707871,61545
1467,170.840620433566,1812
1468,549.8772003600263,11474
1469,1536.962553521767,71772
1470,688.2619766708767,38455
1471,337.7523086789979,6139
1472,685.6467529817271,44730
1473,587.5462479183388,36253
1474,571.6051224213841,43368
1475,316.8528137423859,6348
1476,65.45584412271569,381
1477,855.0142853498746,47638
1478,566.1076477383252,23854
1479,900.3574311003822,51949
1480,550.1665222413711,22045
1481,643.5340546095185,52673
1482,836.516810666816,69364
1483,914.0731598529205,80852
1484,552.9777054234145,25613
1485,917.1686142824258,59783
1486,1114.2741699796966,90898
1487,68.14213562373095,417
1488,526.5756851698612,32543
1489,1368.6955262170072,101024
1490,960.4163056034276,61323
1491,1234.71277015971,51700
1492,992.8772003600262,45434
1493,495.30865786510196,8758
1494,1520.997041407172,47465
1495,1171.374675043085,84411
1496,1011.2813126546341,79556
1497,827.5929291125643,57937
1498,752.9482681718918,35562
1499,723.9848480983519,36178
1500,341.6761902332494,10976
1501,453.87214972614333,18964
1502,650.9919907732891,30235
1503,450.6711395993667,22121
1504,427.2863632885163,19185
1505,387.07315985291973,16176
1506,340.7594513539348,10681
1507,669.4062043356623,46189
1508,467.54119728445573,19203
1509,437.25692603699355,17522
1510,577.5950211536185,32140
1511,575.6955262170069,39539
1512,603.4528855298876,44743
1513,593.0092347159916,30276
1514,435.52900397563576,17205
1515,557.4823227814102,28680
1516,560.511760032933,30624
1517,582.4823227814102,31695
1518,312.4041122946072,9136
1519,510.1686142824254,27672
1520,562.4406922210675,31225
1521,546.3696244092021,26174
1522,335.5756851698611,14403
1523,343.24473272817346,8990
1524,565.239682094291,33693
1525,380.1320343559653,14645
1526,519.239682094291,20206
1527,385.2447327281735,14359
1528,402.2447327281736,19169
1529,414.4163056034275,23337
1530,548.0264786586945,43521
1531,609.394011026842,38383
1532,432.3158005400391,15796
1533,399.8305191658004,21380
1534,494.15642097360535,23492
1535,341.6761902332494,8885
1536,493.57063453597846,24787
1537,568.6244584051414,32831
1538,549.7249634685297,24980
1539,526.5117600329331,22614
1540,365.58787847868103,11058
1541,424.60007178750107,14203
1542,587.2518754031112,36596
1543,456.77164466275497,24822
1544,447.4284989122475,20598
1545,460.6711395993667,17613
1546,373.759451353935,13399
1547,456.6589462905467,20739
1548,594.3229432149767,33199
1549,556.6244584051414,30585
1550,530.5828278447985,27501
1551,560.6833329081868,29040
1552,370.4163056034273,11670
1553,462.0853531617398,24177
1554,430.4457428549501,15901
1555,537.4112549695448,34608
1556,617.6244584051414,38218
1557,574.9259735953061,34467
1558,728.7199128346472,47718
1559,490.22748878547094,25976
1560,481.0437226013972,23806
1561,745.9453095790637,45742
1562,483.4284989122474,23628
1563,542.1980515339483,28717
1564,335.1614716074879,9241
1565,634.2935059634539,31083
1566,600.3645737753193,26548
1567,492.02647865869443,20395
1568,517.3401871576791,33409
1569,623.8376618407381,34361
1570,531.0559159102171,26714
1571,451.22748878547077,22116
1572,425.7300141024122,14685
1573,338.44574285494997,11074
1574,474.9432175380089,20407
1575,411.14422766478526,14334
1576,606.7665940288724,47203
1577,496.5706345359785,22956
1578,539.1269837220826,29587
1579,558.7960312803951,30138
1580,559.9381669041262,28617
1581,392.6589462905467,16627
1582,437.24473272817363,21959
1583,417.4579361637701,18082
1584,603.4234482783648,37044
1585,636.0508652763345,42724
1586,534.0681092190372,28567
1587,611.0803025278573,37417
1588,367.1025971044425,15731
1589,552.3107499061564,26019
1590,470.4701294725902,21696
1591,539.7544007200524,36311
1592,378.61731573020404,18052
1593,535.6244584051414,26819
1594,590.0508652763344,29429
1595,441.2569260369936,16369
1596,533.2985565973365,22727
1597,411.8305191658005,18985
1598,487.5706345359785,27460
1599,471.87214972614333,24389
1600,435.6711395993667,20417
1601,626.9797974644691,33908
1602,780.3300858899141,46883
1603,330.88939366884597,11538
1604,553.7960312803951,32276
1605,575.5950211536186,30111
1606,490.7716446627551,27067
1607,471.2863632885164,20224
1608,426.87214972614316,18766
1609,408.8305191658004,15913
1610,426.21529547665074,19348
1611,534.6417023478441,24379
1612,445.52900397563565,19994
1613,549.2102448427682,27830
1614,567.6955262170069,31296
1615,327.6761902332494,11539
1616,371.55844122715826,14200
1617,414.2447327281736,15357
1618,391.90158697766594,16115
1619,622.0803025278573,43394
1620,556.825468531918,31552
1621,628.0508652763345,34539
1622,393.1442276647852,19684
1623,481.88434303496336,21900
1624,485.74220741123236,22965
1625,448.8010819142778,18176
1626,403.7178207935922,12674
1627,396.90158697766594,18095
1628,440.73001410241216,21866
1629,606.2813126546338,37550
1630,585.5655839020959,29564
1631,494.18585822512813,24404
1632,706.2762620207512,46418
1633,540.9432175380089,26938
1634,363.34523779156183,12603
1635,504.2569260369937,26735
1636,548.0975464705601,32729
1637,487.0142853498743,26887
1638,459.91378028648603,21848
1639,566.3401871576792,32849
1640,585.6538956566642,35658
1641,490.74220741123236,24259
1642,550.6244584051414,22743
1643,354.44574285494997,11403
1644,597.9676041556489,37340
1645,639.1930009000656,41989
1646,332.303607231219,14413
1647,455.3868683519047,20293
1648,621.239682094291,35916
1649,437.3868683519046,20978
1650,592.4112549695449,32482
1651,570.9676041556489,36806
1652,516.1980515339482,23809
1653,427.94321753800875,21731
1654,449.4579361637702,20285
1655,387.759451353935,21238
1656,355.9604614807114,12091
1657,412.52900397563565,13122
1658,551.796031280395,23455
1659,479.08535316173993,24974
1660,518.4406922210675,26800
1661,582.6955262170069,30259
1662,415.31580054003905,14423
1663,478.8010819142778,19822
1664,595.9797974644689,32315
1665,456.9848480983515,20418
1666,337.6761902332495,12631
1667,596.2518754031111,27351
1668,431.5878784786813,21192
1669,520.5117600329331,25060
1670,555.7249634685296,32669
1671,403.58787847868115,17079
1672,526.8843430349633,29699
1673,556.1097397793799,26916
1674,699.4772721475279,54956
1675,523.3696244092018,29800
1676,443.4163056034274,17382
1677,351.7594513539348,13363
1678,469.88434303496325,20302
1679,378.2447327281735,11916
1680,533.239682094291,26787
1681,464.3868683519047,21431
1682,502.1269837220826,19631
1683,503.74220741123236,24304
1684,689.8914857099007,49101
1685,770.8031739553326,56912
1686,511.25692603699366,25078
1687,375.85995641732313,16781
1688,328.2325394193535,7410
1689,339.7178207935921,13299
1690,414.14422766478526,18757
1691,417.3158005400391,15587
1692,354.5462479183384,12493
1693,482.47012947259026,22853
1694,614.666088965484,43572
1695,431.8010819142777,17253
1696,621.9503602129463,30689
1697,560.695526217007,29116
1698,598.3279938488594,38752
1699,379.6883835420694,16186
1700,521.4528855298875,21600
1701,508.75440072005233,23722
1702,404.7716446627549,14874
1703,456.84271247462044,20922
1704,549.227488785471,29861
1705,468.97265478953153,23028
1706,633.2640687119311,40606
1707,434.2863632885164,13704
1708,480.15642097360546,24681
1709,478.2569260369936,21161
1710,613.837661840738,38392
1711,544.9970414071717,31152
1712,501.92597359530623,20013
1713,504.0264786586945,29517
1714,554.2102448427684,24121
1715,540.7127701597095,28700
1716,483.98484809835156,27815
1717,522.4406922210675,28572
1718,647.3351365237966,40516
1719,540.0386719675145,24269
1720,452.2569260369936,19024
1721,540.1513703397227,28406
1722,485.0559159102172,17043
1723,328.09040379562254,10241
1724,557.239682094291,37553
1725,403.55844122715837,14244
1726,693.4894654563477,42457
1727,552.4823227814104,38376
1728,574.1269837220826,37062
1729,471.52900397563576,20797
1730,568.381817718022,29476
1731,484.499566724113,22513
1732,398.58787847868126,15961
1733,638.4234482783648,36746
1734,323.1320343559652,6944
1735,553.8965363437833,32443
1736,503.0975464705599,21653
1737,499.0853531617399,22496
1738,628.4650788387078,33418
1739,388.031529292577,16442
1740,539.4112549695448,37120
1741,691.5189027078704,44167
1742,462.42849891224745,20888
1743,510.82546853191786,25016
1744,516.2985565973363,26152
1745,322.43354954612994,10296
1746,524.2813126546337,22611
1747,482.61226509632127,18323
1748,384.45793616377006,9701
1749,546.511760032933,33790
1750,445.6711395993667,17752
1751,568.2102448427682,28397
1752,542.4406922210675,29220
1753,437.0853531617398,21659
1754,357.7888886054577,12818
1755,542.1269837220827,29610
1756,484.5411972844557,22617
1757,486.3401871576793,21631
1758,416.0437226013972,14080
1759,386.8305191658005,16968
1760,637.5361466505731,30453
1761,476.4406922210675,20664
1762,374.3452377915617,14360
1763,564.5239533417531,25570
1764,637.1513703397227,44747
1765,514.1269837220826,28384
1766,605.6366517139614,38581
1767,518.3401871576792,26366
1768,468.1147904132626,23099
1769,535.9381669041261,23355
1770,434.9137802864861,17097
1771,738.4600282048251,51459
1772,387.7888886054577,14204
1773,379.4457428549501,14959
1774,401.17366491630804,18969
1775,560.369624409202,27383
1776,509.15642097360535,23972
1777,559.1808075912454,30640
1778,358.03152929257686,14517
1779,597.2691193458138,32336
1780,413.9310242291889,15755
1781,548.6955262170069,29232
1782,460.0437226013971,24430
1783,631.8082245892152,40536
1784,466.15642097360546,21642
1785,574.9087296526035,17904
1786,480.641702347844,19751
1787,556.9259735953062,27684
1788,556.5239533417531,23791
1789,490.7005768508894,15708
1790,520.1980515339483,31616
1791,513.3696244092018,35566
1792,470.2863632885164,20835
1793,553.6833329081869,29860
1794,453.4701294725902,17206
1795,652.10973977938,43321
1796,596.7544007200524,31893
1797,544.1686142824256,27833
1798,396.6883835420694,18372
1799,568.0386719675145,29915
1800,446.8721497261434,18958
1801,363.1025971044425,11091
1802,560.666088965484,32371
1803,610.4650788387077,36844
1804,391.96046148071144,11522
1805,429.5290039756357,20037
1806,489.4701294725902,19575
1807,407.913780286486,14097
1808,583.8082245892152,28083
1809,612.3523804664992,40171
1810,568.6244584051412,31918
1811,689.305699272274,41810
1812,538.8132752230979,25689
1813,674.9503602129462,60452
1814,461.5290039756358,19712
1815,499.9259735953061,25388
1816,506.0264786586944,22748
1817,519.4406922210675,25382
1818,518.5706345359787,29233
1819,486.0264786586944,32514
1820,599.9137802864861,30402
1821,352.51681066681556,13392
1822,563.4234482783648,23430
1823,396.54624791833834,13863
1824,455.35743110038186,20819
1825,516.2985565973365,23669
1826,577.1808075912455,35455
1827,542.7127701597095,34622
1828,497.95541084682884,18339
1829,495.94321753800875,24677
1830,561.1808075912455,28447
1831,488.49956672411304,24852
1832,416.07315985291984,19462
1833,497.9259735953061,23539
1834,537.8843430349634,24178
1835,602.3696244092021,37186
1836,554.2813126546338,28093
1837,541.783837971575,34250
1838,324.16147160748795,11919
1839,672.707719525827,48522
1840,399.70057685088943,13806
1841,529.227488785471,27656
1842,389.9726547895314,12898
1843,547.3818177180221,26809
1844,401.97265478953153,19716
1845,452.055915910217,14624
1846,485.84271247462055,23445
1847,536.1686142824254,34643
1848,521.1686142824256,36041
1849,515.8549057834407,27498
1850,545.967604155649,26832
1851,545.1980515339483,30615
1852,592.2102448427682,36367
1853,508.68333290818686,23962
1854,555.511760032933,30249
1855,519.5706345359785,20208
1856,669.6488450227816,38712
1857,578.5533905932758,36381
1858,475.1564209736054,21772
1859,623.4945160902304,44014
1860,432.97265478953153,19543
1861,402.4873734152929,15189
1862,421.1858582251281,16600
1863,628.565583902096,40308
1864,546.6122650963215,28358
1865,652.3351365237967,43135
1866,546.6833329081869,38625
1867,591.3107499061564,36129
1868,422.21529547665085,15934
1869,585.9087296526036,25701
1870,608.5533905932758,36923
1871,379.85995641732325,15559
1872,524.5117600329331,27813
1873,547.0681092190372,31632
1874,413.32799384885914,18489
1875,535.1564209736053,27537
1876,607.6955262170069,37808
1877,484.90158697766617,23597
1878,444.45793616377017,22372
1879,466.8132752230977,22164
1880,484.5584412271586,28858
1881,533.5828278447985,30222
1882,515.653895656664,27199
1883,393.901586977666,19502
1884,407.043722601397,16617
1885,613.1391770309027,44943
1886,466.57063453597846,17259
1887,586.4112549695448,34162
1888,471.0853531617399,18575
1889,590.6244584051414,36790
1890,514.7422074112324,26877
1891,352.68838354206935,15181
1892,470.7422074112323,23384
1893,557.239682094291,33186
1894,479.88434303496325,19257
1895,443.11479041326265,23632
1896,518.8427124746206,27443
1897,568.0264786586944,29110
1898,574.1686142824253,27401
1899,412.28636328851644,19777
1900,485.0681092190371,24125
1901,493.3279938488592,30099
1902,485.70057685088955,21887
1903,381.9310242291886,15242
1904,596.6538956566642,39923
1905,475.11479041326254,21085
1906,720.5605332682134,55196
1907,443.84271247462055,16488
1908,674.8914857099007,43497
1909,505.23968209429086,21362
1910,554.5828278447987,31187
1911,648.1930009000656,43233
1912,540.6538956566641,26883
1913,592.6955262170069,41873
1914,350.2325394193535,11678
1915,378.8010819142776,13002
1916,426.0142853498742,15213
1917,353.315800540039,9508
1918,525.4701294725902,25039
1919,362.8599564173232,12643
1920,494.19805153394816,23698
1921,459.19805153394805,19452
1922,593.523953341753,34311
1923,520.5411972844558,35229
1924,599.0508652763344,32909
1925,495.511760032933,20976
1926,478.19805153394816,21529
1927,475.9848480983515,21881
1928,519.8427124746206,24783
1929,601.8965363437835,37532
1930,572.7249634685297,31803
1931,380.58787847868115,11694
1932,486.511760032933,16805
1933,453.8132752230978,20887
1934,545.6417023478441,25296
1935,421.4995667241129,17253
1936,569.5533905932759,31031
1937,564.9381669041261,35830
1938,455.15642097360535,24268
1939,414.80108191427786,19962
1940,442.94321753800875,14932
1941,510.1980515339482,33928
1942,468.77164466275497,20046
1943,364.2031021678307,13720
1944,640.9209229614235,41611
1945,353.3452377915618,15071
1946,319.91883092036863,9646
1947,423.90158697766594,22235
1948,635.4650788387075,37515
1949,790.1168824543174,52967
1950,699.2468247692285,43179
1951,511.1980515339483,23092
1952,370.7300141024121,12583
1953,439.9432175380088,17939
1954,605.3229432149767,39265
1955,393.90158697766594,14854
1956,566.2102448427682,27746
1957,466.8132752230978,18204
1958,578.9087296526035,29170
1959,344.1614716074879,8384
1960,693.4062043356623,47636
1961,516.8549057834406,24506
1962,328.67619023324926,13007
1963,375.27416997969624,14682
1964,534.4701294725903,28537
1965,531.5533905932758,34681
1966,456.98484809835156,20544
1967,579.9676041556489,33230
1968,383.1320343559653,14512
1969,427.32799384885897,17024
1970,418.14422766478526,18261
1971,503.7300141024124,18817
1972,489.0264786586943,21483
1973,363.4457428549501,16516
1974,637.4356415871849,34974
1975,561.7960312803951,24268
1976,388.62950903902396,16499
1977,595.2813126546337,36876
1978,430.28636328851644,15849
1979,479.77164466275497,22046
1980,568.0264786586945,31039
1981,302.98989873223405,9821
1982,471.8132752230977,25108
1983,439.68838354206946,19994
1984,534.7127701597096,33862
1985,516.3990616607248,20460
1986,655.5067093990504,43772
1987,645.2813126546338,46702
1988,588.6660889654842,29688
1989,499.9554108468289,28012
1990,559.6955262170069,30379
1991,430.9726547895315,21884
1992,321.0193359837569,11967
1993,648.849855149558,38848
1994,430.4579361637702,22545
1995,468.29855659733636,21923
1996,417.70057685088943,18627
1997,507.09754647055996,23644
1998,569.9970414071715,34076
1999,629.979797464469,37379
2000,235.83556979968256,8251
2001,501.3574311003822,32112
2002,429.09040379562197,35130
2003,488.35743110038163,22697
2004,402.89444430272863,27557
2005,327.9116882454313,9868
2006,347.53405460951814,23098
2007,488.15642097360535,19997
2008,493.3868683519054,21344
2009,410.03867196751406,19012
2010,524.6711395993673,14924
2011,490.5096679918786,49971
2012,450.0365799264596,8461
2013,457.8650070512065,62540
2014,410.7645019878182,26397
2015,383.6518036156092,13142
2016,383.7127701597091,28832
2017,505.57568516986106,34373
2018,319.42135623730996,15099
2019,479.01933598375706,51002
2020,835.9432175380093,96715
2021,614.4163056034275,79057
2022,655.144227664786,46448
2023,426.61731573020364,15056
2024,471.3868683519053,11769
2025,412.3086578651023,20658
2026,305.3868683519044,11201
2027,291.05382386916256,9556
2028,392.9360748630716,13640
2029,530.5117600329329,48163
2030,742.9137802864861,80484
2031,284.6051224213833,12278
2032,482.2325394193535,32204
2033,525.7178207935923,23010
2034,438.6345596729072,42128
2035,496.75230867899813,21466
2036,688.2792206135796,90925
2037,630.2051942088854,76491
2038,394.6295090390241,23275
2039,521.0315292925773,38188
2040,293.7228714274754,13517
2041,625.6051224213845,59870
2042,378.6639969244292,34554
2043,488.6244584051411,54227
2044,300.2031021678309,10898
2045,355.86500705120557,24043
2046,334.2203461105334,13582
2047,432.57063453597806,21638
2048,423.95541084682844,14398
2049,313.62236636408716,32224
2050,401.918830920369,22964
2051,571.0904037956227,53797
2052,577.6761902332494,22575
2053,359.82337649086327,16610
2054,400.73001410241193,24249
2055,689.9137802864857,60839
2056,949.6021638285565,96605
2057,362.09040379562236,23766
2058,470.4924240491755,34580
2059,325.17871555019076,10137
2060,590.8010819142779,82111
2061,306.1198410471453,9834
2062,374.71782079359167,29481
2063,339.391918985787,6028
2064,343.4041122946071,9226
2065,357.0193359837567,11648
2066,346.4335495461298,17227
2067,375.1370849898482,9029
2068,339.58073580374435,30244
2069,678.3279938488595,87250
2070,420.84062043356596,40218
2071,402.21529547665074,23603
2072,246.83556979968273,10644
2073,476.01933598375666,15242
2074,533.541197284456,71911
2075,444.350288425445,9088
2076,447.3797256769672,9774
2077,358.8061325481602,10891
2078,247.46298679765295,2707
2079,482.8477631085031,47179
2080,540.0904037956223,53557
2081,287.8944443027284,10082
2082,668.2518754031112,75604
2083,276.5218613006981,3212
2084,748.2102448427681,66882
2085,416.462986797653,18424
2086,1162.1879502661836,113062
2087,525.3158005400392,39896
2088,465.4751801064727,62502
2089,480.9411254969542,3149
2090,493.3208511739218,34564
2091,424.68838354207014,53882
2092,465.0020920410541,31316
2093,423.56349186104154,23122
2094,338.5168106668153,13199
2095,387.5340546095182,8389
2096,471.2619766708765,30457
2097,483.97770542341453,40747
2098,392.8477631085035,23107
2099,472.9066376115489,34974
2100,575.3178925810938,67370
2101,511.64675298172654,50895
2102,470.55844122715797,16615
2103,221.1959594928937,8115
2104,351.53910524340114,32995
2105,687.3229432149761,87515
2106,533.1025971044427,22665
2107,265.1787155501909,20776
2108,629.7523086789979,94777
2109,353.6518036156092,25275
2110,376.50966799187836,25199
2111,345.1787155501907,33855
2112,557.3990616607247,8448
2113,500.57568516986134,53294
2114,428.5218613006981,19557
2115,376.8650070512057,23960
2116,448.6883835420697,15738
2117,332.7888886054574,8064
2118,305.3919189857876,17640
2119,358.98989873223417,5119
2120,425.8061325481606,15154
2121,972.4894654563486,81945
2122,538.249783362056,54324
2123,371.8355697996833,8405
2124,310.8700576850888,15152
2125,378.78174593052074,9821
2126,387.44574285494997,19473
2127,294.9188309203685,6174
2128,439.0315292925769,22066
2129,281.5391052434011,6261
2130,402.5290039756358,39996
2131,601.6934341759527,18308
2132,523.960461480712,57690
2133,437.67619023325005,17994
2134,425.0782104868023,8837
2135,404.61017305526696,27223
2136,440.25483399593895,4425
2137,466.5756851698618,20791
2138,397.6101730552667,15443
2139,440.4163056034273,11176
2140,513.7594513539349,31970
2141,393.14422766478526,32118
2142,448.90663761154894,27369
2143,373.9655121145942,26623
2144,568.9158723275407,24881
2145,525.7888886054582,21138
2146,568.0803025278576,62140
2147,387.8772003600261,39347
2148,438.30360723121856,23633
2149,468.82337649086344,17517
2150,446.7228714274754,35848
2151,516.3990616607248,47024
2152,423.22539674441657,48487
2153,327.26197667087575,26289
2154,348.71782079359195,5765
2155,486.4507934888327,20003
2156,340.622366364087,42104
2157,533.0954544295057,67554
2158,517.5756851698613,45319
2159,298.1198410471452,4485
2160,219.1787155501905,4549
2161,377.3969696196703,17019
2162,522.2569260369933,40581
2163,519.1320343559655,11593
2164,537.3107499061562,57244
2165,358.3208511739218,17746
2166,446.67619023324886,23442
2167,328.6690475583121,23657
2168,350.33809511662446,21952
2169,379.97265478953165,17278
2170,532.3279938488595,44566
2171,358.0782104868029,24368
2172,380.8893936688465,42755
2173,527.391918985787,29009
2174,414.00714267493674,14174
2175,332.8355697996834,12934
2176,311.10764773832534,11413
2177,449.842712474621,28534
2178,426.9310242291886,13352
2179,600.4701294725899,62275
2180,461.1320343559649,31566
2181,510.7594513539348,53655
2182,482.9726547895319,68267
2183,401.38686835190526,14500
2184,445.0437226013967,48119
2185,402.5828278447985,28053
2186,535.7005768508893,24209
2187,460.870057685089,8884
2188,295.14927829866775,6278
2189,245.29141392239907,15090
2190,393.20815280171405,40881
2191,331.82337649086304,6675
2192,285.27922061357907,18372
2193,340.37972567696767,17734
2194,546.1442276647854,52821
2195,516.1543289325512,54956
2196,246.58073580374418,3835
2197,427.7645019878176,52307
2198,338.4680374315356,8225
2199,455.9259735953057,61873
2200,619.5756851698607,52494
2201,451.2031021678305,55039
2202,369.4701294725898,6650
2203,323.752308678998,25014
2204,284.30865786510196,8988
2205,515.9015869776665,56515
2206,717.9797974644691,114952
2207,393.4091629284899,26672
2208,392.2497833620565,19733
2209,425.2619766708765,27903
2210,286.0710678118655,1295
2211,282.4680374315359,2000
2212,439.1076477383248,42858
2213,299.55129855222117,6341
2214,398.8650070512059,8821
2215,346.37972567696704,11255
2216,372.35533905932755,7612
2217,440.5929291125641,20057
2218,419.1564209736053,12069
2219,449.06096654409924,34201
2220,334.37972567696727,24796
2221,509.3452377915623,27568
2222,327.94321753800875,4253
2223,789.9209229614239,144330
2224,388.3259018078049,16361
2225,404.10259710444257,12249
2226,397.3969696196705,43455
2227,425.8305191658004,36494
2228,522.5634918610413,82076
2229,244.63961030678945,4431
2230,386.72287142747473,19916
2231,496.52900397563604,50131
2232,369.8721497261431,32127
2233,194.9705627484771,2822
2234,519.1930009000653,7979
2235,373.64675298172705,19612
2236,467.2031021678315,64717
2237,523.4629867976535,67547
2238,605.7077195258267,28678
2239,359.5685424949239,19600
2240,497.1025971044425,36967
2241,450.428498912247,25950
2242,544.9188309203685,64929
2243,204.4680374315355,4620
2244,406.7594513539345,26091
2245,431.8355697996837,27786
2246,390.0315292925773,33269
2247,274.8061325481601,10855
2248,333.2447327281736,22038
2249,563.340187157679,77775
2250,381.9015869776659,50696
2251,472.6589462905469,41053
2252,431.09040379562305,25998
2253,540.6639969244291,58449
2254,306.1320343559651,11616
2255,293.24978336205606,14128
2256,372.47518010647246,15653
2257,450.0660171779821,15310
2258,515.8772003600263,54382
2259,451.9533188057746,52606
2260,303.5218613006989,17890
2261,351.16147160748807,33051
2262,366.333044482742,3205
2263,377.3380951166249,7952
2264,336.4507934888329,27524
2265,327.4924240491757,28585
2266,315.44574285495,24440
2267,524.7300141024123,55793
2268,484.220346110534,50691
2269,318.3330444827417,13137
2270,523.8843430349639,34817
2271,417.67619023324943,44207
2272,550.5168106668154,46285
2273,346.3330444827416,11045
2274,303.02438661763983,13811
2275,440.33304448274157,16540
2276,449.84776310850293,50775
2277,483.0315292925774,28451
2278,489.1391770309024,15498
2279,437.51681066681516,42623
2280,320.7056274847718,18247
2281,553.4528855298876,46537
2282,505.7472580451144,72171
2283,343.7300141024118,23958
2284,455.24978336205686,38335
2285,333.70562748477164,17397
2286,561.7300141024127,83758
2287,446.55634918610417,52078
2288,448.2914139223994,7927
2289,522.7472580451151,35580
2290,361.6812408671323,29470
2291,359.50461735799547,20656
2292,378.12489168102826,38928
2293,500.36248173426486,30014
2294,569.2569260369933,35710
2295,706.6711395993675,72183
2296,350.0020920410538,13251
2297,280.85995641732285,22348
2298,398.0954544295054,28923
2299,484.09040379562276,36197
2300,519.7716446627551,38486
2301,306.02438661763983,21880
2302,358.267027304759,4585
2303,308.9482681718917,33013
2304,339.49242404917544,15072
2305,527.7594513539357,19415
2306,386.8650070512058,13652
2307,501.1198410471451,33173
2308,346.3502884254447,15778
2309,496.5807358037443,31274
2310,516.4751801064726,58074
2311,441.90158697766594,5918
2312,330.21320343559654,10922
2313,441.2985565973364,18807
2314,375.1959594928934,32182
2315,435.5218613006983,7787
2316,598.3401871576789,68775
2317,367.9482681718913,32530
2318,383.6883835420696,36582
2319,282.26702730475904,25411
2320,465.9310242291888,37047
2321,332.98275605729714,17949
2322,744.8893936688467,90921
2323,471.07315985291956,9814
2324,506.0193359837574,46775
2325,388.0559159102168,8322
2326,450.93102422918895,22826
2327,541.516810666816,46731
2328,486.67619023325005,33401
2329,453.6589462905465,17139
2330,462.1391770309032,37307
2331,634.8355697996836,83091
2332,539.2203461105337,6877
2333,622.0681092190368,55422
2334,366.1614716074878,15145
2335,363.1370849898481,9443
2336,670.8893936688461,52318
2337,638.5929291125638,72107
2338,453.87929240108065,12961
2339,324.82337649086304,7696
2340,447.98989873223485,16221
2341,348.11984104714514,5541
2342,381.16861428242504,22309
2343,497.72287142747484,11954
2344,319.30865786510213,9066
2345,314.13708498984806,14595
2346,497.33304448274146,57864
2347,298.0954544295056,15323
2348,417.89444430272897,41454
2349,294.4507934888325,14934
2350,591.6051224213845,69315
2351,490.21529547665074,70251
2352,349.26197667087615,24403
2353,461.597979746447,52962
2354,287.00714267493686,16046
2355,301.2497833620561,14568
2356,358.3259018078046,34665
2357,437.44574285495014,24581
2358,298.02438661763983,12133
2359,255.2497833620559,13805
2360,525.4457428549504,32443
2361,368.0609665440997,8889
2362,382.8477631085029,13735
2363,309.84776310850265,21722
2364,387.88939366884586,5048
2365,355.65894629054657,5764
2366,243.2031021678303,10536
2367,407.43860018001305,7291
2368,449.98989873223417,29676
2369,573.3158005400387,83838
2370,381.09040379562225,11901
2371,440.40411229460756,47545
2372,474.149278298668,21891
2373,571.1858582251283,54430
2374,211.58073580374358,8074
2375,307.1076477383251,12600
2376,572.8843430349641,65688
2377,392.65180361560954,15741
2378,494.1564209736059,67980
2379,501.8721497261431,58720
2380,396.39191898578713,6476
2381,551.1909088590112,54777
2382,319.23759005323586,2186
2383,235.0538238691629,10476
2384,402.3624817342648,32329
2385,340.10764773832545,7831
2386,507.6538956566643,50787
2387,374.06096654409924,27873
2388,426.93607486307184,17354
2389,396.1442276647853,36780
2390,299.8599564173229,10656
2391,357.5756851698606,17194
2392,385.2914139223989,42185
2393,630.7300141024118,54721
2394,424.52900397563525,18110
2395,391.6000717875008,43327
2396,427.3797256769677,10229
2397,327.4507934888326,18112
2398,409.4629867976531,50896
2399,384.4041122946068,32410
2400,378.8111831820435,41025
2401,562.3818177180217,51780
2402,389.27416997969624,1505
2403,384.85281374238605,38743
2404,451.4924240491758,22686
2405,301.98275605729725,2931
2406,444.1370849898485,47105
2407,518.031529292577,38416
2408,346.02438661764006,29390
2409,547.9676041556486,52501
2410,373.3330444827421,9580
2411,515.8944443027286,45105
2412,574.7544007200526,37007
2413,581.587878478681,63124
2414,292.95331880577413,2767
2415,462.43354954612994,6966
2416,381.2152954766506,1405
2417,662.0386719675148,95641
2418,420.56854249492415,24547
2419,270.57568516986106,14066
2420,291.96551211459416,24803
2421,347.0365799264599,8488
2422,630.8082245892148,63704
2423,726.8427124746211,84432
2424,405.05382386916244,12935
2425,481.7888886054575,24547
2426,334.4213562373101,36305
2427,387.4335495461297,22031
2428,549.1492782986679,34652
2429,433.91168824543155,45004
2430,609.5828278447983,54920
2431,495.7005768508898,35844
2432,362.94826817189124,38008
2433,302.0365799264593,11320
2434,267.3208511739212,10915
2435,681.7005768508902,49251
2436,418.2203461105332,13129
2437,373.7472580451147,6767
2438,488.783837971575,28339
2439,520.9432175380093,34819
2440,424.747258045115,22323
2441,472.754400720052,40339
2442,287.0487732352793,13498
2443,531.5756851698609,25301
2444,337.19090885901045,13959
2445,444.97770542341374,18114
2446,547.1463197058399,43714
2447,342.5269119345811,6450
2448,297.6295090390235,26786
2449,368.19595949289373,30932
2450,406.17366491630776,33568
2451,493.76659402887225,15519
2452,248.37972567696752,6916
2453,431.1147904132622,22102
2454,371.00714267493663,36163
2455,464.1614716074884,40707
2456,368.0243866176402,35989
2457,606.0365799264597,34656
2458,394.8010819142773,27475
2459,422.2569260369932,33650
2460,410.8305191658,22398
2461,464.15642097360495,30288
2462,446.5878784786813,59151
2463,441.2914139223989,17062
2464,303.6396103067898,23884
2465,301.3847763108502,2643
2466,485.3797256769677,28740
2467,417.6051224213837,19320
2468,401.717820793592,26778
2469,324.6812408671321,14740
2470,249.8111831820433,3323
2471,408.7127701597091,41891
2472,575.4873734152931,44501
2473,312.6639969244293,2468
2474,642.0853531617398,41837
2475,344.4507934888326,5953
2476,853.5310960166903,88526
2477,346.44574285495014,19095
2478,270.03657992645975,9915
2479,368.85995641732325,25115
2480,301.91883092036835,14114
2481,422.93607486307144,32643
2482,490.1736649163079,45771
2483,416.4629867976523,45091
2484,413.5046173579955,21589
2485,423.39191898578775,26563
2486,413.78888860545766,5373
2487,298.79393923934026,30313
2488,393.70057685088915,12937
2489,792.9533188057746,97424
2490,293.85281374238593,7858
2491,343.9238815542512,11903
2492,557.3919189857875,28873
2493,303.710678118655,6163
2494,342.8111831820432,2836
2495,365.6761902332492,49946
2496,333.16652224137056,19330
2497,508.3940110268419,45811
2498,361.73001410241255,25850
2499,374.63455967290685,18436
2500,598.4478348960047,1428
2501,437.6467529817266,13610
2502,496.56349186104154,63119
2503,381.45793616377006,4445
2504,373.1614716074883,15165
2505,551.6000717875011,79713
2506,478.5290039756354,22446
2507,722.102597104443,85702
2508,460.274169979696,12786
2509,365.24473272817335,4946
2510,347.83051916580064,5168
2511,415.0559159102172,12846
2512,456.1320343559655,13551
2513,500.11479041326294,34716
2514,450.7838379715752,5089
2515,395.51681066681516,14886
2516,600.7127701597092,53848
2517,538.1686142824256,37945
2518,429.1909088590107,15056
2519,582.256926036994,14736
2520,535.8183258569807,22307
2521,555.4945160902307,13027
2522,456.70562748477266,31316
2523,514.423448278365,48183
2524,342.53405460951797,21255
2525,487.114790413263,26435
2526,468.36962440920155,33680
2527,427.1076477383248,4065
2528,432.36248173426463,10045
2529,422.87720036002577,14998
2530,804.7960312803959,58138
2531,380.0193359837574,7854
2532,470.8061325481601,29849
2533,370.5046173579954,11330
2534,536.7005768508895,24792
2535,640.0365799264599,27283
2536,535.8010819142777,27262
2537,486.0975464705595,38856
2538,675.2274887854708,71331
2539,573.4995667241135,23076
2540,562.8010819142776,33210
2541,441.5462479183388,18950
2542,539.7838379715748,53746
2543,391.44574285495065,16975
2544,565.1686142824253,51141
2545,547.3279938488588,23592
2546,652.6366517139611,30685
2547,369.30360723121885,8284
2548,323.2375900532365,8646
2549,412.19595949289373,4605
2550,432.09040379562316,29171
2551,514.1269837220827,13780
2552,458.95541084682867,41618
2553,414.9310242291893,21561
2554,474.1320343559654,21253
2555,370.3330444827417,13961
2556,444.8843430349631,10595
2557,518.8376618407376,35391
2558,427.68838354206895,20696
2559,651.6761902332496,50894
2560,446.16652224137124,39788
2561,395.9604614807119,10708
2562,354.1787155501912,12882
2563,569.0386719675143,19651
2564,476.15432893255115,41324
2565,450.2152954766504,45578
2566,297.75230867899774,5671
2567,804.8254685319175,149535
2568,555.0264786586941,74671
2569,556.3158005400393,40887
2570,650.5655839020958,105125
2571,457.6833329081873,39301
2572,547.8792924010809,31288
2573,418.9310242291886,49092
2574,405.30865786510157,4188
2575,558.6883835420695,30288
2576,628.08535316174,12181
2577,503.4457428549508,29504
2578,363.0853531617395,20818
2579,508.36962440920246,15086
2580,444.17366491630844,18167
2581,653.8742417671983,32594
2582,642.8721497261436,78680
2583,688.2985565973365,46246
2584,366.68124086713215,3585
2585,378.20815280171325,8564
2586,453.0975464705598,37235
2587,687.9015869776664,32055
2588,411.39696961967,3302
2589,633.0458146424517,100431
2590,477.3868683519045,60056
2591,659.5361466505728,36719
2592,497.60007178750186,18005
2593,587.5533905932755,51996
2594,400.6467529817263,15368
2595,649.7472580451152,46527
2596,670.3889603929592,15272
2597,355.51681066681596,5940
2598,620.7371567773498,35193
2599,458.1564209736053,8999
2600,557.7665940288728,25665
2601,395.80108191427735,11616
2602,390.84776310850316,11595
2603,482.07315985291973,26671
2604,493.73715677734947,78504
2605,521.327993848859,11459
2606,352.8772003600262,3447
2607,577.9655121145944,6852
2608,352.9238815542515,9814
2609,447.52186130069845,11878
2610,582.9919907732888,39696
2611,482.75440072005193,58606
2612,535.9726547895319,82272
2613,435.79393923934055,38831
2614,528.2813126546334,26628
2615,684.0508652763347,73013
2616,547.1808075912459,45588
2617,397.91378028648626,2678
2618,404.72287142747507,14769
2619,393.10764773832557,13949
2620,512.5411972844554,34948
2621,317.33304448274157,6450
2622,798.7615433949903,83872
2623,498.3868683519054,51860
2624,731.9554108468294,111632
2625,401.3574311003815,29429
2626,463.7472580451152,57450
2627,443.1808075912451,37701
2628,300.56854249492426,8177
2629,417.4112549695445,9407
2630,52.112698372208065,262
2631,572.4457428549497,76808
2632,620.5533905932756,24689
2633,773.714862200765,28852
2634,584.2813126546337,6653
2635,440.60512242138384,16266
2636,411.1909088590114,29663
2637,380.8061325481604,14257
2638,443.7178207935922,58199
2639,531.0092347159914,40080
2640,368.4629867976529,14807
2641,342.7056274847722,18387
2642,566.0731598529194,55294
2643,419.37467504308427,9947
2644,660.7544007200519,37989
2645,506.4163056034281,46188
2646,546.7249634685295,28090
2647,566.6538956566636,41322
2648,407.94321753800864,33624
2649,523.8914857099005,11128
2650,594.232539419354,18061
2651,515.0071426749372,64996
2652,597.8427124746211,50697
2653,439.4701294725901,18427
2654,577.2224381515883,2352
2655,479.1909088590105,12159
2656,336.00209204105414,13407
2657,597.0731598529201,52064
2658,577.6761902332498,14798
2659,546.6244584051414,31416
2660,444.79393923934083,54895
2661,527.6051224213845,60269
2662,499.31074990615645,17286
2663,523.2203461105339,12278
2664,515.7422074112326,12360
2665,492.6812408671324,16608
2666,480.59502115361823,40592
2667,463.7645019878175,18294
2668,444.7228714274752,13000
2669,674.8893936688464,86061
2670,358.7056274847723,12836
2671,505.84271247462124,34353
2672,696.0214280248123,48856
2673,505.026478658694,39693
2674,444.8965363437832,10863
2675,469.58787847868126,2664
2676,592.9726547895317,20036
2677,610.4478348960051,35720
2678,321.26197667087644,28301
2679,466.8965363437832,21869
2680,561.1147904132622,40656
2681,450.0904037956228,21098
2682,628.5777772109155,61406
2683,522.222438151588,52552
2684,474.1370849898481,6894
2685,649.8183258569804,111399
2686,351.3452377915622,7791
2687,469.45793616376994,39323
2688,625.8670990922611,45330
2689,733.0092347159922,122755
2690,651.7665940288721,47244
2691,481.9432175380085,19980
2692,577.7716446627558,36828
2693,483.48737341529295,22061
2694,374.0020920410542,12985
2695,353.96046148071133,15059
2696,316.93102422918827,32881
2697,516.203102167831,55302
2698,470.232539419354,23732
2699,460.65894629054634,22035
2700,485.52900397563525,37998
2701,747.5432893255108,41642
2702,336.6345596729067,11948
2703,492.64675298172705,49813
2704,503.32799384885953,14893
2705,527.1909088590107,35465
2706,553.1858582251285,19858
2707,394.4873734152927,19782
2708,280.84776310850276,12478
2709,314.338095116625,13659
2710,513.2274887854715,59449
2711,647.7077195258267,64292
2712,407.58787847868086,26083
2713,422.1025971044422,35535
2714,525.1147904132627,25973
2715,440.23253941935354,21503
2716,449.31580054003905,15174
2717,352.15432893255104,3666
2718,386.88434303496297,19169
2719,464.44574285495077,20510
2720,103.61017305526632,505
2721,485.6711395993665,37371
2722,506.8792924010807,59715
2723,594.3330444827423,19412
2724,441.7127701597094,38886
2725,658.6610383316016,109006
2726,626.489465456348,117873
2727,291.0954544295056,4803
2728,279.66399692442917,13851
2729,360.33304448274197,17623
2730,449.3868683519046,21227
2731,431.428498912247,21721
2732,399.960461480711,27794
2733,613.0092347159915,42863
2734,298.5218613006981,4731
2735,420.6833329081868,21042
2736,382.7472580451147,20050
2737,472.6000717875012,28272
2738,371.3746750430842,12644
2739,458.4457428549499,6970
2740,384.2375900532367,12900
2741,390.75945135393516,26497
2742,489.2274887854708,26430
2743,541.8010819142777,71014
2744,536.6467529817271,67724
2745,524.955410846829,64847
2746,439.5756851698617,13989
2747,426.75945135393516,18216
2748,543.7594513539349,33592
2749,653.7787873376922,37971
2750,420.5462479183385,23989
2751,481.2152954766507,16300
2752,320.8305191658,11459
2753,425.1736649163084,19802
2754,474.09040379562197,11792
2755,314.6883835420693,3268
2756,475.55844122715826,23077
2757,657.3300858899139,8276
2758,517.8061325481607,37892
2759,467.70057685088966,20196
2760,579.4112549695444,70380
2761,449.56349186104137,39551
2762,488.8721497261429,32868
2763,366.10259710444205,17597
2764,714.5533905932759,43762
2765,412.0071426749368,29932
2766,580.1025971044423,82431
2767,728.4457428549504,18928
2768,407.4924240491755,7281
2769,407.06096654409953,14564
2770,430.67619023324926,14525
2771,284.7472580451147,2357
2772,477.0437226013973,38714
2773,416.7888886054572,25287
2774,742.6194077712589,116646
2775,581.754400720052,69021
2776,585.6417023478444,56171
2777,621.1391770309027,68978
2778,541.499566724113,28677
2779,453.61226509632087,22773
2780,509.4629867976529,35686
2781,522.8965363437835,24990
2782,600.281312654634,27346
2783,506.45288552988734,16199
2784,610.1808075912453,41925
2785,412.83556979968324,21297
2786,482.38686835190504,31922
2787,541.5878784786815,46162
2788,583.3990616607242,32932
2789,475.76450198781765,6550
2790,369.7300141024119,6398
2791,682.4873734152936,61029
2792,320.4629867976527,2006
2793,400.6417023478436,17059
2794,434.6538956566637,38247
2795,687.3940110268418,88170
2796,478.7960312803949,4216
2797,327.6761902332493,8191
2798,498.0853531617399,31738
2799,430.39696961967013,15309
2800,129.69848480983495,2556
2801,559.0193359837568,41090
2802,525.1980515339477,45922
2803,494.38181771802215,30387
2804,764.6854249492415,34428
2805,499.7594513539357,17395
2806,332.37467504308444,4698
2807,295.859956417323,3242
2808,488.39906166072456,18474
2809,325.53405460951836,8573
2810,446.36962440920155,33364
2811,479.622366364087,19195
2812,430.81832585698027,28551
2813,471.8670990922603,36045
2814,511.94826817189187,8426
2815,296.76450198781737,8637
2816,554.1736649163078,68684
2817,462.12698372208314,10241
2818,381.24473272817346,39080
2819,348.8305191658005,22177
2820,329.1909088590105,2449
2821,523.9554108468288,41499
2822,396.6467529817267,16033
2823,560.9970414071718,25588
2824,543.8254685319175,21386
2825,479.61226509632127,17808
2826,488.54119728445534,47955
2827,529.6934341759522,22093
2828,547.5533905932758,9932
2829,715.920922961424,10897
2830,478.7472580451148,19371
2831,910.0731598529205,147400
2832,475.35743110038266,57916
2833,419.504617357996,40780
2834,331.428498912247,10040
2835,574.2152954766515,48610
2836,499.3746750430847,35273
2837,486.232539419354,42953
2838,375.49956672411275,11650
2839,476.54624791833817,24600
2840,435.7178207935918,13770
2841,344.4041122946074,8632
2842,531.7888886054579,29228
2843,428.4751801064729,25816
2844,424.6417023478436,17814
2845,546.2224381515882,66917
2846,348.49956672411275,20285
2847,574.4995667241128,23896
2848,554.9015869776663,73743
2849,594.8721497261436,20859
2850,324.3919189857871,9613
2851,448.32799384885874,63523
2852,477.82546853191786,15623
2853,530.8914857099005,8227
2854,571.3401871576791,23544
2855,446.2325394193533,23153
2856,631.6538956566636,31663
2857,428.6051224213842,10147
2858,380.9604614807118,25110
2859,573.6072144624384,46241
2860,383.5462479183385,18843
2861,685.3452377915622,53066
2862,419.3452377915618,15959
2863,568.1341263970198,34515
2864,376.36248173426463,23474
2865,500.54119728445596,10105
2866,440.3452377915617,43501
2867,360.8183258569803,2356
2868,677.8792924010805,47397
2869,401.8893936688461,12687
2870,551.2224381515882,21389
2871,793.5088014401052,56179
2872,730.2325394193538,121484
2873,502.23253941935354,5390
2874,464.3523804664992,18177
2875,504.6589462905466,28111
2876,533.3158005400389,26565
2877,667.8132752230981,100651
2878,637.1564209736055,27712
2879,417.8427124746204,7241
2880,436.61226509632087,10372
2881,414.8650070512062,20235
2882,378.2497833620564,15049
2883,452.1736649163084,69597
2884,577.8670990922606,61065
2885,347.710678118655,14422
2886,344.68838354206935,9959
2887,346.1198410471452,29265
2888,293.7472580451144,12734
2889,552.6883835420696,50971
2890,472.4335495461303,9513
2891,520.2985565973366,11745
2892,560.5411972844555,77436
2893,344.889393668846,11779
2894,381.5046173579951,11584
2895,377.1320343559652,2623
2896,722.7909806465126,76312
2897,535.286363288516,38859
2898,684.3767670841394,80277
2899,552.4528855298877,8826
2900,427.1320343559658,14126
2901,504.2863632885166,52413
2902,360.1198410471447,19365
2903,475.03657992646015,24715
2904,478.32799384885874,63093
2905,367.5878784786811,11524
2906,503.57568516986123,10843
2907,622.8376618407382,23474
2908,568.0437226013975,32696
2909,448.01428534987406,38475
2910,439.2863632885163,2098
2911,460.3919189857872,5680
2912,408.32799384885885,14200
2913,532.3056992722738,7904
2914,620.0508652763342,34273
2915,337.7766952966373,1636
2916,560.7544007200524,23190
2917,361.7645019878177,7781
2918,82.42640687119278,528
2919,532.8031739553323,31572
2920,538.7888886054579,56243
2921,459.35028842544455,23897
2922,384.44574285494986,6397
2923,679.991990773289,35124
2924,595.5533905932759,62372
2925,321.23253941935326,15843
2926,399.45793616376983,18272
2927,413.066017177983,26494
2928,421.9137802864863,20896
2929,568.7178207935921,54667
2930,387.2081528017135,4847
2931,440.3746750430847,19188
2932,420.487373415293,11252
2933,626.636651713961,46744
2934,625.7056274847727,23022
2935,547.9970414071718,35913
2936,509.3624817342649,45450
2937,622.8498551495586,42026
2938,486.5878784786813,50349
2939,552.4163056034279,30764
2940,437.0609665440997,3028
2941,428.1147904132622,14804
2942,533.9676041556486,31972
2943,380.8549057834402,19068
2944,615.9797974644687,37286
2945,489.27416997969664,27135
2946,436.8132752230976,41692
2947,454.97770542341414,12846
2948,319.42135623730985,11659
2949,636.8914857099004,32212
2950,332.2619766708763,9916
2951,395.3380951166249,20763
2952,584.1635636485425,43102
2953,459.83556979968364,15224
2954,491.94321753800926,50764
2955,623.6711395993675,130480
2956,589.0142853498742,37711
2957,667.8965363437837,86018
2958,511.14927829866826,73822
2959,404.29141392239893,9721
2960,442.2325394193539,12353
2961,520.6000717875013,18383
2962,570.4579361637705,36614
2963,727.5361466505738,34240
2964,464.3279938488595,11131
2965,699.0508652763345,53842
2966,476.73001410241176,22608
2967,491.5584412271587,15587
2968,423.29646455628216,36718
2969,360.404112294607,3952
2970,346.811183182043,5222
2971,318.55129855222134,25868
2972,465.10259710444245,3851
2973,458.6538956566637,18635
2974,382.24978336205646,7694
2975,532.9015869776656,35234
2976,537.8792924010804,12747
2977,554.6711395993666,44594
2978,592.1686142824251,47781
2979,432.34523779156166,1933
2980,553.038671967514,64710
2981,523.3940110268418,22044
2982,434.54119728445573,2979
2983,565.450793488833,48470
2984,508.39906166072467,38428
2985,538.1492782986679,23074
2986,552.281312654634,54835
2987,472.4264068711928,1772
2988,532.1391770309026,61976
2989,436.80108191427763,23177
2990,407.8528137423856,12540
2991,431.8650070512062,7320
2992,309.9015869776658,3513
2993,393.98484809835116,11017
2994,513.8427124746208,12491
2995,466.1736649163084,52163
2996,584.6639969244293,21404
2997,590.9604614807117,18477
2998,465.00923471599134,7514
2999,290.68124086713254,7879
3000,741.3645737753195,27905
3001,386.2325394193538,6901
3002,555.9381669041263,17769
3003,609.6072144624386,36094
3004,502.71782079359224,32899
3005,809.7909806465126,28661
3006,235.6396103067896,4210
3007,375.10259710444274,9840
3008,820.2955980045086,43863
3009,375.03657992645964,7366
3010,398.7838379715751,15190
3011,356.58787847868086,12862
3012,461.5533905932759,16746
3013,291.06601717798253,7684
3014,409.989898732234,19368
3015,430.91378028648614,13751
3016,523.984848098352,15987
3017,450.26911934581346,6500
3018,406.0315292925768,23460
3019,251.27922061357924,10719
3020,398.835569799683,12157
3021,296.30360723121913,6188
3022,443.34018715767917,11003
3023,854.1930009000658,32829
3024,707.7127701597101,25341
3025,353.688383542069,9726
3026,628.7026688919441,28385
3027,525.5117600329334,44340
3028,317.65180361560977,3997
3029,366.91883092036863,9773
3030,568.6467529817273,35886
3031,941.1534623807778,43292
3032,285.558441227158,14520
3033,527.0142853498744,25516
3034,395.72287142747524,8368
3035,438.83051916580075,24652
3036,277.4335495461302,2432
3037,260.3969696196699,1945
3038,285.84776310850293,9395
3039,423.6711395993668,31025
3040,412.22748878547077,13430
3041,264.279220613579,7416
3042,302.72287142747484,8828
3043,373.847763108503,22219
3044,327.73506473629493,11793
3045,886.3300858899142,89083
3046,413.3746750430847,10665
3047,569.796031280395,42491
3048,314.2325394193536,9215
3049,236.43354954612963,5123
3050,595.1269837220825,36810
3051,452.58787847868155,23507
3052,636.3696244092023,20329
3053,434.39906166072467,15484
3054,316.580735803744,12884
3055,498.4995667241125,11137
3056,295.48023074035586,22216
3057,989.2173875177062,53757
3058,477.5828278447986,12801
3059,476.41125496954504,15287
3060,268.2497833620564,4644
3061,453.634559672907,11431
3062,230.97770542341397,3405
3063,387.8599564173232,14681
3064,476.9087296526033,20503
3065,192.58073580374375,6897
3066,725.6711395993674,33462
3067,379.0437226013969,4656
3068,658.5189027078711,47991
3069,433.1391770309026,14590
3070,236.1492782986678,3823
3071,765.4255403194198,41550
3072,602.4478348960052,6436
3073,413.1320343559652,23125
3074,308.88939366884597,5334
3075,385.1025971044426,19908
3076,785.4183976444822,28787
3077,292.19090885901045,10498
3078,694.6782822743045,26472
3079,820.9991334482263,43495
3080,405.641702347844,11306
3081,310.4213562373105,5051
3082,344.9066376115487,7836
3083,373.1736649163083,18269
3084,474.20310216783093,35578
3085,493.20310216783133,5129
3086,409.0975464705599,13494
3087,354.83051916580064,9359
3088,361.57568516986134,21232
3089,582.7127701597096,23424
3090,641.653895656664,60586
3091,395.2203461105337,24896
3092,219.73506473629482,2711
3093,454.5706345359786,26801
3094,316.59292911256404,17090
3095,324.3746750430847,16099
3096,741.9747468305866,33829
3097,356.83051916580047,16093
3098,453.82546853191764,19942
3099,214.8944443027283,3176
3100,600.9432175380086,19473
3101,728.5878784786818,40267
3102,542.4356415871849,29631
3103,275.3624817342645,4966
3104,615.0630585851551,21452
3105,807.8031739553327,23811
3106,399.32085117392154,10895
3107,483.60512242138407,13565
3108,368.8061325481604,14729
3109,398.59292911256375,28996
3110,748.4183976444824,43108
3111,343.38686835190424,11959
3112,328.0365799264601,13436
3113,411.386868351905,26063
3114,328.80613254816046,4766
3115,365.25692603699366,7001
3116,261.20815280171325,6329
3117,993.0702012600924,41013
3118,479.1564209736053,12456
3119,800.0508652763347,33845
3120,311.1076477383258,13426
3121,303.0487732352799,6141
3122,655.7300141024123,19494
3123,372.0782104868025,13519
3124,685.3574311003821,13110
3125,159.29646455628176,3526
3126,424.215295476651,22556
3127,334.58073580374383,4057
3128,425.55844122715865,8889
3129,280.3502884254445,18238
3130,568.2813126546341,17330
3131,330.9137802864858,17886
3132,498.67828227430414,15211
3133,782.595021153619,38789
3134,354.86500705120625,9732
3135,282.93607486307155,9425
3136,316.2447327281733,8734
3137,489.7523086789981,27165
3138,470.4579361637698,36477
3139,662.6610383316015,36861
3140,398.07315985291996,8272
3141,553.0803025278574,27643
3142,421.93102422918884,4609
3143,319.9604614807114,11995
3144,738.484414822465,40489
3145,445.21529547665114,32417
3146,493.7350647362953,10349
3147,329.1787155501907,12164
3148,311.965512114594,4398
3149,456.7766952966376,8491
3150,381.989898732234,22971
3151,305.2792206135791,2950
3152,217.10764773832503,7688
3153,393.735064736295,9098
3154,438.7127701597091,17948
3155,179.0365799264593,7045
3156,1043.1189744953726,46112
3157,653.1290757631374,41716
3158,332.37972567696715,2873
3159,550.2762620207509,28658
3160,561.5239533417534,17417
3161,776.5878784786817,43044
3162,456.16147160748835,25911
3163,255.8061325481603,6440
3164,290.2792206135789,6181
3165,307.59292911256404,16133
3166,380.1736649163084,19704
3167,603.0630585851545,22413
3168,463.49956672411304,18559
3169,245.72287142747518,5295
3170,296.6345596729065,14730
3171,217.85281374238605,11875
3172,387.07315985291984,18877
3173,761.1635636485429,29876
3174,357.6051224213835,30520
3175,887.3178925810946,34446
3176,709.8549057834412,30066
3177,424.1736649163082,17485
3178,284.59292911256387,5522
3179,496.54119728445585,733
3180,844.4011537017803,44884
3181,364.47012947259003,30637
3182,337.29141392239876,14983
3183,738.5432893255106,36920
3184,231.7106781186547,4172
3185,339.46298679765295,11958
3186,546.0142853498746,18517
3187,452.9898987322342,10732
3188,705.7493500861696,26049
3189,317.3452377915615,6821
3190,288.6639969244294,15578
3191,347.4457428549499,12234
3192,206.09545442950528,11403
3193,336.37467504308455,11010
3194,610.7056274847727,17840
3195,273.37972567696704,4774
3196,443.7960312803951,15861
3197,243.9360748630712,5865
3198,490.57568516986134,17976
3199,278.07821048680216,7369
3200,841.7665940288725,43986
3201,833.3595231414367,40522
3202,419.13203435596535,14927
3203,355.0315292925771,5000
3204,250.48023074035507,383
3205,588.8498551495582,20312
3206,293.4507934888328,6106
3207,664.9209229614238,33448
3208,317.4335495461304,10857
3209,463.695526217007,19310
3210,231.99494936611677,13846
3211,283.00714267493674,7118
3212,234.32085117392168,5504
3213,361.9015869776658,21171
3214,318.71782079359207,14299
3215,598.6488450227814,27431
3216,570.8355697996836,13324
3217,319.34523779156154,11813
3218,263.9066376115485,4246
3219,549.7371567773496,30903
3220,399.64170234784405,22721
3221,376.1614716074885,6372
3222,324.4579361637698,12662
3223,233.45584412271592,9619
3224,768.0874452027948,36292
3225,331.83556979968336,8734
3226,291.5340546095181,999
3227,317.99494936611694,7322
3228,422.23253941935326,10508
3229,219.30865786510202,5570
3230,452.6051224213835,10559
3231,816.7148622007644,57523
3232,525.185858225128,25466
3233,422.30360723121896,8778
3234,420.0142853498743,14611
3235,384.7939392393407,14178
3236,257.42135623730985,6072
3237,226.1198410471451,2926
3238,289.80613254816035,7407
3239,289.0193359837569,6979
3240,245.45079348883274,5311
3241,532.7888886054579,36435
3242,821.0386719675148,46793
3243,249.52186130069794,15735
3244,273.3036072312189,6894
3245,274.93607486307144,800
3246,394.20310216783093,9790
3247,365.47012947259003,5767
3248,375.42135623731014,21262
3249,340.93607486307195,38628
3250,169.48528137423858,324
3251,549.4335495461306,60712
3252,264.6690475583125,4921
3253,334.575685169861,7741
3254,616.732106143467,32012
3255,470.9259735953062,17951
3256,380.1320343559656,12261
3257,339.8650070512062,5981
3258,361.08535316173965,12043
3259,623.381817718022,18423
3260,687.460028204825,32834
3261,362.4041122946072,16718
3262,398.14422766478526,6124
3263,488.30360723121936,32665
3264,731.4234482783647,17484
3265,457.2863632885161,23982
3266,343.8305191658005,7234
3267,562.3645737753195,25831
3268,524.7005768508898,5509
3269,914.366665816375,41067
3270,251.66399692442906,3734
3271,380.2741699796961,4883
3272,249.03657992645998,2795
3273,655.6072144624388,24471
3274,360.88434303496314,3770
3275,411.7350647362952,13928
3276,982.4427842621232,43492
3277,578.394011026842,16397
3278,405.499566724113,11434
3279,296.42135623731025,7682
3280,500.89653634378317,31533
3281,539.8843430349635,14112
3282,862.1240251292548,43878
3283,386.2619766708765,13859
3284,399.4335495461298,10347
3285,602.4234482783646,18568
3286,357.40411229460744,15979
3287,309.34523779156183,5089
3288,306.84776310850344,13216
3289,765.8914857099012,39390
3290,258.274169979696,2020
3291,402.6295090390239,2187
3292,550.256926036994,27337
3293,522.2914139223993,11611
3294,491.8061325481603,27218
3295,406.3574311003818,11152
3296,449.3624817342649,26374
3297,345.1320343559652,11522
3298,493.4751801064727,11502
3299,479.4335495461299,28846
3300,439.08535316173976,15468
3301,416.3452377915622,9933
3302,224.43860018001254,2477
3303,497.38686835190464,20918
3304,564.9919907732888,28464
3305,521.6955262170067,19529
3306,277.33304448274174,5224
3307,470.2396820942907,35454
3308,543.5340546095188,8713
3309,568.6660889654837,25709
3310,396.6833329081864,19193
3311,435.91378028648614,7094
3312,398.75945135393494,17656
3313,420.2152954766508,3843
3314,323.6883835420692,4906
3315,365.20310216783076,16950
3316,231.29646455628205,4705
3317,704.2691193458139,25655
3318,297.70562748477175,17339
3319,313.01428534987406,7076
3320,376.4802307403561,23377
3321,347.9310242291884,13920
3322,313.2741699796961,9881
3323,664.7026688919445,19337
3324,759.2051942088855,30833
3325,458.1513703397224,21726
3326,215.53910524340108,6060
3327,503.71277015971,17120
3328,385.8305191658004,10940
3329,461.1198410471453,26186
3330,393.6295090390237,15205
3331,650.3523804664993,25819
3332,442.2031021678311,19149
3333,579.5533905932757,15804
3334,435.65894629054657,20824
3335,627.0924958366775,63871
3336,407.2325394193535,23369
3337,466.95541084682844,16217
3338,613.7199128346474,18699
3339,184.9116882454314,2142
3340,287.8772003600259,2726
3341,370.60512242138367,12832
3342,932.2072862499405,53070
3343,267.9482681718915,3223
3344,467.7939392393406,15989
3345,660.0092347159917,38638
3346,340.4335495461303,13530
3347,236.89444430272852,3482
3348,698.6417023478442,13119
3349,457.4629867976532,10016
3350,321.36248173426475,18435
3351,621.8427124746206,45595
3352,688.3940110268422,56760
3353,429.97265478953153,16666
3354,248.80613254816004,5093
3355,892.8864350760183,34147
3356,698.163563648543,33714
3357,645.435641587185,49143
3358,420.1686142824254,14225
3359,629.5655839020961,18855
3360,217.3208511739215,1338
3361,632.7249634685297,20662
3362,388.8893936688457,30258
3363,369.7056274847724,21262
3364,344.8599564173235,14952
3365,815.3788591251941,44752
3366,435.90663761154923,30976
3367,580.8965363437836,16094
3368,311.1909088590109,8033
3369,301.7766952966375,20993
3370,631.6122650963221,37946
3371,312.14422766478515,6220
3372,482.41630560342765,20243
3373,414.3574311003819,5820
3374,442.3158005400393,10869
3375,656.9503602129462,26879
3376,432.2863632885165,12801
3377,519.0803025278572,15171
3378,344.7645019878177,25767
3379,309.4386001800131,4378
3380,740.3107499061567,38162
3381,448.2741699796959,21271
3382,294.11479041326214,16770
3383,246.26197667087598,1196
3384,275.1248916810279,17453
3385,882.3717164502568,40847
3386,562.3330444827418,16796
3387,238.4213562373098,7243
3388,430.36248173426475,14693
3389,587.8132752230981,68011
3390,603.9036790187207,26083
3391,302.835569799683,14266
3392,454.93102422918895,4732
3393,436.71782079359195,20273
3394,524.8914857099007,25942
3395,466.7716446627553,31226
3396,432.2081528017134,10706
3397,252.8233764908632,11489
3398,437.84271247462027,35669
3399,555.6883835420698,31776
3400,251.2792206135794,4697
3401,218.00714267493657,5066
3402,526.8427124746202,12790
3403,796.3595231414366,27819
3404,223.27922061357873,4948
3405,339.8772003600255,6943
3406,305.36248173426435,4180
3407,433.8721497261431,12378
3408,467.57063453597885,29765
3409,309.22539674441634,12701
3410,257.1248916810281,15373
3411,281.52186130069845,5390
3412,248.4629867976524,6600
3413,325.3208511739216,14855
3414,347.91883092036915,9923
3415,848.2712113868685,29349
3416,315.8477631085036,17161
3417,338.5168106668155,16211
3418,187.92388155425144,5200
3419,288.1370849898477,8639
3420,499.66608896548405,13465
3421,539.607214462439,22498
3422,387.5512985522208,16615
3423,289.51681066681533,6567
3424,737.447834896005,25650
3425,275.960461480711,8256
3426,468.88939366884597,11680
3427,894.986940139407,39328
3428,228.05382386916227,1056
3429,424.92597359530583,2494
3430,440.42849891224773,25287
3431,668.1442276647853,19623
3432,407.6639969244291,27881
3433,498.3401871576789,30714
3434,749.7909806465128,34650
3435,303.66399692442945,6585
3436,324.1909088590105,3268
3437,634.0092347159916,34322
3438,346.3036072312192,11831
3439,746.2123368838231,39589
3440,828.79812332145,48511
3441,287.01933598375666,8804
3442,645.5168106668157,19340
3443,261.81832585698044,10367
3444,299.0020920410542,3102
3445,531.7838379715747,26791
3446,399.40916292849033,6566
3447,352.33304448274197,7650
3448,358.9238815542516,12488
3449,253.07821048680225,10131
3450,559.1320343559655,33031
3451,284.85995641732325,3569
3452,723.0874452027945,25070
3453,418.62950903902396,17802
3454,520.0681092190375,27586
3455,541.6711395993667,12305
3456,491.30360723121925,21797
3457,311.75230867899785,28643
3458,982.4966081312854,39356
3459,401.98989873223405,13695
3460,300.3208511739218,2966
3461,371.1614716074879,5982
3462,314.4457428549501,17148
3463,424.629509039024,11339
3464,292.83556979968307,10428
3465,570.4751801064731,33047
3466,484.57063453597834,31403
3467,669.7249634685302,40101
3468,423.04372260139706,13302
3469,534.3523804664993,6348
3470,338.01933598375706,7803
3471,352.7766952966375,11024
3472,227.36753236814766,9005
3473,396.09040379562214,28866
3474,592.1736649163082,19925
3475,341.47518010647286,8928
3476,406.1736649163082,23158
3477,287.79393923934083,12042
3478,369.16147160748807,12745
3479,470.3036072312191,16385
3480,440.8650070512059,33707
3481,725.7321061434671,56004
3482,362.4507934888329,16235
3483,489.19300090006533,22873
3484,408.8010819142779,26945
3485,301.81832585698044,15656
3486,462.3523804664991,11823
3487,391.9137802864859,18234
3488,389.91378028648586,13050
3489,418.45079348883297,17757
3490,559.3940110268421,37287
3491,310.6051224213835,8062
3492,606.0853531617402,32267
3493,272.17871555019053,20840
3494,557.7493500861696,21037
3495,699.6488450227818,39784
3496,334.5584412271583,28221
3497,608.891485709901,43080
3498,525.2935059634538,23236
3499,532.3990616607248,39625
3500,310.88939366884574,1044
3501,347.43354954613017,6993
3502,771.5411972844557,53230
3503,545.5411972844555,17113
3504,665.4579361637703,23150
3505,628.3696244092022,30004
3506,450.8355697996831,13731
3507,425.12698372208257,7697
3508,470.17366491630776,11947
3509,552.5168106668159,24363
3510,564.2741699796965,20799
3511,596.7005768508899,24623
3512,338.4507934888328,3858
3513,455.1076477383255,16806
3514,639.2031021678313,39314
3515,304.77669529663785,3413
3516,391.00714267493754,28894
3517,406.3380951166248,14529
3518,493.3452377915619,16970
3519,860.0142853498745,37181
3520,381.279220613579,7330
3521,367.13708498984806,6924
3522,386.5462479183381,17535
3523,648.2173875177057,12409
3524,386.59292911256426,5444
3525,548.9310242291891,32122
3526,489.3919189857875,21401
3527,434.45079348883297,14222
3528,717.3868683519048,62557
3529,584.9604614807115,29006
3530,597.950360212946,35251
3531,319.1665222413711,7851
3532,365.5929291125639,6871
3533,559.5340546095189,17136
3534,841.9676041556492,49676
3535,520.1614716074882,26509
3536,519.6883835420699,21925
3537,367.06096654409987,7775
3538,504.97770542341465,26696
3539,562.4335495461302,42008
3540,279.764501987818,8024
3541,698.9432175380092,32001
3542,503.17366491630855,26220
3543,531.6295090390241,8610
3544,599.1930009000654,30872
3545,478.71782079359224,8331
3546,53.62741699796949,234
3547,687.5706345359788,39311
3548,637.6711395993667,20018
3549,537.4284989122474,36001
3550,524.5046173579959,16999
3551,453.41630560342753,44898
3552,402.6934341759521,13423
3553,449.10259710444257,14214
3554,492.1147904132625,36039
3555,599.2152954766507,22476
3556,561.842712474621,18424
3557,559.0559159102173,21577
3558,66.62741699796949,288
3559,689.0853531617405,48232
3560,414.93607486307144,9504
3561,821.3107499061566,44153
3562,271.68124086713215,4531
3563,507.35238046649926,16845
3564,643.7127701597097,39259
3565,355.2619766708764,12430
3566,787.9726547895318,76351
3567,704.9554108468292,38061
3568,1024.1635636485435,44642
3569,605.4579361637702,39442
3570,915.9259735953063,58938
3571,418.51681066681573,30931
3572,395.30865786510196,8829
3573,655.6000717875013,20078
3574,503.44574285495037,17922
3575,519.825468531918,7084
3576,804.2985565973369,63343
3577,541.4163056034275,16037
3578,490.754400720052,33959
3579,657.6000717875017,29230
3580,670.6833329081866,40859
3581,716.3645737753197,40960
3582,560.2447327281741,28968
3583,450.44574285495014,11861
3584,501.5462479183384,28135
3585,453.3919189857876,13460
3586,555.7178207935921,43447
3587,425.1564209736054,3658
3588,492.46298679765323,17774
3589,396.8477631085033,17385
3590,310.66399692442917,9048
3591,539.8965363437835,15776
3592,439.8183258569811,18343
3593,461.11984104714514,9978
3594,882.3107499061567,63942
3595,504.7401153701779,13606
3596,851.4406922210676,34091
3597,430.190908859011,10667
3598,451.32085117392194,28020
3599,799.4701294725901,67474
3600,978.9259735953065,35187
3601,129.42640687119277,1166
3602,505.41630560342753,4509
3603,359.9188309203688,15060
3604,594.2569260369938,26093
3605,379.7472580451147,15474
3606,506.60512242138407,17462
3607,75.52691193458118,563
3608,545.9188309203687,16625
3609,733.038671967515,64879
3610,435.6761902332495,15235
3611,429.8843430349631,14855
3612,435.906637611549,12268
3613,529.3208511739218,14894
3614,502.0315292925769,25876
3615,566.943217538009,30470
3616,436.3990616607245,13805
3617,406.38686835190475,11176
3618,374.0365799264596,8929
3619,662.7838379715752,33934
3620,777.7544007200528,49640
3621,313.88939366884557,9384
3622,538.9604614807113,21222
3623,119.49747468305829,1566
3624,617.788888605458,52838
3625,465.71782079359247,9919
3626,851.1686142824256,40535
3627,608.4579361637701,33693
3628,513.2691193458139,25532
3629,391.98989873223456,15938
3630,597.6467529817269,34648
3631,458.2792206135791,18274
3632,469.01933598375723,9106
3633,513.6761902332497,16916
3634,437.7838379715747,17537
3635,351.48023074035586,14477
3636,530.7056274847724,24019
3637,294.4629867976529,11140
3638,537.0904037956227,19280
3639,357.1248916810283,9945
3640,767.9970414071719,31708
3641,276.3919189857871,1454
3642,506.1736649163082,19162
3643,489.70562748477215,11031
3644,628.7300141024125,27349
3645,333.3208511739219,11491
3646,508.5096679918788,27174
3647,495.6467529817271,17040
3648,349.6639969244295,8053
3649,636.9310242291892,18853
3650,404.3330444827421,9348
3651,693.5117600329334,23598
3652,542.8132752230981,14958
3653,608.6295090390244,27387
3654,410.95541084682884,8757
3655,778.8204178980355,47235
3656,346.0193359837565,23412
3657,500.30360723121936,20606
3658,764.1391770309028,35083
3659,431.362481734265,16205
3660,573.7888886054582,28182
3661,538.0681092190371,16622
3662,390.0193359837571,10998
3663,446.88939366884614,10811
3664,591.7178207935925,27874
3665,683.0609665441,35074
3666,201.823376490863,4616
3667,436.47518010647286,14912
3668,313.6812408671322,3951
3669,405.19595949289373,14467
3670,519.6051224213841,19966
3671,435.2031021678309,21840
3672,473.39191898578775,13141
3673,544.5462479183386,23868
3674,661.6000717875012,46679
3675,636.7716446627554,24399
3676,458.8355697996832,13711
3677,480.4579361637704,12810
3678,346.4579361637699,9947
3679,498.46298679765283,20899
3680,799.6538956566641,37079
3681,837.6072144624392,21384
3682,437.8721497261433,16706
3683,459.1076477383254,18852
3684,519.3452377915619,29993
3685,528.1909088590106,35998
3686,426.75945135393516,25655
3687,564.5828278447988,4119
3688,616.5878784786812,35644
3689,477.73715677734964,5537
3690,473.605122421384,20391
3691,761.7422074112322,49812
3692,333.69343417595184,10338
3693,395.462986797653,11483
3694,819.2051942088858,37571
3695,420.66399692442934,17520
3696,496.6173157302041,30037
3697,627.0315292925775,12173
3698,425.63455967290645,15177
3699,581.0609665441001,43069
3700,517.9066376115488,19981
3701,657.7422074112327,41149
3702,396.1614716074879,1392
3703,562.9898987322347,23967
3704,749.1808075912458,25604
3705,354.1492782986682,11702
3706,692.548339959393,48985
3707,1258.6194077712594,78523
3708,384.3797256769672,30201
3709,567.6122650963213,16913
3710,597.0731598529198,25183
3711,447.1736649163083,19092
3712,580.4701294725905,33376
3713,429.22034611053374,22835
3714,458.53405460951836,19892
3715,546.4751801064731,4450
3716,526.6761902332494,30361
3717,367.9655121145941,7442
3718,622.2031021678309,24533
3719,671.7838379715755,31734
3720,488.8893936688459,8786
3721,833.4823227814109,52649
3722,300.60512242138367,8777
3723,591.3279938488591,40679
3724,261.13708498984823,7925
3725,454.09040379562265,20718
3726,485.65389565666413,24370
3727,755.9970414071719,40362
3728,425.3036072312194,20152
3729,731.9726547895319,49637
3730,454.3158005400398,25584
3731,575.4112549695446,43351
3732,399.8061325481605,14553
3733,539.3919189857877,51461
3734,684.1858582251284,29707
3735,548.8599564173235,27160
3736,858.8132752230981,61362
3737,576.3919189857875,21856
3738,658.2863632885167,16352
3739,459.74725804511525,11198
3740,645.1736649163083,46107
3741,441.23759005323626,6903
3742,490.3452377915622,15736
3743,431.031529292577,14142
3744,483.8772003600264,46534
3745,683.6467529817269,21980
3746,578.3746750430847,13272
3747,1282.3544725075549,75177
3748,632.4802307403561,76971
3749,984.8498551495583,75746
3750,473.24473272817363,14265
3751,472.2792206135794,16162
3752,664.185858225128,33823
3753,614.3746750430848,46171
3754,388.11984104714537,13394
3755,332.54624791833794,11779
3756,516.4751801064729,12476
3757,634.3868683519046,21653
3758,374.9310242291887,3362
3759,640.9259735953062,19357
3760,1043.7199128346472,43406
3761,744.0437226013973,46376
3762,443.06096654409953,19271
3763,800.3107499061567,53029
3764,593.7300141024125,19447
3765,739.0315292925774,44598
3766,243.53910524340114,5153
3767,763.1980515339482,46438
3768,427.0487732352798,14339
3769,472.8254685319177,8253
3770,519.1858582251285,16947
3771,613.7888886054582,19660
3772,555.6711395993668,27425
3773,1295.77373670381,65556
3774,792.5046173579959,57892
3775,615.4457428549505,25219
3776,506.69343417595246,15834
3777,398.7056274847722,15848
3778,371.5046173579953,15333
3779,342.13203435596535,6728
3780,489.75945135393545,10893
3781,506.59292911256426,30021
3782,462.4213562373096,22480
3783,604.7178207935923,29359
3784,429.4995667241128,13872
3785,492.2964645562821,10086
3786,646.0142853498745,28839
3787,361.6761902332493,6792
3788,596.4873734152932,19645
3789,324.3452377915618,3435
3790,405.8010819142777,11791
3791,611.7594513539353,16171
3792,704.5239533417529,46197
3793,505.32799384885914,38894
3794,107.98275605729683,329
3795,735.2396820942911,32232
3796,492.8183258569803,14910
3797,595.7716446627547,25143
3798,506.8599564173232,23807
3799,656.5756851698615,35249
3800,1270.4183976444826,69401
3801,397.86500705120625,19479
3802,696.7737367038097,25599
3803,440.78888860545754,19389
3804,446.31580054003945,15450
3805,511.0071426749373,29615
3806,431.45079348883314,10308
3807,436.36962440920183,15378
3808,656.9137802864864,24935
3809,703.1808075912456,23874
3810,476.8305191658005,25895
3811,425.0853531617396,17083
3812,514.634559672907,12113
3813,313.5634918610412,8320
3814,679.2985565973369,29643
3815,424.47518010647303,13053
3816,619.1370849898484,34505
3817,343.6467529817267,1387
3818,498.2152954766509,12882
3819,360.3746750430845,10089
3820,548.2447327281737,27648
3821,771.8376618407378,40446
3822,627.4356415871849,29502
3823,543.6538956566643,15580
3824,487.30865786510213,10495
3825,587.0731598529198,17919
3826,288.6812408671324,5415
3827,424.3919189857875,13798
3828,501.7178207935917,21126
3829,470.5340546095185,23720
3830,296.1787155501909,704
3831,695.5411972844556,22099
3832,321.80613254816006,10799
3833,673.3107499061571,17676
3834,646.0853531617402,37636
3835,374.06096654409964,9736
3836,434.97265478953153,11168
3837,878.6072144624391,60024
3838,743.2518754031112,43478
3839,417.0609665440996,26821
3840,475.9188309203691,13592
3841,613.6122650963214,27249
3842,318.68124086713243,7759
3843,537.3818177180219,11929
3844,344.2203461105333,13193
3845,621.9259735953063,22978
3846,545.7005768508899,19776
3847,571.8893936688461,36335
3848,495.0315292925772,13458
3849,466.5411972844559,15297
3850,596.8498551495577,47508
3851,882.854905783441,54841
3852,559.6833329081871,32408
3853,726.4457428549501,67799
3854,463.1787155501911,13240
3855,886.4701294725908,62784
3856,539.4112549695449,25867
3857,628.2863632885167,35390
3858,869.4528855298879,48096
3859,632.6051224213841,39432
3860,532.5634918610413,20096
3861,159.45584412271577,1168
3862,535.516810666816,16573
3863,573.9381669041262,20019
3864,742.6538956566643,36599
3865,591.475180106473,39089
3866,474.0020920410543,18256
3867,530.7960312803948,21127
3868,698.9137802864865,52458
3869,516.2792206135796,20415
3870,783.9015869776662,41776
3871,376.47518010647286,9380
3872,536.2224381515883,19541
3873,488.3208511739221,18739
3874,486.6467529817268,22396
3875,669.6417023478443,55203
3876,391.17871555019093,15076
3877,503.65180361560954,8232
3878,629.6417023478443,29871
3879,794.0264786586943,66325
3880,384.45793616376983,34821
3881,653.2152954766511,29217
3882,302.3086578651019,7166
3883,624.8670990922608,13337
3884,825.9015869776663,54147
3885,487.17871555019065,18562
3886,138.98275605729685,2314
3887,42.55634918610404,135
3888,394.68124086713215,4964
3889,466.6883835420695,23696
3890,376.30360723121936,14973
3891,314.0660171779824,2652
3892,471.61731573020415,22616
3893,252.55129855222108,4850
3894,390.27922061357924,13907
3895,445.87720036002634,22106
3896,762.8721497261438,28399
3897,845.7300141024125,58441
3898,435.91378028648586,28373
3899,50.94112549695428,47
3900,516.5290039756358,30042
3901,616.3158005400394,31378
3902,485.7178207935925,4742
3903,612.4751801064733,29113
3904,550.1686142824259,15831
3905,433.27416997969686,54191
3906,621.2863632885168,27588
3907,446.2152954766508,15740
3908,1263.322943214977,56181
3909,860.553390593276,38675
3910,611.6000717875014,27010
3911,471.6761902332496,16517
3912,459.19090885901096,13134
3913,772.1391770309026,35461
3914,1374.8448045156756,68956
3915,537.5168106668154,42420
3916,745.3452377915622,33357
3917,621.516810666816,35515
3918,384.75945135393476,19404
3919,450.3452377915616,17812
3920,644.9604614807117,38552
3921,495.0264786586944,25191
3922,603.8599564173234,24373
3923,530.7888886054579,21875
3924,486.0315292925772,18542
3925,395.22034611053374,11353
3926,614.9432175380093,21672
3927,773.8254685319181,26366
3928,492.37467504308484,33861
3929,537.5340546095183,16549
3930,128.99494936611654,883
3931,475.14422766478526,16860
3932,633.8721497261437,22895
3933,480.73506473629527,18629
3934,765.2325394193537,64040
3935,510.747258045115,10719
3936,456.1980515339483,4867
3937,356.7523086789978,12485
3938,643.7127701597096,37104
3939,469.48737341529295,16861
3940,562.9848480983517,29152
3941,620.7422074112325,20761
3942,785.1097397793803,34143
3943,507.3746750430846,13865
3944,421.9482681718913,12073
3945,703.8792924010811,48506
3946,415.4457428549503,12922
3947,396.15432893255064,1893
3948,617.2447327281739,31625
3949,329.63961030678934,10543
3950,419.30865786510185,5512
3951,778.0853531617402,59821
3952,538.0609665440998,13764
3953,382.27416997969647,13348
3954,451.9360748630716,9132
3955,436.9848480983514,20485
3956,370.6467529817263,13513
3957,646.7594513539352,36024
3958,552.796031280395,26874
3959,647.8549057834406,29890
3960,462.9015869776662,12636
3961,544.1320343559657,11763
3962,383.1076477383253,12895
3963,561.2031021678309,24644
3964,554.7300141024124,24265
3965,422.78174593052074,11224
3966,200.29646455628176,5996
3967,936.4945160902307,44953
3968,566.8010819142778,18925
3969,618.6295090390242,24612
3970,459.3036072312196,19681
3971,454.41630560342765,37428
3972,408.44574285495,11379
3973,172.91168824543155,2428
3974,347.5391052434012,15100
3975,192.99494936611705,1466
3976,388.735064736295,4643
3977,459.7228714274751,27157
3978,522.9482681718916,19691
3979,792.658946290547,46725
3980,599.9554108468293,40448
3981,825.8843430349636,32598
3982,634.9036790187206,29562
3983,876.4823227814106,76605
3984,483.60512242138384,4270
3985,454.5462479183385,10414
3986,597.5046173579959,29087
3987,510.6934341759521,13382
3988,488.6295090390241,37488
3989,583.4457428549504,11781
3990,694.6883835420695,25415
3991,470.227488785471,12947
3992,408.0487732352797,29980
3993,522.0487732352794,29101
3994,438.57568516986134,24960
3995,679.232539419354,44669
3996,571.5878784786814,44087
3997,474.74725804511513,20488
3998,325.11984104714503,5983
3999,553.0437226013972,13948
4000,598.6833329081876,18177
4001,529.759451353935,70776
4002,361.2325394193534,21045
4003,585.938166904127,29709
4004,449.47518010647264,38064
4005,495.24978336205675,74199
4006,440.64675298172654,19436
4007,513.7523086789977,17319
4008,538.1614716074882,67885
4009,763.4163056034281,38345
4010,550.5533905932754,38023
4011,443.85995641732313,2086
4012,434.19595949289356,46053
4013,593.9848480983514,30312
4014,623.7005768508902,69619
4015,538.2031021678312,47696
4016,486.5290039756358,17895
4017,455.0020920410543,29435
4018,502.12489168102843,72381
4019,538.0214280248115,19459
4020,597.4406922210673,35018
4021,375.8010819142779,4394
4022,369.37972567696755,15267
4023,615.6295090390239,110836
4024,581.0853531617404,44454
4025,391.68838354206935,1732
4026,395.31580054003945,12908
4027,364.1248916810282,3609
4028,679.4701294725901,63056
4029,456.7300141024127,36209
4030,335.5929291125635,18634
4031,423.7716446627554,39903
4032,352.32085117392216,18142
4033,343.6711395993668,8870
4034,512.2985565973366,2968
4035,552.950360212946,80871
4036,591.215295476651,42395
4037,472.1787155501911,32945
4038,715.8326112068556,100611
4039,388.4041122946075,24341
4040,545.0803025278572,29389
4041,708.3818177180228,91935
4042,683.440692221068,47298
4043,349.7472580451154,10562
4044,492.70057685088943,30620
4045,550.1442276647851,97686
4046,551.1248916810279,12671
4047,444.3675323681472,22661
4048,341.57568516986066,10027
4049,330.52186130069856,3647
4050,664.1879502661835,21890
4051,578.6173157302044,37260
4052,493.22539674441623,32937
4053,528.7766952966382,52807
4054,510.0437226013966,41492
4055,498.29646455628216,70088
4056,508.1564209736055,26878
4057,457.70562748477226,20453
4058,454.98275605729725,16081
4059,299.8944443027286,6136
4060,507.57568516986134,27094
4061,609.0904037956223,81360
4062,512.4213562373102,46707
4063,577.222438151588,27953
4064,351.9238815542518,18985
4065,449.9188309203691,22631
4066,657.1219330882004,57316
4067,584.3208511739224,37345
4068,578.837661840738,29912
4069,820.820417898036,161542
4070,531.9411254969546,68524
4071,399.40916292849,22037
4072,555.3086578651021,54605
4073,324.39191898578747,3861
4074,460.8843430349635,18376
4075,562.333044482742,23294
4076,356.9777054234145,21567
4077,423.28636328851593,16134
4078,512.4579361637706,16999
4079,723.5290039756364,99497
4080,366.0243866176395,45340
4081,373.3208511739213,27969
4082,400.6173157302036,19731
4083,525.4629867976525,8635
4084,481.95331880577453,46255
4085,537.6000717875015,14211
4086,344.33304448274157,11905
4087,347.9137802864857,15730
4088,488.0264786586942,68625
4089,629.979797464469,40242
4090,377.73001410241267,5013
4091,445.05382386916244,10670
4092,619.8254685319175,36716
4093,513.4579361637706,34778
4094,443.2914139223989,29298
4095,500.82337649086367,25039
4096,743.7422074112319,132216
4097,455.6345596729062,45096
4098,337.30865786510213,18351
4099,508.3696244092023,22605
4100,584.607214462439,26938
4101,538.9848480983516,27929
4102,624.607214462439,16819
4103,443.39191898578724,40311
4104,460.41630560342725,26764
4105,359.93607486307144,5655
4106,448.22748878547117,4200
4107,486.178715550191,69127
4108,499.95541084682907,26211
4109,342.2253967444165,8583
4110,611.9137802864864,42850
4111,517.6345596729066,60413
4112,402.81327522309766,19187
4113,319.0243866176397,7245
4114,393.7939392393408,30817
4115,829.2447327281741,107575
4116,599.8792924010804,122099
4117,713.6000717875011,54973
4118,382.86500705120557,37620
4119,425.333044482742,10822
4120,567.6101730552664,72321
4121,522.2031021678307,23427
4122,515.2741699796966,20499
4123,605.9238815542518,38930
4124,398.8893936688462,15987
4125,503.6883835420695,63403
4126,492.6711395993667,32571
4127,403.0731598529197,15454
4128,595.6000717875019,12906
4129,398.57063453597846,4560
4130,560.0315292925768,24252
4131,633.6782822743039,47719
4132,525.4163056034272,53023
4133,473.6934341759522,39812
4134,445.2081528017135,35557
4135,319.5807358037438,7480
4136,287.86500705120596,17006
4137,643.6295090390238,87211
4138,494.2325394193532,53493
4139,577.5533905932754,68532
4140,549.5634918610414,17178
4141,429.00209204105465,34245
4142,387.124891681028,16389
4143,472.52186130069833,38479
4144,323.96551211459416,20180
4145,385.5807358037441,18826
4146,578.0193359837576,109388
4147,797.1341263970204,49391
4148,675.269119345814,131297
4149,307.99494936611654,5964
4150,447.5340546095186,18358
4151,442.53405460951785,2749
4152,659.4062043356621,98472
4153,476.3624817342645,9567
4154,718.3523804664999,100344
4155,555.8893936688464,45046
4156,381.03152929257715,22298
4157,678.2173875177057,44825
4158,438.71782079359195,4060
4159,737.2274887854715,142067
4160,607.9087296526037,21369
4161,285.81832585698015,11228
4162,634.3502884254451,78911
4163,634.0041840821093,35763
4164,315.132034355965,7888
4165,526.2274887854717,9635
4166,558.4335495461306,54621
4167,585.7960312803957,17812
4168,554.2102448427686,48947
4169,463.55844122715797,52950
4170,480.1391770309023,25015
4171,649.9381669041261,93898
4172,486.1787155501906,23310
4173,660.1736649163088,38380
4174,534.2375900532363,36115
4175,460.5046173579954,42031
4176,471.4335495461307,73454
4177,554.357431100382,91354
4178,541.3523804664994,18888
4179,608.8944443027283,31472
4180,501.0264786586946,14128
4181,562.695526217007,39098
4182,309.60512242138344,14252
4183,544.1269837220825,48018
4184,424.71067811865487,34858
4185,417.982756057297,3482
4186,393.22034611053357,12165
4187,472.74220741123236,82345
4188,411.6589462905466,19873
4189,706.8914857099005,47289
4190,463.0487732352793,15345
4191,462.7594513539357,28432
4192,689.9848480983512,75417
4193,467.4629867976528,24254
4194,494.57063453597834,23155
4195,459.5218613006988,29356
4196,468.61226509632127,23165
4197,450.0264786586944,47754
4198,501.4924240491754,8194
4199,378.6518036156099,21269
4200,537.3158005400396,31897
4201,422.0904037956228,24883
4202,428.44574285494974,46282
4203,432.9482681718916,26187
4204,659.0752518939745,18765
4205,457.02647865869494,4365
4206,486.2813126546334,42124
4207,529.7766952966379,11656
4208,390.5807358037439,11920
4209,421.0243866176397,31365
4210,516.5929291125635,57378
4211,629.0803025278576,44192
4212,496.8132752230978,33075
4213,506.73001410241176,34352
4214,452.6295090390241,28152
4215,411.77164466275514,4674
4216,419.19090885901073,26518
4217,622.5533905932758,28591
4218,656.6711395993672,79743
4219,563.0609665440994,29503
4220,351.5929291125633,16388
4221,582.0853531617399,68283
4222,513.7817459305206,24967
4223,586.1219330882001,51751
4224,518.3279938488595,48828
4225,490.98989873223434,26926
4226,554.8822509939089,5592
4227,413.0954544295055,10774
4228,530.6000717875008,50219
4229,494.23253941935405,28484
4230,531.1686142824252,9576
4231,436.9848480983513,29905
4232,694.5117600329331,22669
4233,352.0071426749368,1895
4234,367.96046148071133,19444
4235,511.0437226013968,8568
4236,424.5290039756358,13149
4237,405.9655121145937,34901
4238,374.55129855222145,14134
4239,564.7056274847725,10381
4240,344.1198410471456,12625
4241,470.1564209736053,20759
4242,1257.4234482783652,59249
4243,418.7939392393407,8554
4244,626.7665940288723,35553
4245,341.48023074035535,13325
4246,419.30360723121953,6931
4247,542.2863632885161,61323
4248,638.8843430349639,23871
4249,374.2447327281737,2923
4250,422.17366491630804,12323
4251,647.8204178980353,121293
4252,625.4335495461298,73025
4253,580.5756851698607,69597
4254,531.2447327281733,34661
4255,643.801081914278,73557
4256,556.1370849898485,57252
4257,402.28636328851655,7949
4258,525.688383542069,59448
4259,353.5807358037436,1870
4260,380.1787155501908,22700
4261,371.18585822512836,4578
4262,370.00714267493674,11296
4263,457.39191898578787,15318
4264,364.5340546095184,3226
4265,433.2447327281735,20747
4266,599.6295090390245,21360
4267,536.7300141024118,29163
4268,432.4507934888327,4192
4269,345.16652224137067,3642
4270,477.1370849898476,63523
4271,491.06601717798253,15480
4272,459.516810666816,17337
4273,395.24978336205567,45201
4274,469.80108191427786,48114
4275,471.9116882454314,31538
4276,442.4751801064727,23512
4277,649.2274887854712,68132
4278,452.5807358037437,8079
4279,313.6639969244294,2407
4280,544.1930009000656,27497
4281,687.5462479183391,37695
4282,483.2325394193535,7135
4283,369.62950903902396,4931
4284,458.34523779156194,44366
4285,394.3036072312193,16151
4286,663.3380951166249,148582
4287,518.8893936688455,61735
4288,649.1391770309026,44661
4289,321.56349186104086,14644
4290,520.3818177180217,29363
4291,447.91883092036903,17901
4292,655.4945160902304,53148
4293,574.7472580451147,73485
4294,306.96551211459416,9085
4295,546.3401871576791,76831
4296,460.9137802864857,16687
4297,454.7422074112322,20158
4298,370.63961030678934,9165
4299,466.45079348883314,40124
4300,550.1370849898481,75960
4301,553.0020920410543,4647
4302,624.9604614807109,86646
4303,452.9482681718918,12642
4304,523.9970414071723,13772
4305,637.2152954766507,62609
4306,736.5950211536191,32304
4307,625.5706345359788,50112
4308,353.86500705120625,11294
4309,473.6711395993668,28592
4310,608.2569260369938,56399
4311,416.8183258569808,22365
4312,512.244732728174,26383
4313,558.9554108468293,60875
4314,420.4924240491752,18339
4315,520.1513703397225,42293
4316,514.3919189857869,37439
4317,505.0782104868021,33686
4318,512.7300141024127,21658
4319,579.43354954613,80652
4320,518.2985565973369,22571
4321,439.3868683519044,32715
4322,497.4041122946076,26461
4323,513.6000717875011,25619
4324,443.03152929257686,45654
4325,501.97265478953136,18564
4326,603.1147904132625,57573
4327,360.7228714274748,3955
4328,703.2051942088856,36577
4329,315.45079348883274,4832
4330,559.3351365237966,19049
4331,581.0315292925773,22145
4332,525.6244584051415,10567
4333,424.068109219037,5047
4334,494.07821048680205,14782
4335,626.972654789532,119732
4336,555.7766952966381,15172
4337,515.1442276647856,54236
4338,340.6812408671325,18224
4339,431.0731598529199,22251
4340,351.10259710444257,13436
4341,423.0243866176402,12241
4342,614.7615433949899,17195
4343,532.7594513539344,74384
4344,580.989898732234,46914
4345,318.4802307403554,14527
4346,678.4112549695453,33259
4347,535.394011026842,23650
4348,653.7909806465124,88203
4349,674.2102448427678,62784
4350,403.4213562373104,7259
4351,545.0243866176401,107782
4352,643.9898987322348,108711
4353,614.6833329081863,81130
4354,602.9259735953063,25692
4355,496.7350647362953,46826
4356,574.6417023478439,34057
4357,428.9310242291892,11377
4358,402.0071426749371,21080
4359,435.0853531617394,24302
4360,465.1808075912452,55710
4361,727.9381669041268,36824
4362,495.94321753800847,37368
4363,401.6883835420696,10896
4364,518.1320343559648,59008
4365,383.3208511739215,18531
4366,697.3818177180218,62871
4367,603.7838379715757,66835
4368,546.4112549695451,20621
4369,421.2792206135793,6628
4370,551.2914139223994,18444
4371,287.79393923934043,15946
4372,533.6295090390242,16485
4373,307.10764773832534,16710
4374,298.2375900532363,4507
4375,515.3990616607247,33366
4376,499.66904755831234,49302
4377,472.3330444827414,9242
4378,469.26197667087615,23066
4379,401.18585822512796,12445
4380,313.8355697996833,12430
4381,431.6761902332497,21629
4382,546.9482681718916,11593
4383,559.5168106668159,37765
4384,369.07821048680233,18200
4385,411.09545442950537,27495
4386,479.6173157302039,44025
4387,831.6883835420701,170999
4388,349.11269837220823,10655
4389,600.3401871576793,7632
4390,649.5533905932755,71443
4391,494.6518036156093,15141
4392,704.7960312803954,70126
4393,649.5411972844557,39278
4394,740.5016587651678,46079
4395,618.8843430349636,48929
4396,557.3452377915621,53150
4397,414.0020920410541,36733
4398,496.4284989122476,14417
4399,396.362481734264,32829
4400,538.3502884254449,30449
4401,650.3036072312193,15597
4402,649.4579361637698,65904
4403,489.71067811865504,50024
4404,586.8498551495584,70314
4405,610.0437226013972,89457
4406,339.90158697766594,4016
4407,506.52900397563604,8528
4408,626.8204178980357,33477
4409,647.3818177180219,25468
4410,676.0041840821088,35532
4411,412.2619766708766,28542
4412,469.2569260369936,4925
4413,510.05591591021675,81959
4414,562.8843430349636,33108
4415,546.7056274847718,27153
4416,662.7766952966383,74607
4417,444.58787847868155,22841
4418,671.5655839020958,54477
4419,587.9777054234147,34666
4420,374.9482681718916,34252
4421,433.1492782986676,27535
4422,494.41125496954476,30303
4423,519.9259735953065,50125
4424,789.7077195258267,25593
4425,515.4751801064735,29009
4426,890.8650070512065,132573
4427,478.6223663640867,25896
4428,429.8772003600262,34713
4429,604.4528855298875,48130
4430,482.78383797157545,18519
4431,927.7544007200524,153852
4432,438.88939366884597,27067
4433,513.9066376115486,3222
4434,505.6711395993663,55211
4435,635.9015869776657,31898
4436,455.66399692442997,75732
4437,512.4924240491753,7134
4438,433.806132548161,26390
4439,482.29141392239933,36198
4440,800.9970414071722,43334
4441,659.3523804664993,120535
4442,442.2497833620564,44539
4443,559.6761902332496,70733
4444,534.570634535979,60606
4445,636.7077195258271,6114
4446,328.274169979696,19812
4447,697.6538956566642,87043
4448,619.1858582251286,6635
4449,564.4873734152932,33254
4450,346.5584412271584,14311
4451,434.84776310850367,22991
4452,431.6639969244296,13642
4453,434.43354954613017,56845
4454,303.12489168102775,1138
4455,588.0437226013975,43097
4456,567.2152954766514,33148
4457,674.205194208886,14010
4458,571.1025971044422,38860
4459,457.722871427475,47338
4460,497.0975464705603,8039
4461,416.92388155425147,15939
4462,409.40411229460733,32272
4463,494.575685169861,20249
4464,419.54119728445573,4417
4465,474.09754647055985,16982
4466,426.92388155425147,36481
4467,451.86500705120585,9995
4468,633.7960312803954,68854
4469,576.3401871576791,49654
4470,465.98275605729737,24799
4471,498.8233764908636,4569
4472,510.50461735799536,13976
4473,422.2081528017135,23599
4474,571.8305191658002,34507
4475,651.4406922210674,89598
4476,645.1025971044426,102534
4477,442.6417023478439,15199
4478,385.0782104868024,9863
4479,384.357431100382,11715
4480,465.5218613006986,79028
4481,397.9604614807112,29404
4482,736.0904037956228,43640
4483,522.3502884254451,14537
4484,585.6366517139616,27265
4485,388.2497833620562,11612
4486,358.8305191658002,15021
4487,435.4701294725904,16087
4488,555.2152954766508,42841
4489,679.3940110268422,76266
4490,594.002092041054,40776
4491,518.8254685319177,20002
4492,411.13708498984766,30301
4493,357.6295090390242,8349
4494,573.9066376115492,67062
4495,497.0660171779828,15135
4496,439.37467504308455,21472
4497,453.97265478953176,19202
4498,394.5391052434011,15390
4499,470.0609665441,44064
4500,8534.291413922407,98214
4501,9343.06601717799,83920
4502,13095.190908859022,125930
4503,6672.190908859013,53477
4504,8356.622366364092,85308
4505,14533.634559672926,87099
4506,11177.688383542089,114490
4507,12510.793939239353,71393
4508,10969.102597104458,74043
4509,15755.78383797162,130175
4510,13033.060966544119,111929
4511,8404.220346110544,65081
4512,10338.894444302736,83704
4513,9942.86500705121,79846
4514,13290.989898732249,119997
4515,20060.097546470603,127323
4516,8677.480230740362,88063
4517,10048.320851173927,94929
4518,8134.717820793596,58679
4519,16669.440692221106,129981
4520,15412.457936163803,120940
4521,8079.3380951166255,67592
4522,9190.977705423433,99349
4523,13130.119841047162,95299
4524,16254.801081914313,120006
4525,11409.409162928496,53470
4526,9305.00714267494,74992
4527,11069.07821048681,107060
4528,8438.308657865105,82728
4529,9056.149278298668,56262
4530,12127.605122421397,112528
4531,9365.622366364094,71655
4532,10366.480230740364,63586
4533,14679.32799384889,124391
4534,15225.97265478955,127835
4535,15394.055915910254,130504
4536,14346.712770159742,128696
4537,13494.3919189858,105015
4538,7905.338095116628,68432
4539,15298.658946290567,104307
4540,17460.813275223118,103875
4541,9445.622366364096,72325
4542,9869.149278298682,93004
4543,15741.445742854965,124782
4544,16354.421356237326,87954
4545,15997.102597104466,115921
4546,9360.03657992647,90187
4547,17878.20310216785,117865
4548,11665.19090885902,100103
4549,14530.955410846846,107149
4550,12213.818325857002,104207
4551,14911.10259710447,120753
4552,9368.994949366126,55835
4553,9539.433549546142,89807
4554,13284.274169979704,126943
4555,12231.22034611055,94907
4556,9496.13708498986,67722
4557,12709.031529292593,115205
4558,19583.031529292606,105626
4559,11970.68838354209,121623
4560,12355.63455967292,80862
4561,18897.269119345834,120804
4562,13121.889393668864,98223
4563,9477.190908859018,71167
4564,15406.77669529666,101888
4565,14600.97770542343,88155
4566,10078.918830920382,100946
4567,11676.014285349887,85532
4568,13681.421356237326,75894
4569,6741.936074863075,96944
4570,14540.730014102437,117750
4571,17927.913780286508,114498
4572,6123.480230740354,75489
4573,5666.663996924429,68552
4574,7527.651803615612,70163
4575,16889.972654789555,108177
4576,12100.847763108519,127109
4577,17778.22748878551,124102
4578,11317.220346110542,101229
4579,7778.509667991886,60862
4580,12199.906637611559,95922
4581,10974.906637611557,101807
4582,10966.350288425456,91270
4583,9789.717820793596,56114
4584,8504.095454429505,62475
4585,6826.066017177985,74206
4586,12749.41630560344,126183
4587,10675.735064736302,81673
4588,11440.066017177993,83285
4589,14681.20310216786,115803
4590,10131.308657865113,65964
4591,8890.114790413274,92645
4592,7010.3502884254485,88037
4593,6941.438600180012,72436
4594,6938.320851173925,47241
4595,13770.274169979715,108449
4596,8857.617315730207,55280
4597,10447.362481734272,113979
4598,10795.989898732241,56746
4599,8089.551298552223,75832
4600,11928.01933598378,95409
4601,14526.813275223136,130300
4602,13821.475180106492,110605
4603,12411.977705423424,78705
4604,6601.989898732236,40484
4605,8218.036579926465,69215
4606,12114.705627484786,93249
4607,8796.52186130071,75149
4608,12455.279220613593,71175
4609,9016.279220613582,88411
4610,10406.433549546146,112344
4611,17018.097546470588,129666
4612,11915.818325856993,99973
4613,12622.676190233273,109700
4614,14190.989898732252,103952
4615,8760.036579926471,89731
4616,12913.95541084685,92848
4617,7886.090403795641,112276
4618,14583.31580054007,125296
4619,9284.63455967291,71158
4620,8383.764501987822,73066
4621,11991.705627484787,118925
4622,7685.338095116627,70940
4623,15958.386868351927,120590
4624,10839.59292911258,90953
4625,12334.190908859022,109213
4626,8937.267027304762,58064
4627,18883.859956417346,109637
4628,11600.989898732254,113881
4629,9638.066017177991,64080
4630,10780.10764773834,83021
4631,14142.487373415319,122931
4632,6800.705627484779,45302
4633,17346.94321753803,104646
4634,7792.2081528017225,76936
4635,12014.676190233273,101697
4636,14653.38686835192,118856
4637,8581.06601717799,80201
4638,13226.776695296652,105286
4639,9516.475180106487,61051
4640,16444.073159852935,116513
4641,12244.161471607506,101380
4642,9744.877200360037,90153
4643,12951.30360723123,86148
4644,14539.315800540055,95778
4645,8802.107647738332,99212
4646,12410.421356237326,105253
4647,9843.534054609534,99922
4648,9615.693434175964,77330
4649,12668.119841047152,120301
4650,6789.563491861039,49404
4651,9924.190908859013,72709
4652,12645.788888605468,92422
4653,7697.391918985793,86942
4654,9602.705627484784,103419
4655,12764.76450198783,73666
4656,9400.96046148072,51889
4657,13334.806132548176,91073
4658,15305.730014102435,122947
4659,11138.462986797666,94686
4660,10863.818325856997,80931
4661,16221.605122421404,90837
4662,8266.066017177984,87918
4663,7588.752308679002,77828
4664,12323.060966544112,93305
4665,8420.894444302734,65085
4666,11026.01933598378,103549
4667,20136.81327522314,125943
4668,8631.190908859026,109213
4669,8307.166522241378,79540
4670,12926.516810666826,90738
4671,9672.948268171898,67350
4672,8896.06601717799,73875
4673,6034.225396744417,37379
4674,21275.144227664823,111581
4675,11111.492424049187,93578
4676,11907.558441227167,70343
4677,14892.960461480732,123093
4678,13368.943217538043,116562
4679,12765.658946290558,99554
4680,10198.16652224138,59920
4681,15516.119841047157,108511
4682,8276.852813742393,49926
4683,14273.44069222111,130901
4684,14503.256926037027,126104
4685,17097.646752981742,99098
4686,13400.404112294624,112092
4687,5437.693434175952,82462
4688,11724.07821048681,80800
4689,8727.137084989863,75613
4690,18422.198051533993,127394
4691,7799.2203461105355,52224
4692,11383.83556979969,104367
4693,14597.256926037015,78621
4694,8967.338095116631,78974
4695,14121.847763108519,108399
4696,8655.345237791571,96643
4697,11623.77669529665,90534
4698,13120.178715550204,84613
4699,6085.923881554255,66269
4700,13346.114790413285,124360
4701,9357.717820793601,76778
4702,10025.391918985799,97518
4703,12191.019335983765,88591
4704,13981.215295476657,73993
4705,8702.521861300702,80590
4706,13402.901586977683,103568
4707,17935.35743110042,124913
4708,17932.52900397566,123312
4709,12344.87720036004,102020
4710,9101.048773235296,98360
4711,12133.516810666828,83517
4712,10972.693434175964,83021
4713,6468.195959492894,53296
4714,9173.178715550197,92099
4715,7125.722871427479,73039
4716,7028.989898732237,52877
4717,8746.705627484773,66269
4718,9479.291413922412,102309
4719,11882.516810666828,111881
4720,11146.433549546142,74824
4721,12059.676190233264,112775
4722,16639.07315985294,107122
4723,12568.060966544126,118897
4724,16515.98989873225,98051
4725,10665.989898732245,91472
4726,7729.5756851698625,61671
4727,15353.315800540073,115936
4728,18277.58787847871,111760
4729,13853.634559672922,91106
4730,11963.936074863086,87372
4731,12407.019335983769,110039
4732,8653.024386617648,65012
4733,19372.261976670903,92357
4734,7838.173664916314,65392
4735,7076.764501987815,74972
4736,10715.031529292588,73555
4737,9786.279220613593,73114
4738,8826.208152801717,69038
4739,14262.788888605477,123064
4740,6181.237590053237,67795
4741,14069.30360723124,119440
4742,13599.374675043104,105626
4743,11923.173664916325,79833
4744,17498.227488785495,113976
4745,15819.747258045132,121571
4746,16340.256926037033,129102
4747,12625.46298679767,87910
4748,6256.462986797653,46153
4749,14571.67619023327,103976
4750,14755.788888605482,107484
4751,13365.291413922416,92341
4752,9628.178715550199,100452
4753,8397.965512114602,71951
4754,14108.759451353957,115130
4755,19365.872149726176,119187
4756,22082.369624409243,126412
4757,8975.208152801715,97595
4758,15838.102597104462,130016
4759,5590.93607486307,89418
4760,8536.651803615614,67381
4761,16498.788888605486,107293
4762,7029.404112294607,58276
4763,15377.605122421406,91702
4764,7404.806132548165,87609
4765,8340.421356237312,60842
4766,16614.1147904133,121782
4767,16213.10259710447,113065
4768,11589.563491861047,95602
4769,15592.73001410244,124318
4770,15935.21529547668,119795
4771,10085.989898732247,58640
4772,15071.523953341799,131072
4773,12871.516810666826,98247
4774,9319.52186130071,83072
4775,6061.551298552223,69162
4776,8537.350288425449,77004
4777,8767.45079348884,83073
4778,8258.338095116633,68177
4779,13457.40411229463,104064
4780,12049.492424049186,90786
4781,8721.622366364096,84671
4782,11310.404112294626,83200
4783,9541.676190233273,111026
4784,10475.291413922401,94117
4785,15119.58282784484,130216
4786,19193.357431100405,123646
4787,11715.97265478955,108700
4788,8281.894444302734,85860
4789,8139.338095116631,61049
4790,11035.965512114602,72088
4791,8759.663996924435,78068
4792,9143.480230740362,68846
4793,12606.462986797675,105563
4794,13625.261976670896,121007
4795,9363.078210486812,88659
4796,14420.575685169872,128490
4797,8580.45079348884,75698
4798,18987.286363288546,126932
4799,13733.901586977696,120837
4800,9912.107647738334,74986
4801,11171.87720036004,95233
4802,9870.551298552231,71084
4803,10041.66399692444,81472
4804,10486.386868351925,124392
4805,14619.102597104473,108698
4806,8285.279220613582,78556
4807,10901.818325856995,89298
4808,8781.622366364092,84591
4809,8066.722871427477,67191
4810,14285.889393668866,115137
4811,11135.806132548169,96151
4812,7479.86500705121,66991
4813,6629.923881554254,61696
4814,16034.759451353955,121655
4815,18124.7544007201,130450
4816,12709.906637611562,83825
4817,14312.068109219048,121575
4818,7465.580735803746,86183
4819,7756.835569799687,96771
4820,17362.256926037022,122143
4821,20179.943217538024,128512
4822,7923.681240867137,61448
4823,10683.693434175964,73300
4824,11747.788888605477,114952
4825,14414.901586977692,118203
4826,14839.842712474641,90294
4827,7459.308657865098,75024
4828,20296.724963468554,119754
4829,7758.308657865107,72656
4830,13855.516810666839,118369
4831,19789.972654789563,115676
4832,13105.776695296656,104765
4833,11141.362481734282,89699
4834,10929.350288425456,83520
4835,8331.178715550192,54976
4836,10480.759451353955,124824
4837,20493.859956417353,105486
4838,8464.563491861045,62709
4839,19808.1147904133,121305
4840,8791.918830920376,64647
4841,15447.676190233273,99070
4842,7166.338095116632,65390
4843,20366.712770159735,128941
4844,17793.74220741127,126248
4845,11799.303607231242,101440
4846,7725.663996924441,96942
4847,20588.114790413296,118456
4848,7287.00714267494,70114
4849,8057.2792206135855,65522
4850,19828.203102167852,122609
4851,9084.89444430273,81573
4852,16256.801081914298,95163
4853,5744.409162928491,69924
4854,16340.203102167847,108500
4855,14981.374675043096,101061
4856,13457.286363288544,122958
4857,10290.80613254817,86685
4858,14133.989898732249,123230
4859,12851.534054609536,96551
4860,7299.13203435597,44873
4861,11717.291413922412,106925
4862,9127.421356237319,95219
4863,12050.232539419365,87682
4864,11362.516810666844,123227
4865,15748.759451353966,117166
4866,11752.03152929259,104105
4867,16189.582827844846,131267
4868,12956.3574311004,89421
4869,11964.676190233267,99684
4870,7569.509667991884,47924
4871,7224.551298552227,65792
4872,7517.835569799687,73407
4873,7390.007142674942,90486
4874,12019.44574285497,114169
4875,13647.646752981751,113447
4876,10668.70562748479,108285
4877,16194.984848098391,124751
4878,15075.185858225166,129894
4879,9079.249783362058,84782
4880,14733.676190233267,98552
4881,17660.08535316178,125104
4882,14754.085353161756,88813
4883,7293.847763108512,68690
4884,11226.818325856995,82271
4885,9462.965512114597,79754
4886,9373.693434175966,84743
4887,7385.296464556285,62908
4888,12824.960461480729,86066
4889,15655.203102167856,109240
4890,15681.847763108524,94730
4891,20187.683332908207,122363
4892,14005.759451353957,115165
4893,9411.504617358007,107192
4894,10236.066017177993,70633
4895,6740.49242404918,62155
4896,11319.906637611559,89861
4897,6445.994949366118,72110
4898,16547.97265478956,119086
4899,8665.776695296641,52362
4900,20558.788888605486,100634
4901,6080.409162928492,65372
4902,16580.570634536016,127220
4903,7287.119841047148,105642
4904,15573.3746750431,125396
4905,11867.688383542078,92248
4906,14390.433549546144,123492
4907,20372.75440072008,122805
4908,6918.994949366124,80698
4909,11300.19090885902,101424
4910,17522.68838354209,106875
4911,18747.646752981746,119631
4912,16244.771644662782,114513
4913,15193.09040379564,126993
4914,11149.350288425458,102153
4915,8386.249783362064,96389
4916,22968.558441227193,110656
4917,13538.889393668858,93584
4918,16682.090403795642,107077
4919,13074.102597104466,118917
4920,15348.244732728203,122173
4921,13434.30360723124,113842
4922,13914.913780286519,125929
4923,16566.428498912283,126503
4924,15811.504617358005,95026
4925,7698.982756057299,51773
4926,12492.220346110542,110006
4927,10868.977705423426,93314
4928,13567.433549546146,95472
4929,15360.712770159744,129247
4930,8051.793939239347,74240
4931,15962.54119728447,115134
4932,12736.717820793618,107546
4933,18874.043722601433,118531
4934,8467.793939239345,60149
4935,10809.107647738341,81027
4936,13993.759451353955,118378
4937,11134.320851173938,84838
4938,9833.906637611557,91416
4939,10823.8355697997,98703
4940,8701.421356237312,99427
4941,17560.84271247465,98000
4942,13549.261976670898,109433
4943,16260.198051533964,113860
4944,14910.806132548176,83582
4945,6622.66399692443,55291
4946,12276.220346110547,75707
4947,8161.87720036003,68840
4948,9057.01933598377,68333
4949,16462.88434303499,117583
4950,5610.237590053233,80579
4951,10838.847763108512,69151
4952,8328.421356237313,87736
4953,7120.8233764908655,71191
4954,14884.955410846846,95345
4955,17115.055915910245,108362
4956,6770.1787155501925,91914
4957,16067.416305603445,116004
4958,13866.475180106489,101060
4959,13021.847763108524,93731
4960,9685.793939239351,81552
4961,12005.735064736307,84547
4962,11793.63455967292,104816
4963,11682.735064736302,103564
4964,12742.173664916329,117122
4965,12576.735064736306,94219
4966,12218.918830920387,105748
4967,13805.93102422922,114534
4968,15612.901586977687,94046
4969,14457.475180106494,106589
4970,11986.918830920384,83969
4971,13879.23253941938,115882
4972,11143.73001410243,86287
4973,15534.41630560345,118895
4974,15049.031529292606,114822
4975,15596.747258045136,99582
4976,10309.1787155502,85787
4977,13905.877200360039,89828
4978,12926.6223663641,74985
4979,14114.918830920378,109941
4980,10596.190908859026,95142
4981,11662.007142674945,78803
4982,12298.315800540053,92567
4983,11142.989898732243,82363
4984,12577.475180106487,105777
4985,14937.558441227178,117866
4986,7695.462986797656,53517
4987,10125.989898732249,89358
4988,9976.747258045123,83337
4989,9153.681240867138,76605
4990,8777.55129855223,70879
4991,12325.94826817191,101399
4992,15611.663996924444,80112
4993,11226.764501987825,78345
4994,13785.84776310852,95252
4995,13806.303607231235,118970
4996,18136.08535316177,123411
4997,7349.178715550188,74261
4998,14500.090403795642,102028
4999,10583.450793488842,73930
